country_name,country_code,indicator_name,indicator_code,value,year,indicator_category,indicator_type
United Arab Emirates,ARE,Control of Corruption - Governance estimate (approx. -2.5 to +2.5),GOV_WGI_CC.EST,0.9199437,2015,Control of Corruption,estimate
United Arab Emirates,ARE,Control of Corruption - Governance estimate (approx. -2.5 to +2.5),GOV_WGI_CC.EST,0.9199437,2015,Control of Corruption,estimate
United Arab Emirates,ARE,Control of Corruption - Governance estimate (approx. -2.5 to +2.5),GOV_WGI_CC.EST,1.1064348,2016,Control of Corruption,estimate
United Arab Emirates,ARE,Control of Corruption - Governance estimate (approx. -2.5 to +2.5),GOV_WGI_CC.EST,1.1064348,2016,Control of Corruption,estimate
United Arab Emirates,ARE,Control of Corruption - Governance estimate (approx. -2.5 to +2.5),GOV_WGI_CC.EST,1.0762151,2017,Control of Corruption,estimate
United Arab Emirates,ARE,Control of Corruption - Governance estimate (approx. -2.5 to +2.5),GOV_WGI_CC.EST,1.0762151,2017,Control of Corruption,estimate
United Arab Emirates,ARE,Control of Corruption - Governance estimate (approx. -2.5 to +2.5),GOV_WGI_CC.EST,1.0948106,2018,Control of Corruption,estimate
United Arab Emirates,ARE,Control of Corruption - Governance estimate (approx. -2.5 to +2.5),GOV_WGI_CC.EST,1.0948106,2018,Control of Corruption,estimate
United Arab Emirates,ARE,Control of Corruption - Governance estimate (approx. -2.5 to +2.5),GOV_WGI_CC.EST,1.0878297,2019,Control of Corruption,estimate
United Arab Emirates,ARE,Control of Corruption - Governance estimate (approx. -2.5 to +2.5),GOV_WGI_CC.EST,1.0878297,2019,Control of Corruption,estimate
United Arab Emirates,ARE,Control of Corruption - Governance estimate (approx. -2.5 to +2.5),GOV_WGI_CC.EST,1.0614313,2020,Control of Corruption,estimate
United Arab Emirates,ARE,Control of Corruption - Governance estimate (approx. -2.5 to +2.5),GOV_WGI_CC.EST,1.0614313,2020,Control of Corruption,estimate
United Arab Emirates,ARE,Control of Corruption - Governance estimate (approx. -2.5 to +2.5),GOV_WGI_CC.EST,1.0349829,2021,Control of Corruption,estimate
United Arab Emirates,ARE,Control of Corruption - Governance estimate (approx. -2.5 to +2.5),GOV_WGI_CC.EST,1.0349829,2021,Control of Corruption,estimate
United Arab Emirates,ARE,Control of Corruption - Governance estimate (approx. -2.5 to +2.5),GOV_WGI_CC.EST,1.0223468,2022,Control of Corruption,estimate
United Arab Emirates,ARE,Control of Corruption - Governance estimate (approx. -2.5 to +2.5),GOV_WGI_CC.EST,1.0223468,2022,Control of Corruption,estimate
United Arab Emirates,ARE,Control of Corruption - Governance estimate (approx. -2.5 to +2.5),GOV_WGI_CC.EST,0.9918577,2023,Control of Corruption,estimate
United Arab Emirates,ARE,Control of Corruption - Governance estimate (approx. -2.5 to +2.5),GOV_WGI_CC.EST,0.9918577,2023,Control of Corruption,estimate
United Arab Emirates,ARE,Control of Corruption - Governance estimate (approx. -2.5 to +2.5),GOV_WGI_CC.EST,1.1702182,2024,Control of Corruption,estimate
United Arab Emirates,ARE,Control of Corruption - Governance estimate (approx. -2.5 to +2.5),GOV_WGI_CC.EST,1.1702182,2024,Control of Corruption,estimate
United Arab Emirates,ARE,Control of Corruption - Governance score (0-100),GOV_WGI_CC.SC,66.4758996,2015,Control of Corruption,score_0_100
United Arab Emirates,ARE,Control of Corruption - Governance score (0-100),GOV_WGI_CC.SC,66.4758996,2015,Control of Corruption,score_0_100
United Arab Emirates,ARE,Control of Corruption - Governance score (0-100),GOV_WGI_CC.SC,70.2507657,2016,Control of Corruption,score_0_100
United Arab Emirates,ARE,Control of Corruption - Governance score (0-100),GOV_WGI_CC.SC,70.2507657,2016,Control of Corruption,score_0_100
United Arab Emirates,ARE,Control of Corruption - Governance score (0-100),GOV_WGI_CC.SC,69.6390726,2017,Control of Corruption,score_0_100
United Arab Emirates,ARE,Control of Corruption - Governance score (0-100),GOV_WGI_CC.SC,69.6390726,2017,Control of Corruption,score_0_100
United Arab Emirates,ARE,Control of Corruption - Governance score (0-100),GOV_WGI_CC.SC,70.015474,2018,Control of Corruption,score_0_100
United Arab Emirates,ARE,Control of Corruption - Governance score (0-100),GOV_WGI_CC.SC,70.015474,2018,Control of Corruption,score_0_100
United Arab Emirates,ARE,Control of Corruption - Governance score (0-100),GOV_WGI_CC.SC,69.8741699,2019,Control of Corruption,score_0_100
United Arab Emirates,ARE,Control of Corruption - Governance score (0-100),GOV_WGI_CC.SC,69.8741699,2019,Control of Corruption,score_0_100
United Arab Emirates,ARE,Control of Corruption - Governance score (0-100),GOV_WGI_CC.SC,69.3398258,2020,Control of Corruption,score_0_100
United Arab Emirates,ARE,Control of Corruption - Governance score (0-100),GOV_WGI_CC.SC,69.3398258,2020,Control of Corruption,score_0_100
United Arab Emirates,ARE,Control of Corruption - Governance score (0-100),GOV_WGI_CC.SC,68.8044696,2021,Control of Corruption,score_0_100
United Arab Emirates,ARE,Control of Corruption - Governance score (0-100),GOV_WGI_CC.SC,68.8044696,2021,Control of Corruption,score_0_100
United Arab Emirates,ARE,Control of Corruption - Governance score (0-100),GOV_WGI_CC.SC,68.5486955,2022,Control of Corruption,score_0_100
United Arab Emirates,ARE,Control of Corruption - Governance score (0-100),GOV_WGI_CC.SC,68.5486955,2022,Control of Corruption,score_0_100
United Arab Emirates,ARE,Control of Corruption - Governance score (0-100),GOV_WGI_CC.SC,67.9315494,2023,Control of Corruption,score_0_100
United Arab Emirates,ARE,Control of Corruption - Governance score (0-100),GOV_WGI_CC.SC,67.9315494,2023,Control of Corruption,score_0_100
United Arab Emirates,ARE,Control of Corruption - Governance score (0-100),GOV_WGI_CC.SC,71.5418396,2024,Control of Corruption,score_0_100
United Arab Emirates,ARE,Control of Corruption - Governance score (0-100),GOV_WGI_CC.SC,71.5418396,2024,Control of Corruption,score_0_100
United Arab Emirates,ARE,Government Effectiveness - Governance estimate (approx. -2.5 to +2.5),GOV_WGI_GE.EST,1.4040254,2015,Government Effectiveness,estimate
United Arab Emirates,ARE,Government Effectiveness - Governance estimate (approx. -2.5 to +2.5),GOV_WGI_GE.EST,1.4040254,2015,Government Effectiveness,estimate
United Arab Emirates,ARE,Government Effectiveness - Governance estimate (approx. -2.5 to +2.5),GOV_WGI_GE.EST,1.4113666,2016,Government Effectiveness,estimate
United Arab Emirates,ARE,Government Effectiveness - Governance estimate (approx. -2.5 to +2.5),GOV_WGI_GE.EST,1.4113666,2016,Government Effectiveness,estimate
United Arab Emirates,ARE,Government Effectiveness - Governance estimate (approx. -2.5 to +2.5),GOV_WGI_GE.EST,1.3782191,2017,Government Effectiveness,estimate
United Arab Emirates,ARE,Government Effectiveness - Governance estimate (approx. -2.5 to +2.5),GOV_WGI_GE.EST,1.3782191,2017,Government Effectiveness,estimate
United Arab Emirates,ARE,Government Effectiveness - Governance estimate (approx. -2.5 to +2.5),GOV_WGI_GE.EST,1.4114572,2018,Government Effectiveness,estimate
United Arab Emirates,ARE,Government Effectiveness - Governance estimate (approx. -2.5 to +2.5),GOV_WGI_GE.EST,1.4114572,2018,Government Effectiveness,estimate
United Arab Emirates,ARE,Government Effectiveness - Governance estimate (approx. -2.5 to +2.5),GOV_WGI_GE.EST,1.3982083,2019,Government Effectiveness,estimate
United Arab Emirates,ARE,Government Effectiveness - Governance estimate (approx. -2.5 to +2.5),GOV_WGI_GE.EST,1.3982083,2019,Government Effectiveness,estimate
United Arab Emirates,ARE,Government Effectiveness - Governance estimate (approx. -2.5 to +2.5),GOV_WGI_GE.EST,1.0036502,2020,Government Effectiveness,estimate
United Arab Emirates,ARE,Government Effectiveness - Governance estimate (approx. -2.5 to +2.5),GOV_WGI_GE.EST,1.0036502,2020,Government Effectiveness,estimate
United Arab Emirates,ARE,Government Effectiveness - Governance estimate (approx. -2.5 to +2.5),GOV_WGI_GE.EST,1.0744083,2021,Government Effectiveness,estimate
United Arab Emirates,ARE,Government Effectiveness - Governance estimate (approx. -2.5 to +2.5),GOV_WGI_GE.EST,1.0744083,2021,Government Effectiveness,estimate
United Arab Emirates,ARE,Government Effectiveness - Governance estimate (approx. -2.5 to +2.5),GOV_WGI_GE.EST,1.133184,2022,Government Effectiveness,estimate
United Arab Emirates,ARE,Government Effectiveness - Governance estimate (approx. -2.5 to +2.5),GOV_WGI_GE.EST,1.133184,2022,Government Effectiveness,estimate
United Arab Emirates,ARE,Government Effectiveness - Governance estimate (approx. -2.5 to +2.5),GOV_WGI_GE.EST,1.3100836,2023,Government Effectiveness,estimate
United Arab Emirates,ARE,Government Effectiveness - Governance estimate (approx. -2.5 to +2.5),GOV_WGI_GE.EST,1.3100836,2023,Government Effectiveness,estimate
United Arab Emirates,ARE,Government Effectiveness - Governance estimate (approx. -2.5 to +2.5),GOV_WGI_GE.EST,1.2599659,2024,Government Effectiveness,estimate
United Arab Emirates,ARE,Government Effectiveness - Governance estimate (approx. -2.5 to +2.5),GOV_WGI_GE.EST,1.2599659,2024,Government Effectiveness,estimate
United Arab Emirates,ARE,Government Effectiveness - Governance score (0-100),GOV_WGI_GE.SC,78.6403765,2015,Government Effectiveness,score_0_100
United Arab Emirates,ARE,Government Effectiveness - Governance score (0-100),GOV_WGI_GE.SC,78.6403765,2015,Government Effectiveness,score_0_100
United Arab Emirates,ARE,Government Effectiveness - Governance score (0-100),GOV_WGI_GE.SC,78.783119,2016,Government Effectiveness,score_0_100
United Arab Emirates,ARE,Government Effectiveness - Governance score (0-100),GOV_WGI_GE.SC,78.783119,2016,Government Effectiveness,score_0_100
United Arab Emirates,ARE,Government Effectiveness - Governance score (0-100),GOV_WGI_GE.SC,78.1385983,2017,Government Effectiveness,score_0_100
United Arab Emirates,ARE,Government Effectiveness - Governance score (0-100),GOV_WGI_GE.SC,78.1385983,2017,Government Effectiveness,score_0_100
United Arab Emirates,ARE,Government Effectiveness - Governance score (0-100),GOV_WGI_GE.SC,78.7848806,2018,Government Effectiveness,score_0_100
United Arab Emirates,ARE,Government Effectiveness - Governance score (0-100),GOV_WGI_GE.SC,78.7848806,2018,Government Effectiveness,score_0_100
United Arab Emirates,ARE,Government Effectiveness - Governance score (0-100),GOV_WGI_GE.SC,78.5272687,2019,Government Effectiveness,score_0_100
United Arab Emirates,ARE,Government Effectiveness - Governance score (0-100),GOV_WGI_GE.SC,78.5272687,2019,Government Effectiveness,score_0_100
United Arab Emirates,ARE,Government Effectiveness - Governance score (0-100),GOV_WGI_GE.SC,70.8554731,2020,Government Effectiveness,score_0_100
United Arab Emirates,ARE,Government Effectiveness - Governance score (0-100),GOV_WGI_GE.SC,70.8554731,2020,Government Effectiveness,score_0_100
United Arab Emirates,ARE,Government Effectiveness - Governance score (0-100),GOV_WGI_GE.SC,72.231295,2021,Government Effectiveness,score_0_100
United Arab Emirates,ARE,Government Effectiveness - Governance score (0-100),GOV_WGI_GE.SC,72.231295,2021,Government Effectiveness,score_0_100
United Arab Emirates,ARE,Government Effectiveness - Governance score (0-100),GOV_WGI_GE.SC,73.3741309,2022,Government Effectiveness,score_0_100
United Arab Emirates,ARE,Government Effectiveness - Governance score (0-100),GOV_WGI_GE.SC,73.3741309,2022,Government Effectiveness,score_0_100
United Arab Emirates,ARE,Government Effectiveness - Governance score (0-100),GOV_WGI_GE.SC,76.8137703,2023,Government Effectiveness,score_0_100
United Arab Emirates,ARE,Government Effectiveness - Governance score (0-100),GOV_WGI_GE.SC,76.8137703,2023,Government Effectiveness,score_0_100
United Arab Emirates,ARE,Government Effectiveness - Governance score (0-100),GOV_WGI_GE.SC,75.8392807,2024,Government Effectiveness,score_0_100
United Arab Emirates,ARE,Government Effectiveness - Governance score (0-100),GOV_WGI_GE.SC,75.8392807,2024,Government Effectiveness,score_0_100
United Arab Emirates,ARE,Political Stability - Governance estimate (approx. -2.5 to +2.5),GOV_WGI_PV.EST,0.8382509,2015,Political Stability,estimate
United Arab Emirates,ARE,Political Stability - Governance estimate (approx. -2.5 to +2.5),GOV_WGI_PV.EST,0.8382509,2015,Political Stability,estimate
United Arab Emirates,ARE,Political Stability - Governance estimate (approx. -2.5 to +2.5),GOV_WGI_PV.EST,0.6925969,2016,Political Stability,estimate
United Arab Emirates,ARE,Political Stability - Governance estimate (approx. -2.5 to +2.5),GOV_WGI_PV.EST,0.6925969,2016,Political Stability,estimate
United Arab Emirates,ARE,Political Stability - Governance estimate (approx. -2.5 to +2.5),GOV_WGI_PV.EST,0.7192871,2017,Political Stability,estimate
United Arab Emirates,ARE,Political Stability - Governance estimate (approx. -2.5 to +2.5),GOV_WGI_PV.EST,0.7192871,2017,Political Stability,estimate
United Arab Emirates,ARE,Political Stability - Governance estimate (approx. -2.5 to +2.5),GOV_WGI_PV.EST,0.8336611,2018,Political Stability,estimate
United Arab Emirates,ARE,Political Stability - Governance estimate (approx. -2.5 to +2.5),GOV_WGI_PV.EST,0.8336611,2018,Political Stability,estimate
United Arab Emirates,ARE,Political Stability - Governance estimate (approx. -2.5 to +2.5),GOV_WGI_PV.EST,0.8295526,2019,Political Stability,estimate
United Arab Emirates,ARE,Political Stability - Governance estimate (approx. -2.5 to +2.5),GOV_WGI_PV.EST,0.8295526,2019,Political Stability,estimate
United Arab Emirates,ARE,Political Stability - Governance estimate (approx. -2.5 to +2.5),GOV_WGI_PV.EST,0.826942,2020,Political Stability,estimate
United Arab Emirates,ARE,Political Stability - Governance estimate (approx. -2.5 to +2.5),GOV_WGI_PV.EST,0.826942,2020,Political Stability,estimate
United Arab Emirates,ARE,Political Stability - Governance estimate (approx. -2.5 to +2.5),GOV_WGI_PV.EST,0.839581,2021,Political Stability,estimate
United Arab Emirates,ARE,Political Stability - Governance estimate (approx. -2.5 to +2.5),GOV_WGI_PV.EST,0.839581,2021,Political Stability,estimate
United Arab Emirates,ARE,Political Stability - Governance estimate (approx. -2.5 to +2.5),GOV_WGI_PV.EST,0.883216,2022,Political Stability,estimate
United Arab Emirates,ARE,Political Stability - Governance estimate (approx. -2.5 to +2.5),GOV_WGI_PV.EST,0.883216,2022,Political Stability,estimate
United Arab Emirates,ARE,Political Stability - Governance estimate (approx. -2.5 to +2.5),GOV_WGI_PV.EST,0.7829523,2023,Political Stability,estimate
United Arab Emirates,ARE,Political Stability - Governance estimate (approx. -2.5 to +2.5),GOV_WGI_PV.EST,0.7829523,2023,Political Stability,estimate
United Arab Emirates,ARE,Political Stability - Governance estimate (approx. -2.5 to +2.5),GOV_WGI_PV.EST,0.7886704,2024,Political Stability,estimate
United Arab Emirates,ARE,Political Stability - Governance estimate (approx. -2.5 to +2.5),GOV_WGI_PV.EST,0.7886704,2024,Political Stability,estimate
United Arab Emirates,ARE,Political Stability - Governance score (0-100),GOV_WGI_PV.SC,80.2130602,2015,Political Stability,score_0_100
United Arab Emirates,ARE,Political Stability - Governance score (0-100),GOV_WGI_PV.SC,80.2130602,2015,Political Stability,score_0_100
United Arab Emirates,ARE,Political Stability - Governance score (0-100),GOV_WGI_PV.SC,77.7250567,2016,Political Stability,score_0_100
United Arab Emirates,ARE,Political Stability - Governance score (0-100),GOV_WGI_PV.SC,77.7250567,2016,Political Stability,score_0_100
United Arab Emirates,ARE,Political Stability - Governance score (0-100),GOV_WGI_PV.SC,78.1809681,2017,Political Stability,score_0_100
United Arab Emirates,ARE,Political Stability - Governance score (0-100),GOV_WGI_PV.SC,78.1809681,2017,Political Stability,score_0_100
United Arab Emirates,ARE,Political Stability - Governance score (0-100),GOV_WGI_PV.SC,80.134659,2018,Political Stability,score_0_100
United Arab Emirates,ARE,Political Stability - Governance score (0-100),GOV_WGI_PV.SC,80.134659,2018,Political Stability,score_0_100
United Arab Emirates,ARE,Political Stability - Governance score (0-100),GOV_WGI_PV.SC,80.0644793,2019,Political Stability,score_0_100
United Arab Emirates,ARE,Political Stability - Governance score (0-100),GOV_WGI_PV.SC,80.0644793,2019,Political Stability,score_0_100
United Arab Emirates,ARE,Political Stability - Governance score (0-100),GOV_WGI_PV.SC,80.0198861,2020,Political Stability,score_0_100
United Arab Emirates,ARE,Political Stability - Governance score (0-100),GOV_WGI_PV.SC,80.0198861,2020,Political Stability,score_0_100
United Arab Emirates,ARE,Political Stability - Governance score (0-100),GOV_WGI_PV.SC,80.2357804,2021,Political Stability,score_0_100
United Arab Emirates,ARE,Political Stability - Governance score (0-100),GOV_WGI_PV.SC,80.2357804,2021,Political Stability,score_0_100
United Arab Emirates,ARE,Political Stability - Governance score (0-100),GOV_WGI_PV.SC,80.981136,2022,Political Stability,score_0_100
United Arab Emirates,ARE,Political Stability - Governance score (0-100),GOV_WGI_PV.SC,80.981136,2022,Political Stability,score_0_100
United Arab Emirates,ARE,Political Stability - Governance score (0-100),GOV_WGI_PV.SC,79.2684716,2023,Political Stability,score_0_100
United Arab Emirates,ARE,Political Stability - Governance score (0-100),GOV_WGI_PV.SC,79.2684716,2023,Political Stability,score_0_100
United Arab Emirates,ARE,Political Stability - Governance score (0-100),GOV_WGI_PV.SC,79.3661459,2024,Political Stability,score_0_100
United Arab Emirates,ARE,Political Stability - Governance score (0-100),GOV_WGI_PV.SC,79.3661459,2024,Political Stability,score_0_100
United Arab Emirates,ARE,Rule of Law - Governance estimate (approx. -2.5 to +2.5),GOV_WGI_RL.EST,0.3509975,2015,Rule of Law,estimate
United Arab Emirates,ARE,Rule of Law - Governance estimate (approx. -2.5 to +2.5),GOV_WGI_RL.EST,0.3509975,2015,Rule of Law,estimate
United Arab Emirates,ARE,Rule of Law - Governance estimate (approx. -2.5 to +2.5),GOV_WGI_RL.EST,0.4205051,2016,Rule of Law,estimate
United Arab Emirates,ARE,Rule of Law - Governance estimate (approx. -2.5 to +2.5),GOV_WGI_RL.EST,0.4205051,2016,Rule of Law,estimate
United Arab Emirates,ARE,Rule of Law - Governance estimate (approx. -2.5 to +2.5),GOV_WGI_RL.EST,0.3834887,2017,Rule of Law,estimate
United Arab Emirates,ARE,Rule of Law - Governance estimate (approx. -2.5 to +2.5),GOV_WGI_RL.EST,0.3834887,2017,Rule of Law,estimate
United Arab Emirates,ARE,Rule of Law - Governance estimate (approx. -2.5 to +2.5),GOV_WGI_RL.EST,0.3893195,2018,Rule of Law,estimate
United Arab Emirates,ARE,Rule of Law - Governance estimate (approx. -2.5 to +2.5),GOV_WGI_RL.EST,0.3893195,2018,Rule of Law,estimate
United Arab Emirates,ARE,Rule of Law - Governance estimate (approx. -2.5 to +2.5),GOV_WGI_RL.EST,0.4262682,2019,Rule of Law,estimate
United Arab Emirates,ARE,Rule of Law - Governance estimate (approx. -2.5 to +2.5),GOV_WGI_RL.EST,0.4262682,2019,Rule of Law,estimate
United Arab Emirates,ARE,Rule of Law - Governance estimate (approx. -2.5 to +2.5),GOV_WGI_RL.EST,0.3974987,2020,Rule of Law,estimate
United Arab Emirates,ARE,Rule of Law - Governance estimate (approx. -2.5 to +2.5),GOV_WGI_RL.EST,0.3974987,2020,Rule of Law,estimate
United Arab Emirates,ARE,Rule of Law - Governance estimate (approx. -2.5 to +2.5),GOV_WGI_RL.EST,0.338504,2021,Rule of Law,estimate
United Arab Emirates,ARE,Rule of Law - Governance estimate (approx. -2.5 to +2.5),GOV_WGI_RL.EST,0.338504,2021,Rule of Law,estimate
United Arab Emirates,ARE,Rule of Law - Governance estimate (approx. -2.5 to +2.5),GOV_WGI_RL.EST,0.409903,2022,Rule of Law,estimate
United Arab Emirates,ARE,Rule of Law - Governance estimate (approx. -2.5 to +2.5),GOV_WGI_RL.EST,0.409903,2022,Rule of Law,estimate
United Arab Emirates,ARE,Rule of Law - Governance estimate (approx. -2.5 to +2.5),GOV_WGI_RL.EST,0.4492886,2023,Rule of Law,estimate
United Arab Emirates,ARE,Rule of Law - Governance estimate (approx. -2.5 to +2.5),GOV_WGI_RL.EST,0.4492886,2023,Rule of Law,estimate
United Arab Emirates,ARE,Rule of Law - Governance estimate (approx. -2.5 to +2.5),GOV_WGI_RL.EST,0.4968448,2024,Rule of Law,estimate
United Arab Emirates,ARE,Rule of Law - Governance estimate (approx. -2.5 to +2.5),GOV_WGI_RL.EST,0.4968448,2024,Rule of Law,estimate
United Arab Emirates,ARE,Rule of Law - Governance score (0-100),GOV_WGI_RL.SC,63.0056242,2015,Rule of Law,score_0_100
United Arab Emirates,ARE,Rule of Law - Governance score (0-100),GOV_WGI_RL.SC,63.0056242,2015,Rule of Law,score_0_100
United Arab Emirates,ARE,Rule of Law - Governance score (0-100),GOV_WGI_RL.SC,64.2018989,2016,Rule of Law,score_0_100
United Arab Emirates,ARE,Rule of Law - Governance score (0-100),GOV_WGI_RL.SC,64.2018989,2016,Rule of Law,score_0_100
United Arab Emirates,ARE,Rule of Law - Governance score (0-100),GOV_WGI_RL.SC,63.5648206,2017,Rule of Law,score_0_100
United Arab Emirates,ARE,Rule of Law - Governance score (0-100),GOV_WGI_RL.SC,63.5648206,2017,Rule of Law,score_0_100
United Arab Emirates,ARE,Rule of Law - Governance score (0-100),GOV_WGI_RL.SC,63.6651728,2018,Rule of Law,score_0_100
United Arab Emirates,ARE,Rule of Law - Governance score (0-100),GOV_WGI_RL.SC,63.6651728,2018,Rule of Law,score_0_100
United Arab Emirates,ARE,Rule of Law - Governance score (0-100),GOV_WGI_RL.SC,64.3010859,2019,Rule of Law,score_0_100
United Arab Emirates,ARE,Rule of Law - Governance score (0-100),GOV_WGI_RL.SC,64.3010859,2019,Rule of Law,score_0_100
United Arab Emirates,ARE,Rule of Law - Governance score (0-100),GOV_WGI_RL.SC,63.8059426,2020,Rule of Law,score_0_100
United Arab Emirates,ARE,Rule of Law - Governance score (0-100),GOV_WGI_RL.SC,63.8059426,2020,Rule of Law,score_0_100
United Arab Emirates,ARE,Rule of Law - Governance score (0-100),GOV_WGI_RL.SC,62.7906023,2021,Rule of Law,score_0_100
United Arab Emirates,ARE,Rule of Law - Governance score (0-100),GOV_WGI_RL.SC,62.7906023,2021,Rule of Law,score_0_100
United Arab Emirates,ARE,Rule of Law - Governance score (0-100),GOV_WGI_RL.SC,64.0194293,2022,Rule of Law,score_0_100
United Arab Emirates,ARE,Rule of Law - Governance score (0-100),GOV_WGI_RL.SC,64.0194293,2022,Rule of Law,score_0_100
United Arab Emirates,ARE,Rule of Law - Governance score (0-100),GOV_WGI_RL.SC,64.6972832,2023,Rule of Law,score_0_100
United Arab Emirates,ARE,Rule of Law - Governance score (0-100),GOV_WGI_RL.SC,64.6972832,2023,Rule of Law,score_0_100
United Arab Emirates,ARE,Rule of Law - Governance score (0-100),GOV_WGI_RL.SC,65.5157588,2024,Rule of Law,score_0_100
United Arab Emirates,ARE,Rule of Law - Governance score (0-100),GOV_WGI_RL.SC,65.5157588,2024,Rule of Law,score_0_100
Djibouti,DJI,Control of Corruption - Governance estimate (approx. -2.5 to +2.5),GOV_WGI_CC.EST,-0.7297316,2015,Control of Corruption,estimate
Djibouti,DJI,Control of Corruption - Governance estimate (approx. -2.5 to +2.5),GOV_WGI_CC.EST,-0.7297316,2015,Control of Corruption,estimate
Djibouti,DJI,Control of Corruption - Governance estimate (approx. -2.5 to +2.5),GOV_WGI_CC.EST,-0.7112911,2016,Control of Corruption,estimate
Djibouti,DJI,Control of Corruption - Governance estimate (approx. -2.5 to +2.5),GOV_WGI_CC.EST,-0.7112911,2016,Control of Corruption,estimate
Djibouti,DJI,Control of Corruption - Governance estimate (approx. -2.5 to +2.5),GOV_WGI_CC.EST,-0.7643067,2017,Control of Corruption,estimate
Djibouti,DJI,Control of Corruption - Governance estimate (approx. -2.5 to +2.5),GOV_WGI_CC.EST,-0.7643067,2017,Control of Corruption,estimate
Djibouti,DJI,Control of Corruption - Governance estimate (approx. -2.5 to +2.5),GOV_WGI_CC.EST,-0.8215556,2018,Control of Corruption,estimate
Djibouti,DJI,Control of Corruption - Governance estimate (approx. -2.5 to +2.5),GOV_WGI_CC.EST,-0.8215556,2018,Control of Corruption,estimate
Djibouti,DJI,Control of Corruption - Governance estimate (approx. -2.5 to +2.5),GOV_WGI_CC.EST,-0.9286163,2019,Control of Corruption,estimate
Djibouti,DJI,Control of Corruption - Governance estimate (approx. -2.5 to +2.5),GOV_WGI_CC.EST,-0.9286163,2019,Control of Corruption,estimate
Djibouti,DJI,Control of Corruption - Governance estimate (approx. -2.5 to +2.5),GOV_WGI_CC.EST,-0.8140783,2020,Control of Corruption,estimate
Djibouti,DJI,Control of Corruption - Governance estimate (approx. -2.5 to +2.5),GOV_WGI_CC.EST,-0.8140783,2020,Control of Corruption,estimate
Djibouti,DJI,Control of Corruption - Governance estimate (approx. -2.5 to +2.5),GOV_WGI_CC.EST,-0.9086172,2021,Control of Corruption,estimate
Djibouti,DJI,Control of Corruption - Governance estimate (approx. -2.5 to +2.5),GOV_WGI_CC.EST,-0.9086172,2021,Control of Corruption,estimate
Djibouti,DJI,Control of Corruption - Governance estimate (approx. -2.5 to +2.5),GOV_WGI_CC.EST,-0.9087909,2022,Control of Corruption,estimate
Djibouti,DJI,Control of Corruption - Governance estimate (approx. -2.5 to +2.5),GOV_WGI_CC.EST,-0.9087909,2022,Control of Corruption,estimate
Djibouti,DJI,Control of Corruption - Governance estimate (approx. -2.5 to +2.5),GOV_WGI_CC.EST,-0.9050527,2023,Control of Corruption,estimate
Djibouti,DJI,Control of Corruption - Governance estimate (approx. -2.5 to +2.5),GOV_WGI_CC.EST,-0.9050527,2023,Control of Corruption,estimate
Djibouti,DJI,Control of Corruption - Governance estimate (approx. -2.5 to +2.5),GOV_WGI_CC.EST,-0.8908098,2024,Control of Corruption,estimate
Djibouti,DJI,Control of Corruption - Governance estimate (approx. -2.5 to +2.5),GOV_WGI_CC.EST,-0.8908098,2024,Control of Corruption,estimate
Djibouti,DJI,Control of Corruption - Governance score (0-100),GOV_WGI_CC.SC,33.0839401,2015,Control of Corruption,score_0_100
Djibouti,DJI,Control of Corruption - Governance score (0-100),GOV_WGI_CC.SC,33.0839401,2015,Control of Corruption,score_0_100
Djibouti,DJI,Control of Corruption - Governance score (0-100),GOV_WGI_CC.SC,33.4572041,2016,Control of Corruption,score_0_100
Djibouti,DJI,Control of Corruption - Governance score (0-100),GOV_WGI_CC.SC,33.4572041,2016,Control of Corruption,score_0_100
Djibouti,DJI,Control of Corruption - Governance score (0-100),GOV_WGI_CC.SC,32.384087,2017,Control of Corruption,score_0_100
Djibouti,DJI,Control of Corruption - Governance score (0-100),GOV_WGI_CC.SC,32.384087,2017,Control of Corruption,score_0_100
Djibouti,DJI,Control of Corruption - Governance score (0-100),GOV_WGI_CC.SC,31.2252814,2018,Control of Corruption,score_0_100
Djibouti,DJI,Control of Corruption - Governance score (0-100),GOV_WGI_CC.SC,31.2252814,2018,Control of Corruption,score_0_100
Djibouti,DJI,Control of Corruption - Governance score (0-100),GOV_WGI_CC.SC,29.0582086,2019,Control of Corruption,score_0_100
Djibouti,DJI,Control of Corruption - Governance score (0-100),GOV_WGI_CC.SC,29.0582086,2019,Control of Corruption,score_0_100
Djibouti,DJI,Control of Corruption - Governance score (0-100),GOV_WGI_CC.SC,31.3766334,2020,Control of Corruption,score_0_100
Djibouti,DJI,Control of Corruption - Governance score (0-100),GOV_WGI_CC.SC,31.3766334,2020,Control of Corruption,score_0_100
Djibouti,DJI,Control of Corruption - Governance score (0-100),GOV_WGI_CC.SC,29.463021,2021,Control of Corruption,score_0_100
Djibouti,DJI,Control of Corruption - Governance score (0-100),GOV_WGI_CC.SC,29.463021,2021,Control of Corruption,score_0_100
Djibouti,DJI,Control of Corruption - Governance score (0-100),GOV_WGI_CC.SC,29.4595051,2022,Control of Corruption,score_0_100
Djibouti,DJI,Control of Corruption - Governance score (0-100),GOV_WGI_CC.SC,29.4595051,2022,Control of Corruption,score_0_100
Djibouti,DJI,Control of Corruption - Governance score (0-100),GOV_WGI_CC.SC,29.535172,2023,Control of Corruption,score_0_100
Djibouti,DJI,Control of Corruption - Governance score (0-100),GOV_WGI_CC.SC,29.535172,2023,Control of Corruption,score_0_100
Djibouti,DJI,Control of Corruption - Governance score (0-100),GOV_WGI_CC.SC,29.8234701,2024,Control of Corruption,score_0_100
Djibouti,DJI,Control of Corruption - Governance score (0-100),GOV_WGI_CC.SC,29.8234701,2024,Control of Corruption,score_0_100
Djibouti,DJI,Government Effectiveness - Governance estimate (approx. -2.5 to +2.5),GOV_WGI_GE.EST,-0.7524266,2015,Government Effectiveness,estimate
Djibouti,DJI,Government Effectiveness - Governance estimate (approx. -2.5 to +2.5),GOV_WGI_GE.EST,-0.7524266,2015,Government Effectiveness,estimate
Djibouti,DJI,Government Effectiveness - Governance estimate (approx. -2.5 to +2.5),GOV_WGI_GE.EST,-0.7128754,2016,Government Effectiveness,estimate
Djibouti,DJI,Government Effectiveness - Governance estimate (approx. -2.5 to +2.5),GOV_WGI_GE.EST,-0.7128754,2016,Government Effectiveness,estimate
Djibouti,DJI,Government Effectiveness - Governance estimate (approx. -2.5 to +2.5),GOV_WGI_GE.EST,-0.7792345,2017,Government Effectiveness,estimate
Djibouti,DJI,Government Effectiveness - Governance estimate (approx. -2.5 to +2.5),GOV_WGI_GE.EST,-0.7792345,2017,Government Effectiveness,estimate
Djibouti,DJI,Government Effectiveness - Governance estimate (approx. -2.5 to +2.5),GOV_WGI_GE.EST,-0.7720107,2018,Government Effectiveness,estimate
Djibouti,DJI,Government Effectiveness - Governance estimate (approx. -2.5 to +2.5),GOV_WGI_GE.EST,-0.7720107,2018,Government Effectiveness,estimate
Djibouti,DJI,Government Effectiveness - Governance estimate (approx. -2.5 to +2.5),GOV_WGI_GE.EST,-0.6529552,2019,Government Effectiveness,estimate
Djibouti,DJI,Government Effectiveness - Governance estimate (approx. -2.5 to +2.5),GOV_WGI_GE.EST,-0.6529552,2019,Government Effectiveness,estimate
Djibouti,DJI,Government Effectiveness - Governance estimate (approx. -2.5 to +2.5),GOV_WGI_GE.EST,-0.6750074,2020,Government Effectiveness,estimate
Djibouti,DJI,Government Effectiveness - Governance estimate (approx. -2.5 to +2.5),GOV_WGI_GE.EST,-0.6750074,2020,Government Effectiveness,estimate
Djibouti,DJI,Government Effectiveness - Governance estimate (approx. -2.5 to +2.5),GOV_WGI_GE.EST,-0.6477013,2021,Government Effectiveness,estimate
Djibouti,DJI,Government Effectiveness - Governance estimate (approx. -2.5 to +2.5),GOV_WGI_GE.EST,-0.6477013,2021,Government Effectiveness,estimate
Djibouti,DJI,Government Effectiveness - Governance estimate (approx. -2.5 to +2.5),GOV_WGI_GE.EST,-0.5581809,2022,Government Effectiveness,estimate
Djibouti,DJI,Government Effectiveness - Governance estimate (approx. -2.5 to +2.5),GOV_WGI_GE.EST,-0.5581809,2022,Government Effectiveness,estimate
Djibouti,DJI,Government Effectiveness - Governance estimate (approx. -2.5 to +2.5),GOV_WGI_GE.EST,-0.536184,2023,Government Effectiveness,estimate
Djibouti,DJI,Government Effectiveness - Governance estimate (approx. -2.5 to +2.5),GOV_WGI_GE.EST,-0.536184,2023,Government Effectiveness,estimate
Djibouti,DJI,Government Effectiveness - Governance estimate (approx. -2.5 to +2.5),GOV_WGI_GE.EST,-0.4930443,2024,Government Effectiveness,estimate
Djibouti,DJI,Government Effectiveness - Governance estimate (approx. -2.5 to +2.5),GOV_WGI_GE.EST,-0.4930443,2024,Government Effectiveness,estimate
Djibouti,DJI,Government Effectiveness - Governance score (0-100),GOV_WGI_GE.SC,36.7102806,2015,Government Effectiveness,score_0_100
Djibouti,DJI,Government Effectiveness - Governance score (0-100),GOV_WGI_GE.SC,36.7102806,2015,Government Effectiveness,score_0_100
Djibouti,DJI,Government Effectiveness - Governance score (0-100),GOV_WGI_GE.SC,37.479315,2016,Government Effectiveness,score_0_100
Djibouti,DJI,Government Effectiveness - Governance score (0-100),GOV_WGI_GE.SC,37.479315,2016,Government Effectiveness,score_0_100
Djibouti,DJI,Government Effectiveness - Governance score (0-100),GOV_WGI_GE.SC,36.1890273,2017,Government Effectiveness,score_0_100
Djibouti,DJI,Government Effectiveness - Governance score (0-100),GOV_WGI_GE.SC,36.1890273,2017,Government Effectiveness,score_0_100
Djibouti,DJI,Government Effectiveness - Governance score (0-100),GOV_WGI_GE.SC,36.329487,2018,Government Effectiveness,score_0_100
Djibouti,DJI,Government Effectiveness - Governance score (0-100),GOV_WGI_GE.SC,36.329487,2018,Government Effectiveness,score_0_100
Djibouti,DJI,Government Effectiveness - Governance score (0-100),GOV_WGI_GE.SC,38.6444045,2019,Government Effectiveness,score_0_100
Djibouti,DJI,Government Effectiveness - Governance score (0-100),GOV_WGI_GE.SC,38.6444045,2019,Government Effectiveness,score_0_100
Djibouti,DJI,Government Effectiveness - Governance score (0-100),GOV_WGI_GE.SC,38.2156211,2020,Government Effectiveness,score_0_100
Djibouti,DJI,Government Effectiveness - Governance score (0-100),GOV_WGI_GE.SC,38.2156211,2020,Government Effectiveness,score_0_100
Djibouti,DJI,Government Effectiveness - Governance score (0-100),GOV_WGI_GE.SC,38.7465615,2021,Government Effectiveness,score_0_100
Djibouti,DJI,Government Effectiveness - Governance score (0-100),GOV_WGI_GE.SC,38.7465615,2021,Government Effectiveness,score_0_100
Djibouti,DJI,Government Effectiveness - Governance score (0-100),GOV_WGI_GE.SC,40.4871979,2022,Government Effectiveness,score_0_100
Djibouti,DJI,Government Effectiveness - Governance score (0-100),GOV_WGI_GE.SC,40.4871979,2022,Government Effectiveness,score_0_100
Djibouti,DJI,Government Effectiveness - Governance score (0-100),GOV_WGI_GE.SC,40.9149061,2023,Government Effectiveness,score_0_100
Djibouti,DJI,Government Effectiveness - Governance score (0-100),GOV_WGI_GE.SC,40.9149061,2023,Government Effectiveness,score_0_100
Djibouti,DJI,Government Effectiveness - Governance score (0-100),GOV_WGI_GE.SC,41.7537153,2024,Government Effectiveness,score_0_100
Djibouti,DJI,Government Effectiveness - Governance score (0-100),GOV_WGI_GE.SC,41.7537153,2024,Government Effectiveness,score_0_100
Djibouti,DJI,Political Stability - Governance estimate (approx. -2.5 to +2.5),GOV_WGI_PV.EST,-0.4931801,2015,Political Stability,estimate
Djibouti,DJI,Political Stability - Governance estimate (approx. -2.5 to +2.5),GOV_WGI_PV.EST,-0.4931801,2015,Political Stability,estimate
Djibouti,DJI,Political Stability - Governance estimate (approx. -2.5 to +2.5),GOV_WGI_PV.EST,-0.7074408,2016,Political Stability,estimate
Djibouti,DJI,Political Stability - Governance estimate (approx. -2.5 to +2.5),GOV_WGI_PV.EST,-0.7074408,2016,Political Stability,estimate
Djibouti,DJI,Political Stability - Governance estimate (approx. -2.5 to +2.5),GOV_WGI_PV.EST,-0.7552217,2017,Political Stability,estimate
Djibouti,DJI,Political Stability - Governance estimate (approx. -2.5 to +2.5),GOV_WGI_PV.EST,-0.7552217,2017,Political Stability,estimate
Djibouti,DJI,Political Stability - Governance estimate (approx. -2.5 to +2.5),GOV_WGI_PV.EST,-0.2967175,2018,Political Stability,estimate
Djibouti,DJI,Political Stability - Governance estimate (approx. -2.5 to +2.5),GOV_WGI_PV.EST,-0.2967175,2018,Political Stability,estimate
Djibouti,DJI,Political Stability - Governance estimate (approx. -2.5 to +2.5),GOV_WGI_PV.EST,-0.3842768,2019,Political Stability,estimate
Djibouti,DJI,Political Stability - Governance estimate (approx. -2.5 to +2.5),GOV_WGI_PV.EST,-0.3842768,2019,Political Stability,estimate
Djibouti,DJI,Political Stability - Governance estimate (approx. -2.5 to +2.5),GOV_WGI_PV.EST,-0.4591955,2020,Political Stability,estimate
Djibouti,DJI,Political Stability - Governance estimate (approx. -2.5 to +2.5),GOV_WGI_PV.EST,-0.4591955,2020,Political Stability,estimate
Djibouti,DJI,Political Stability - Governance estimate (approx. -2.5 to +2.5),GOV_WGI_PV.EST,-0.5273642,2021,Political Stability,estimate
Djibouti,DJI,Political Stability - Governance estimate (approx. -2.5 to +2.5),GOV_WGI_PV.EST,-0.5273642,2021,Political Stability,estimate
Djibouti,DJI,Political Stability - Governance estimate (approx. -2.5 to +2.5),GOV_WGI_PV.EST,-0.4774121,2022,Political Stability,estimate
Djibouti,DJI,Political Stability - Governance estimate (approx. -2.5 to +2.5),GOV_WGI_PV.EST,-0.4774121,2022,Political Stability,estimate
Djibouti,DJI,Political Stability - Governance estimate (approx. -2.5 to +2.5),GOV_WGI_PV.EST,-0.4640183,2023,Political Stability,estimate
Djibouti,DJI,Political Stability - Governance estimate (approx. -2.5 to +2.5),GOV_WGI_PV.EST,-0.4640183,2023,Political Stability,estimate
Djibouti,DJI,Political Stability - Governance estimate (approx. -2.5 to +2.5),GOV_WGI_PV.EST,-0.5563593,2024,Political Stability,estimate
Djibouti,DJI,Political Stability - Governance estimate (approx. -2.5 to +2.5),GOV_WGI_PV.EST,-0.5563593,2024,Political Stability,estimate
Djibouti,DJI,Political Stability - Governance score (0-100),GOV_WGI_PV.SC,57.4700879,2015,Political Stability,score_0_100
Djibouti,DJI,Political Stability - Governance score (0-100),GOV_WGI_PV.SC,57.4700879,2015,Political Stability,score_0_100
Djibouti,DJI,Political Stability - Governance score (0-100),GOV_WGI_PV.SC,53.8101722,2016,Political Stability,score_0_100
Djibouti,DJI,Political Stability - Governance score (0-100),GOV_WGI_PV.SC,53.8101722,2016,Political Stability,score_0_100
Djibouti,DJI,Political Stability - Governance score (0-100),GOV_WGI_PV.SC,52.993998,2017,Political Stability,score_0_100
Djibouti,DJI,Political Stability - Governance score (0-100),GOV_WGI_PV.SC,52.993998,2017,Political Stability,score_0_100
Djibouti,DJI,Political Stability - Governance score (0-100),GOV_WGI_PV.SC,60.8259835,2018,Political Stability,score_0_100
Djibouti,DJI,Political Stability - Governance score (0-100),GOV_WGI_PV.SC,60.8259835,2018,Political Stability,score_0_100
Djibouti,DJI,Political Stability - Governance score (0-100),GOV_WGI_PV.SC,59.3303305,2019,Political Stability,score_0_100
Djibouti,DJI,Political Stability - Governance score (0-100),GOV_WGI_PV.SC,59.3303305,2019,Political Stability,score_0_100
Djibouti,DJI,Political Stability - Governance score (0-100),GOV_WGI_PV.SC,58.0505993,2020,Political Stability,score_0_100
Djibouti,DJI,Political Stability - Governance score (0-100),GOV_WGI_PV.SC,58.0505993,2020,Political Stability,score_0_100
Djibouti,DJI,Political Stability - Governance score (0-100),GOV_WGI_PV.SC,56.8861688,2021,Political Stability,score_0_100
Djibouti,DJI,Political Stability - Governance score (0-100),GOV_WGI_PV.SC,56.8861688,2021,Political Stability,score_0_100
Djibouti,DJI,Political Stability - Governance score (0-100),GOV_WGI_PV.SC,57.7394306,2022,Political Stability,score_0_100
Djibouti,DJI,Political Stability - Governance score (0-100),GOV_WGI_PV.SC,57.7394306,2022,Political Stability,score_0_100
Djibouti,DJI,Political Stability - Governance score (0-100),GOV_WGI_PV.SC,57.9682181,2023,Political Stability,score_0_100
Djibouti,DJI,Political Stability - Governance score (0-100),GOV_WGI_PV.SC,57.9682181,2023,Political Stability,score_0_100
Djibouti,DJI,Political Stability - Governance score (0-100),GOV_WGI_PV.SC,56.3908861,2024,Political Stability,score_0_100
Djibouti,DJI,Political Stability - Governance score (0-100),GOV_WGI_PV.SC,56.3908861,2024,Political Stability,score_0_100
Djibouti,DJI,Rule of Law - Governance estimate (approx. -2.5 to +2.5),GOV_WGI_RL.EST,-1.0027773,2015,Rule of Law,estimate
Djibouti,DJI,Rule of Law - Governance estimate (approx. -2.5 to +2.5),GOV_WGI_RL.EST,-1.0027773,2015,Rule of Law,estimate
Djibouti,DJI,Rule of Law - Governance estimate (approx. -2.5 to +2.5),GOV_WGI_RL.EST,-1.0026644,2016,Rule of Law,estimate
Djibouti,DJI,Rule of Law - Governance estimate (approx. -2.5 to +2.5),GOV_WGI_RL.EST,-1.0026644,2016,Rule of Law,estimate
Djibouti,DJI,Rule of Law - Governance estimate (approx. -2.5 to +2.5),GOV_WGI_RL.EST,-1.0102169,2017,Rule of Law,estimate
Djibouti,DJI,Rule of Law - Governance estimate (approx. -2.5 to +2.5),GOV_WGI_RL.EST,-1.0102169,2017,Rule of Law,estimate
Djibouti,DJI,Rule of Law - Governance estimate (approx. -2.5 to +2.5),GOV_WGI_RL.EST,-0.9865925,2018,Rule of Law,estimate
Djibouti,DJI,Rule of Law - Governance estimate (approx. -2.5 to +2.5),GOV_WGI_RL.EST,-0.9865925,2018,Rule of Law,estimate
Djibouti,DJI,Rule of Law - Governance estimate (approx. -2.5 to +2.5),GOV_WGI_RL.EST,-1.0072723,2019,Rule of Law,estimate
Djibouti,DJI,Rule of Law - Governance estimate (approx. -2.5 to +2.5),GOV_WGI_RL.EST,-1.0072723,2019,Rule of Law,estimate
Djibouti,DJI,Rule of Law - Governance estimate (approx. -2.5 to +2.5),GOV_WGI_RL.EST,-1.0447412,2020,Rule of Law,estimate
Djibouti,DJI,Rule of Law - Governance estimate (approx. -2.5 to +2.5),GOV_WGI_RL.EST,-1.0447412,2020,Rule of Law,estimate
Djibouti,DJI,Rule of Law - Governance estimate (approx. -2.5 to +2.5),GOV_WGI_RL.EST,-1.0311038,2021,Rule of Law,estimate
Djibouti,DJI,Rule of Law - Governance estimate (approx. -2.5 to +2.5),GOV_WGI_RL.EST,-1.0311038,2021,Rule of Law,estimate
Djibouti,DJI,Rule of Law - Governance estimate (approx. -2.5 to +2.5),GOV_WGI_RL.EST,-1.0215603,2022,Rule of Law,estimate
Djibouti,DJI,Rule of Law - Governance estimate (approx. -2.5 to +2.5),GOV_WGI_RL.EST,-1.0215603,2022,Rule of Law,estimate
Djibouti,DJI,Rule of Law - Governance estimate (approx. -2.5 to +2.5),GOV_WGI_RL.EST,-1.0395038,2023,Rule of Law,estimate
Djibouti,DJI,Rule of Law - Governance estimate (approx. -2.5 to +2.5),GOV_WGI_RL.EST,-1.0395038,2023,Rule of Law,estimate
Djibouti,DJI,Rule of Law - Governance estimate (approx. -2.5 to +2.5),GOV_WGI_RL.EST,-1.0103987,2024,Rule of Law,estimate
Djibouti,DJI,Rule of Law - Governance estimate (approx. -2.5 to +2.5),GOV_WGI_RL.EST,-1.0103987,2024,Rule of Law,estimate
Djibouti,DJI,Rule of Law - Governance score (0-100),GOV_WGI_RL.SC,39.7062078,2015,Rule of Law,score_0_100
Djibouti,DJI,Rule of Law - Governance score (0-100),GOV_WGI_RL.SC,39.7062078,2015,Rule of Law,score_0_100
Djibouti,DJI,Rule of Law - Governance score (0-100),GOV_WGI_RL.SC,39.7081509,2016,Rule of Law,score_0_100
Djibouti,DJI,Rule of Law - Governance score (0-100),GOV_WGI_RL.SC,39.7081509,2016,Rule of Law,score_0_100
Djibouti,DJI,Rule of Law - Governance score (0-100),GOV_WGI_RL.SC,39.578167,2017,Rule of Law,score_0_100
Djibouti,DJI,Rule of Law - Governance score (0-100),GOV_WGI_RL.SC,39.578167,2017,Rule of Law,score_0_100
Djibouti,DJI,Rule of Law - Governance score (0-100),GOV_WGI_RL.SC,39.9847596,2018,Rule of Law,score_0_100
Djibouti,DJI,Rule of Law - Governance score (0-100),GOV_WGI_RL.SC,39.9847596,2018,Rule of Law,score_0_100
Djibouti,DJI,Rule of Law - Governance score (0-100),GOV_WGI_RL.SC,39.6288457,2019,Rule of Law,score_0_100
Djibouti,DJI,Rule of Law - Governance score (0-100),GOV_WGI_RL.SC,39.6288457,2019,Rule of Law,score_0_100
Djibouti,DJI,Rule of Law - Governance score (0-100),GOV_WGI_RL.SC,38.9839796,2020,Rule of Law,score_0_100
Djibouti,DJI,Rule of Law - Governance score (0-100),GOV_WGI_RL.SC,38.9839796,2020,Rule of Law,score_0_100
Djibouti,DJI,Rule of Law - Governance score (0-100),GOV_WGI_RL.SC,39.2186888,2021,Rule of Law,score_0_100
Djibouti,DJI,Rule of Law - Governance score (0-100),GOV_WGI_RL.SC,39.2186888,2021,Rule of Law,score_0_100
Djibouti,DJI,Rule of Law - Governance score (0-100),GOV_WGI_RL.SC,39.3829391,2022,Rule of Law,score_0_100
Djibouti,DJI,Rule of Law - Governance score (0-100),GOV_WGI_RL.SC,39.3829391,2022,Rule of Law,score_0_100
Djibouti,DJI,Rule of Law - Governance score (0-100),GOV_WGI_RL.SC,39.0741189,2023,Rule of Law,score_0_100
Djibouti,DJI,Rule of Law - Governance score (0-100),GOV_WGI_RL.SC,39.0741189,2023,Rule of Law,score_0_100
Djibouti,DJI,Rule of Law - Governance score (0-100),GOV_WGI_RL.SC,39.5750381,2024,Rule of Law,score_0_100
Djibouti,DJI,Rule of Law - Governance score (0-100),GOV_WGI_RL.SC,39.5750381,2024,Rule of Law,score_0_100
"Egypt, Arab Rep.",EGY,Control of Corruption - Governance estimate (approx. -2.5 to +2.5),GOV_WGI_CC.EST,-0.5639736,2015,Control of Corruption,estimate
"Egypt, Arab Rep.",EGY,Control of Corruption - Governance estimate (approx. -2.5 to +2.5),GOV_WGI_CC.EST,-0.5639736,2015,Control of Corruption,estimate
"Egypt, Arab Rep.",EGY,Control of Corruption - Governance estimate (approx. -2.5 to +2.5),GOV_WGI_CC.EST,-0.4472655,2016,Control of Corruption,estimate
"Egypt, Arab Rep.",EGY,Control of Corruption - Governance estimate (approx. -2.5 to +2.5),GOV_WGI_CC.EST,-0.4472655,2016,Control of Corruption,estimate
"Egypt, Arab Rep.",EGY,Control of Corruption - Governance estimate (approx. -2.5 to +2.5),GOV_WGI_CC.EST,-0.4059653,2017,Control of Corruption,estimate
"Egypt, Arab Rep.",EGY,Control of Corruption - Governance estimate (approx. -2.5 to +2.5),GOV_WGI_CC.EST,-0.4059653,2017,Control of Corruption,estimate
"Egypt, Arab Rep.",EGY,Control of Corruption - Governance estimate (approx. -2.5 to +2.5),GOV_WGI_CC.EST,-0.4749757,2018,Control of Corruption,estimate
"Egypt, Arab Rep.",EGY,Control of Corruption - Governance estimate (approx. -2.5 to +2.5),GOV_WGI_CC.EST,-0.4749757,2018,Control of Corruption,estimate
"Egypt, Arab Rep.",EGY,Control of Corruption - Governance estimate (approx. -2.5 to +2.5),GOV_WGI_CC.EST,-0.6521092,2019,Control of Corruption,estimate
"Egypt, Arab Rep.",EGY,Control of Corruption - Governance estimate (approx. -2.5 to +2.5),GOV_WGI_CC.EST,-0.6521092,2019,Control of Corruption,estimate
"Egypt, Arab Rep.",EGY,Control of Corruption - Governance estimate (approx. -2.5 to +2.5),GOV_WGI_CC.EST,-0.7914606,2020,Control of Corruption,estimate
"Egypt, Arab Rep.",EGY,Control of Corruption - Governance estimate (approx. -2.5 to +2.5),GOV_WGI_CC.EST,-0.7914606,2020,Control of Corruption,estimate
"Egypt, Arab Rep.",EGY,Control of Corruption - Governance estimate (approx. -2.5 to +2.5),GOV_WGI_CC.EST,-0.7873199,2021,Control of Corruption,estimate
"Egypt, Arab Rep.",EGY,Control of Corruption - Governance estimate (approx. -2.5 to +2.5),GOV_WGI_CC.EST,-0.7873199,2021,Control of Corruption,estimate
"Egypt, Arab Rep.",EGY,Control of Corruption - Governance estimate (approx. -2.5 to +2.5),GOV_WGI_CC.EST,-0.7776624,2022,Control of Corruption,estimate
"Egypt, Arab Rep.",EGY,Control of Corruption - Governance estimate (approx. -2.5 to +2.5),GOV_WGI_CC.EST,-0.7776624,2022,Control of Corruption,estimate
"Egypt, Arab Rep.",EGY,Control of Corruption - Governance estimate (approx. -2.5 to +2.5),GOV_WGI_CC.EST,-0.8169045,2023,Control of Corruption,estimate
"Egypt, Arab Rep.",EGY,Control of Corruption - Governance estimate (approx. -2.5 to +2.5),GOV_WGI_CC.EST,-0.8169045,2023,Control of Corruption,estimate
"Egypt, Arab Rep.",EGY,Control of Corruption - Governance estimate (approx. -2.5 to +2.5),GOV_WGI_CC.EST,-0.8269898,2024,Control of Corruption,estimate
"Egypt, Arab Rep.",EGY,Control of Corruption - Governance estimate (approx. -2.5 to +2.5),GOV_WGI_CC.EST,-0.8269898,2024,Control of Corruption,estimate
"Egypt, Arab Rep.",EGY,Control of Corruption - Governance score (0-100),GOV_WGI_CC.SC,36.4391364,2015,Control of Corruption,score_0_100
"Egypt, Arab Rep.",EGY,Control of Corruption - Governance score (0-100),GOV_WGI_CC.SC,36.4391364,2015,Control of Corruption,score_0_100
"Egypt, Arab Rep.",EGY,Control of Corruption - Governance score (0-100),GOV_WGI_CC.SC,38.8014874,2016,Control of Corruption,score_0_100
"Egypt, Arab Rep.",EGY,Control of Corruption - Governance score (0-100),GOV_WGI_CC.SC,38.8014874,2016,Control of Corruption,score_0_100
"Egypt, Arab Rep.",EGY,Control of Corruption - Governance score (0-100),GOV_WGI_CC.SC,39.6374668,2017,Control of Corruption,score_0_100
"Egypt, Arab Rep.",EGY,Control of Corruption - Governance score (0-100),GOV_WGI_CC.SC,39.6374668,2017,Control of Corruption,score_0_100
"Egypt, Arab Rep.",EGY,Control of Corruption - Governance score (0-100),GOV_WGI_CC.SC,38.2405904,2018,Control of Corruption,score_0_100
"Egypt, Arab Rep.",EGY,Control of Corruption - Governance score (0-100),GOV_WGI_CC.SC,38.2405904,2018,Control of Corruption,score_0_100
"Egypt, Arab Rep.",EGY,Control of Corruption - Governance score (0-100),GOV_WGI_CC.SC,34.6551366,2019,Control of Corruption,score_0_100
"Egypt, Arab Rep.",EGY,Control of Corruption - Governance score (0-100),GOV_WGI_CC.SC,34.6551366,2019,Control of Corruption,score_0_100
"Egypt, Arab Rep.",EGY,Control of Corruption - Governance score (0-100),GOV_WGI_CC.SC,31.8344504,2020,Control of Corruption,score_0_100
"Egypt, Arab Rep.",EGY,Control of Corruption - Governance score (0-100),GOV_WGI_CC.SC,31.8344504,2020,Control of Corruption,score_0_100
"Egypt, Arab Rep.",EGY,Control of Corruption - Governance score (0-100),GOV_WGI_CC.SC,31.9182645,2021,Control of Corruption,score_0_100
"Egypt, Arab Rep.",EGY,Control of Corruption - Governance score (0-100),GOV_WGI_CC.SC,31.9182645,2021,Control of Corruption,score_0_100
"Egypt, Arab Rep.",EGY,Control of Corruption - Governance score (0-100),GOV_WGI_CC.SC,32.1137471,2022,Control of Corruption,score_0_100
"Egypt, Arab Rep.",EGY,Control of Corruption - Governance score (0-100),GOV_WGI_CC.SC,32.1137471,2022,Control of Corruption,score_0_100
"Egypt, Arab Rep.",EGY,Control of Corruption - Governance score (0-100),GOV_WGI_CC.SC,31.3194268,2023,Control of Corruption,score_0_100
"Egypt, Arab Rep.",EGY,Control of Corruption - Governance score (0-100),GOV_WGI_CC.SC,31.3194268,2023,Control of Corruption,score_0_100
"Egypt, Arab Rep.",EGY,Control of Corruption - Governance score (0-100),GOV_WGI_CC.SC,31.1152849,2024,Control of Corruption,score_0_100
"Egypt, Arab Rep.",EGY,Control of Corruption - Governance score (0-100),GOV_WGI_CC.SC,31.1152849,2024,Control of Corruption,score_0_100
"Egypt, Arab Rep.",EGY,Government Effectiveness - Governance estimate (approx. -2.5 to +2.5),GOV_WGI_GE.EST,-0.5216722,2015,Government Effectiveness,estimate
"Egypt, Arab Rep.",EGY,Government Effectiveness - Governance estimate (approx. -2.5 to +2.5),GOV_WGI_GE.EST,-0.5216722,2015,Government Effectiveness,estimate
"Egypt, Arab Rep.",EGY,Government Effectiveness - Governance estimate (approx. -2.5 to +2.5),GOV_WGI_GE.EST,-0.4409504,2016,Government Effectiveness,estimate
"Egypt, Arab Rep.",EGY,Government Effectiveness - Governance estimate (approx. -2.5 to +2.5),GOV_WGI_GE.EST,-0.4409504,2016,Government Effectiveness,estimate
"Egypt, Arab Rep.",EGY,Government Effectiveness - Governance estimate (approx. -2.5 to +2.5),GOV_WGI_GE.EST,-0.4068952,2017,Government Effectiveness,estimate
"Egypt, Arab Rep.",EGY,Government Effectiveness - Governance estimate (approx. -2.5 to +2.5),GOV_WGI_GE.EST,-0.4068952,2017,Government Effectiveness,estimate
"Egypt, Arab Rep.",EGY,Government Effectiveness - Governance estimate (approx. -2.5 to +2.5),GOV_WGI_GE.EST,-0.4058855,2018,Government Effectiveness,estimate
"Egypt, Arab Rep.",EGY,Government Effectiveness - Governance estimate (approx. -2.5 to +2.5),GOV_WGI_GE.EST,-0.4058855,2018,Government Effectiveness,estimate
"Egypt, Arab Rep.",EGY,Government Effectiveness - Governance estimate (approx. -2.5 to +2.5),GOV_WGI_GE.EST,-0.1186417,2019,Government Effectiveness,estimate
"Egypt, Arab Rep.",EGY,Government Effectiveness - Governance estimate (approx. -2.5 to +2.5),GOV_WGI_GE.EST,-0.1186417,2019,Government Effectiveness,estimate
"Egypt, Arab Rep.",EGY,Government Effectiveness - Governance estimate (approx. -2.5 to +2.5),GOV_WGI_GE.EST,-0.2343559,2020,Government Effectiveness,estimate
"Egypt, Arab Rep.",EGY,Government Effectiveness - Governance estimate (approx. -2.5 to +2.5),GOV_WGI_GE.EST,-0.2343559,2020,Government Effectiveness,estimate
"Egypt, Arab Rep.",EGY,Government Effectiveness - Governance estimate (approx. -2.5 to +2.5),GOV_WGI_GE.EST,-0.2251023,2021,Government Effectiveness,estimate
"Egypt, Arab Rep.",EGY,Government Effectiveness - Governance estimate (approx. -2.5 to +2.5),GOV_WGI_GE.EST,-0.2251023,2021,Government Effectiveness,estimate
"Egypt, Arab Rep.",EGY,Government Effectiveness - Governance estimate (approx. -2.5 to +2.5),GOV_WGI_GE.EST,-0.1434309,2022,Government Effectiveness,estimate
"Egypt, Arab Rep.",EGY,Government Effectiveness - Governance estimate (approx. -2.5 to +2.5),GOV_WGI_GE.EST,-0.1434309,2022,Government Effectiveness,estimate
"Egypt, Arab Rep.",EGY,Government Effectiveness - Governance estimate (approx. -2.5 to +2.5),GOV_WGI_GE.EST,-0.0397463,2023,Government Effectiveness,estimate
"Egypt, Arab Rep.",EGY,Government Effectiveness - Governance estimate (approx. -2.5 to +2.5),GOV_WGI_GE.EST,-0.0397463,2023,Government Effectiveness,estimate
"Egypt, Arab Rep.",EGY,Government Effectiveness - Governance estimate (approx. -2.5 to +2.5),GOV_WGI_GE.EST,-0.0970579,2024,Government Effectiveness,estimate
"Egypt, Arab Rep.",EGY,Government Effectiveness - Governance estimate (approx. -2.5 to +2.5),GOV_WGI_GE.EST,-0.0970579,2024,Government Effectiveness,estimate
"Egypt, Arab Rep.",EGY,Government Effectiveness - Governance score (0-100),GOV_WGI_GE.SC,41.1970738,2015,Government Effectiveness,score_0_100
"Egypt, Arab Rep.",EGY,Government Effectiveness - Governance score (0-100),GOV_WGI_GE.SC,41.1970738,2015,Government Effectiveness,score_0_100
"Egypt, Arab Rep.",EGY,Government Effectiveness - Governance score (0-100),GOV_WGI_GE.SC,42.7666301,2016,Government Effectiveness,score_0_100
"Egypt, Arab Rep.",EGY,Government Effectiveness - Governance score (0-100),GOV_WGI_GE.SC,42.7666301,2016,Government Effectiveness,score_0_100
"Egypt, Arab Rep.",EGY,Government Effectiveness - Governance score (0-100),GOV_WGI_GE.SC,43.4288001,2017,Government Effectiveness,score_0_100
"Egypt, Arab Rep.",EGY,Government Effectiveness - Governance score (0-100),GOV_WGI_GE.SC,43.4288001,2017,Government Effectiveness,score_0_100
"Egypt, Arab Rep.",EGY,Government Effectiveness - Governance score (0-100),GOV_WGI_GE.SC,43.4484327,2018,Government Effectiveness,score_0_100
"Egypt, Arab Rep.",EGY,Government Effectiveness - Governance score (0-100),GOV_WGI_GE.SC,43.4484327,2018,Government Effectiveness,score_0_100
"Egypt, Arab Rep.",EGY,Government Effectiveness - Governance score (0-100),GOV_WGI_GE.SC,49.0336069,2019,Government Effectiveness,score_0_100
"Egypt, Arab Rep.",EGY,Government Effectiveness - Governance score (0-100),GOV_WGI_GE.SC,49.0336069,2019,Government Effectiveness,score_0_100
"Egypt, Arab Rep.",EGY,Government Effectiveness - Governance score (0-100),GOV_WGI_GE.SC,46.7836577,2020,Government Effectiveness,score_0_100
"Egypt, Arab Rep.",EGY,Government Effectiveness - Governance score (0-100),GOV_WGI_GE.SC,46.7836577,2020,Government Effectiveness,score_0_100
"Egypt, Arab Rep.",EGY,Government Effectiveness - Governance score (0-100),GOV_WGI_GE.SC,46.9635849,2021,Government Effectiveness,score_0_100
"Egypt, Arab Rep.",EGY,Government Effectiveness - Governance score (0-100),GOV_WGI_GE.SC,46.9635849,2021,Government Effectiveness,score_0_100
"Egypt, Arab Rep.",EGY,Government Effectiveness - Governance score (0-100),GOV_WGI_GE.SC,48.5516052,2022,Government Effectiveness,score_0_100
"Egypt, Arab Rep.",EGY,Government Effectiveness - Governance score (0-100),GOV_WGI_GE.SC,48.5516052,2022,Government Effectiveness,score_0_100
"Egypt, Arab Rep.",EGY,Government Effectiveness - Governance score (0-100),GOV_WGI_GE.SC,50.5676507,2023,Government Effectiveness,score_0_100
"Egypt, Arab Rep.",EGY,Government Effectiveness - Governance score (0-100),GOV_WGI_GE.SC,50.5676507,2023,Government Effectiveness,score_0_100
"Egypt, Arab Rep.",EGY,Government Effectiveness - Governance score (0-100),GOV_WGI_GE.SC,49.4532828,2024,Government Effectiveness,score_0_100
"Egypt, Arab Rep.",EGY,Government Effectiveness - Governance score (0-100),GOV_WGI_GE.SC,49.4532828,2024,Government Effectiveness,score_0_100
"Egypt, Arab Rep.",EGY,Political Stability - Governance estimate (approx. -2.5 to +2.5),GOV_WGI_PV.EST,-1.5178167,2015,Political Stability,estimate
"Egypt, Arab Rep.",EGY,Political Stability - Governance estimate (approx. -2.5 to +2.5),GOV_WGI_PV.EST,-1.5178167,2015,Political Stability,estimate
"Egypt, Arab Rep.",EGY,Political Stability - Governance estimate (approx. -2.5 to +2.5),GOV_WGI_PV.EST,-1.5399732,2016,Political Stability,estimate
"Egypt, Arab Rep.",EGY,Political Stability - Governance estimate (approx. -2.5 to +2.5),GOV_WGI_PV.EST,-1.5399732,2016,Political Stability,estimate
"Egypt, Arab Rep.",EGY,Political Stability - Governance estimate (approx. -2.5 to +2.5),GOV_WGI_PV.EST,-1.4711477,2017,Political Stability,estimate
"Egypt, Arab Rep.",EGY,Political Stability - Governance estimate (approx. -2.5 to +2.5),GOV_WGI_PV.EST,-1.4711477,2017,Political Stability,estimate
"Egypt, Arab Rep.",EGY,Political Stability - Governance estimate (approx. -2.5 to +2.5),GOV_WGI_PV.EST,-1.2620096,2018,Political Stability,estimate
"Egypt, Arab Rep.",EGY,Political Stability - Governance estimate (approx. -2.5 to +2.5),GOV_WGI_PV.EST,-1.2620096,2018,Political Stability,estimate
"Egypt, Arab Rep.",EGY,Political Stability - Governance estimate (approx. -2.5 to +2.5),GOV_WGI_PV.EST,-1.1969209,2019,Political Stability,estimate
"Egypt, Arab Rep.",EGY,Political Stability - Governance estimate (approx. -2.5 to +2.5),GOV_WGI_PV.EST,-1.1969209,2019,Political Stability,estimate
"Egypt, Arab Rep.",EGY,Political Stability - Governance estimate (approx. -2.5 to +2.5),GOV_WGI_PV.EST,-1.1172787,2020,Political Stability,estimate
"Egypt, Arab Rep.",EGY,Political Stability - Governance estimate (approx. -2.5 to +2.5),GOV_WGI_PV.EST,-1.1172787,2020,Political Stability,estimate
"Egypt, Arab Rep.",EGY,Political Stability - Governance estimate (approx. -2.5 to +2.5),GOV_WGI_PV.EST,-1.066781,2021,Political Stability,estimate
"Egypt, Arab Rep.",EGY,Political Stability - Governance estimate (approx. -2.5 to +2.5),GOV_WGI_PV.EST,-1.066781,2021,Political Stability,estimate
"Egypt, Arab Rep.",EGY,Political Stability - Governance estimate (approx. -2.5 to +2.5),GOV_WGI_PV.EST,-0.9542974,2022,Political Stability,estimate
"Egypt, Arab Rep.",EGY,Political Stability - Governance estimate (approx. -2.5 to +2.5),GOV_WGI_PV.EST,-0.9542974,2022,Political Stability,estimate
"Egypt, Arab Rep.",EGY,Political Stability - Governance estimate (approx. -2.5 to +2.5),GOV_WGI_PV.EST,-0.8993233,2023,Political Stability,estimate
"Egypt, Arab Rep.",EGY,Political Stability - Governance estimate (approx. -2.5 to +2.5),GOV_WGI_PV.EST,-0.8993233,2023,Political Stability,estimate
"Egypt, Arab Rep.",EGY,Political Stability - Governance estimate (approx. -2.5 to +2.5),GOV_WGI_PV.EST,-0.9779235,2024,Political Stability,estimate
"Egypt, Arab Rep.",EGY,Political Stability - Governance estimate (approx. -2.5 to +2.5),GOV_WGI_PV.EST,-0.9779235,2024,Political Stability,estimate
"Egypt, Arab Rep.",EGY,Political Stability - Governance score (0-100),GOV_WGI_PV.SC,39.967655,2015,Political Stability,score_0_100
"Egypt, Arab Rep.",EGY,Political Stability - Governance score (0-100),GOV_WGI_PV.SC,39.967655,2015,Political Stability,score_0_100
"Egypt, Arab Rep.",EGY,Political Stability - Governance score (0-100),GOV_WGI_PV.SC,39.5891865,2016,Political Stability,score_0_100
"Egypt, Arab Rep.",EGY,Political Stability - Governance score (0-100),GOV_WGI_PV.SC,39.5891865,2016,Political Stability,score_0_100
"Egypt, Arab Rep.",EGY,Political Stability - Governance score (0-100),GOV_WGI_PV.SC,40.7648362,2017,Political Stability,score_0_100
"Egypt, Arab Rep.",EGY,Political Stability - Governance score (0-100),GOV_WGI_PV.SC,40.7648362,2017,Political Stability,score_0_100
"Egypt, Arab Rep.",EGY,Political Stability - Governance score (0-100),GOV_WGI_PV.SC,44.3372496,2018,Political Stability,score_0_100
"Egypt, Arab Rep.",EGY,Political Stability - Governance score (0-100),GOV_WGI_PV.SC,44.3372496,2018,Political Stability,score_0_100
"Egypt, Arab Rep.",EGY,Political Stability - Governance score (0-100),GOV_WGI_PV.SC,45.4490688,2019,Political Stability,score_0_100
"Egypt, Arab Rep.",EGY,Political Stability - Governance score (0-100),GOV_WGI_PV.SC,45.4490688,2019,Political Stability,score_0_100
"Egypt, Arab Rep.",EGY,Political Stability - Governance score (0-100),GOV_WGI_PV.SC,46.809485,2020,Political Stability,score_0_100
"Egypt, Arab Rep.",EGY,Political Stability - Governance score (0-100),GOV_WGI_PV.SC,46.809485,2020,Political Stability,score_0_100
"Egypt, Arab Rep.",EGY,Political Stability - Governance score (0-100),GOV_WGI_PV.SC,47.6720665,2021,Political Stability,score_0_100
"Egypt, Arab Rep.",EGY,Political Stability - Governance score (0-100),GOV_WGI_PV.SC,47.6720665,2021,Political Stability,score_0_100
"Egypt, Arab Rep.",EGY,Political Stability - Governance score (0-100),GOV_WGI_PV.SC,49.5934665,2022,Political Stability,score_0_100
"Egypt, Arab Rep.",EGY,Political Stability - Governance score (0-100),GOV_WGI_PV.SC,49.5934665,2022,Political Stability,score_0_100
"Egypt, Arab Rep.",EGY,Political Stability - Governance score (0-100),GOV_WGI_PV.SC,50.5325121,2023,Political Stability,score_0_100
"Egypt, Arab Rep.",EGY,Political Stability - Governance score (0-100),GOV_WGI_PV.SC,50.5325121,2023,Political Stability,score_0_100
"Egypt, Arab Rep.",EGY,Political Stability - Governance score (0-100),GOV_WGI_PV.SC,49.1898949,2024,Political Stability,score_0_100
"Egypt, Arab Rep.",EGY,Political Stability - Governance score (0-100),GOV_WGI_PV.SC,49.1898949,2024,Political Stability,score_0_100
"Egypt, Arab Rep.",EGY,Rule of Law - Governance estimate (approx. -2.5 to +2.5),GOV_WGI_RL.EST,-0.8381446,2015,Rule of Law,estimate
"Egypt, Arab Rep.",EGY,Rule of Law - Governance estimate (approx. -2.5 to +2.5),GOV_WGI_RL.EST,-0.8381446,2015,Rule of Law,estimate
"Egypt, Arab Rep.",EGY,Rule of Law - Governance estimate (approx. -2.5 to +2.5),GOV_WGI_RL.EST,-0.8445636,2016,Rule of Law,estimate
"Egypt, Arab Rep.",EGY,Rule of Law - Governance estimate (approx. -2.5 to +2.5),GOV_WGI_RL.EST,-0.8445636,2016,Rule of Law,estimate
"Egypt, Arab Rep.",EGY,Rule of Law - Governance estimate (approx. -2.5 to +2.5),GOV_WGI_RL.EST,-0.7746142,2017,Rule of Law,estimate
"Egypt, Arab Rep.",EGY,Rule of Law - Governance estimate (approx. -2.5 to +2.5),GOV_WGI_RL.EST,-0.7746142,2017,Rule of Law,estimate
"Egypt, Arab Rep.",EGY,Rule of Law - Governance estimate (approx. -2.5 to +2.5),GOV_WGI_RL.EST,-0.7397561,2018,Rule of Law,estimate
"Egypt, Arab Rep.",EGY,Rule of Law - Governance estimate (approx. -2.5 to +2.5),GOV_WGI_RL.EST,-0.7397561,2018,Rule of Law,estimate
"Egypt, Arab Rep.",EGY,Rule of Law - Governance estimate (approx. -2.5 to +2.5),GOV_WGI_RL.EST,-0.749388,2019,Rule of Law,estimate
"Egypt, Arab Rep.",EGY,Rule of Law - Governance estimate (approx. -2.5 to +2.5),GOV_WGI_RL.EST,-0.749388,2019,Rule of Law,estimate
"Egypt, Arab Rep.",EGY,Rule of Law - Governance estimate (approx. -2.5 to +2.5),GOV_WGI_RL.EST,-0.7898806,2020,Rule of Law,estimate
"Egypt, Arab Rep.",EGY,Rule of Law - Governance estimate (approx. -2.5 to +2.5),GOV_WGI_RL.EST,-0.7898806,2020,Rule of Law,estimate
"Egypt, Arab Rep.",EGY,Rule of Law - Governance estimate (approx. -2.5 to +2.5),GOV_WGI_RL.EST,-0.8185251,2021,Rule of Law,estimate
"Egypt, Arab Rep.",EGY,Rule of Law - Governance estimate (approx. -2.5 to +2.5),GOV_WGI_RL.EST,-0.8185251,2021,Rule of Law,estimate
"Egypt, Arab Rep.",EGY,Rule of Law - Governance estimate (approx. -2.5 to +2.5),GOV_WGI_RL.EST,-0.7728131,2022,Rule of Law,estimate
"Egypt, Arab Rep.",EGY,Rule of Law - Governance estimate (approx. -2.5 to +2.5),GOV_WGI_RL.EST,-0.7728131,2022,Rule of Law,estimate
"Egypt, Arab Rep.",EGY,Rule of Law - Governance estimate (approx. -2.5 to +2.5),GOV_WGI_RL.EST,-0.7776875,2023,Rule of Law,estimate
"Egypt, Arab Rep.",EGY,Rule of Law - Governance estimate (approx. -2.5 to +2.5),GOV_WGI_RL.EST,-0.7776875,2023,Rule of Law,estimate
"Egypt, Arab Rep.",EGY,Rule of Law - Governance estimate (approx. -2.5 to +2.5),GOV_WGI_RL.EST,-0.7515399,2024,Rule of Law,estimate
"Egypt, Arab Rep.",EGY,Rule of Law - Governance estimate (approx. -2.5 to +2.5),GOV_WGI_RL.EST,-0.7515399,2024,Rule of Law,estimate
"Egypt, Arab Rep.",EGY,Rule of Law - Governance score (0-100),GOV_WGI_RL.SC,42.5396523,2015,Rule of Law,score_0_100
"Egypt, Arab Rep.",EGY,Rule of Law - Governance score (0-100),GOV_WGI_RL.SC,42.5396523,2015,Rule of Law,score_0_100
"Egypt, Arab Rep.",EGY,Rule of Law - Governance score (0-100),GOV_WGI_RL.SC,42.4291768,2016,Rule of Law,score_0_100
"Egypt, Arab Rep.",EGY,Rule of Law - Governance score (0-100),GOV_WGI_RL.SC,42.4291768,2016,Rule of Law,score_0_100
"Egypt, Arab Rep.",EGY,Rule of Law - Governance score (0-100),GOV_WGI_RL.SC,43.6330552,2017,Rule of Law,score_0_100
"Egypt, Arab Rep.",EGY,Rule of Law - Governance score (0-100),GOV_WGI_RL.SC,43.6330552,2017,Rule of Law,score_0_100
"Egypt, Arab Rep.",EGY,Rule of Law - Governance score (0-100),GOV_WGI_RL.SC,44.2329876,2018,Rule of Law,score_0_100
"Egypt, Arab Rep.",EGY,Rule of Law - Governance score (0-100),GOV_WGI_RL.SC,44.2329876,2018,Rule of Law,score_0_100
"Egypt, Arab Rep.",EGY,Rule of Law - Governance score (0-100),GOV_WGI_RL.SC,44.0672159,2019,Rule of Law,score_0_100
"Egypt, Arab Rep.",EGY,Rule of Law - Governance score (0-100),GOV_WGI_RL.SC,44.0672159,2019,Rule of Law,score_0_100
"Egypt, Arab Rep.",EGY,Rule of Law - Governance score (0-100),GOV_WGI_RL.SC,43.3703097,2020,Rule of Law,score_0_100
"Egypt, Arab Rep.",EGY,Rule of Law - Governance score (0-100),GOV_WGI_RL.SC,43.3703097,2020,Rule of Law,score_0_100
"Egypt, Arab Rep.",EGY,Rule of Law - Governance score (0-100),GOV_WGI_RL.SC,42.8773177,2021,Rule of Law,score_0_100
"Egypt, Arab Rep.",EGY,Rule of Law - Governance score (0-100),GOV_WGI_RL.SC,42.8773177,2021,Rule of Law,score_0_100
"Egypt, Arab Rep.",EGY,Rule of Law - Governance score (0-100),GOV_WGI_RL.SC,43.6640534,2022,Rule of Law,score_0_100
"Egypt, Arab Rep.",EGY,Rule of Law - Governance score (0-100),GOV_WGI_RL.SC,43.6640534,2022,Rule of Law,score_0_100
"Egypt, Arab Rep.",EGY,Rule of Law - Governance score (0-100),GOV_WGI_RL.SC,43.5801616,2023,Rule of Law,score_0_100
"Egypt, Arab Rep.",EGY,Rule of Law - Governance score (0-100),GOV_WGI_RL.SC,43.5801616,2023,Rule of Law,score_0_100
"Egypt, Arab Rep.",EGY,Rule of Law - Governance score (0-100),GOV_WGI_RL.SC,44.0301801,2024,Rule of Law,score_0_100
"Egypt, Arab Rep.",EGY,Rule of Law - Governance score (0-100),GOV_WGI_RL.SC,44.0301801,2024,Rule of Law,score_0_100
Indonesia,IDN,Control of Corruption - Governance estimate (approx. -2.5 to +2.5),GOV_WGI_CC.EST,-0.5229666,2015,Control of Corruption,estimate
Indonesia,IDN,Control of Corruption - Governance estimate (approx. -2.5 to +2.5),GOV_WGI_CC.EST,-0.5229666,2015,Control of Corruption,estimate
Indonesia,IDN,Control of Corruption - Governance estimate (approx. -2.5 to +2.5),GOV_WGI_CC.EST,-0.4822576,2016,Control of Corruption,estimate
Indonesia,IDN,Control of Corruption - Governance estimate (approx. -2.5 to +2.5),GOV_WGI_CC.EST,-0.4822576,2016,Control of Corruption,estimate
Indonesia,IDN,Control of Corruption - Governance estimate (approx. -2.5 to +2.5),GOV_WGI_CC.EST,-0.3767695,2017,Control of Corruption,estimate
Indonesia,IDN,Control of Corruption - Governance estimate (approx. -2.5 to +2.5),GOV_WGI_CC.EST,-0.3767695,2017,Control of Corruption,estimate
Indonesia,IDN,Control of Corruption - Governance estimate (approx. -2.5 to +2.5),GOV_WGI_CC.EST,-0.3381295,2018,Control of Corruption,estimate
Indonesia,IDN,Control of Corruption - Governance estimate (approx. -2.5 to +2.5),GOV_WGI_CC.EST,-0.3381295,2018,Control of Corruption,estimate
Indonesia,IDN,Control of Corruption - Governance estimate (approx. -2.5 to +2.5),GOV_WGI_CC.EST,-0.4278504,2019,Control of Corruption,estimate
Indonesia,IDN,Control of Corruption - Governance estimate (approx. -2.5 to +2.5),GOV_WGI_CC.EST,-0.4278504,2019,Control of Corruption,estimate
Indonesia,IDN,Control of Corruption - Governance estimate (approx. -2.5 to +2.5),GOV_WGI_CC.EST,-0.3456603,2020,Control of Corruption,estimate
Indonesia,IDN,Control of Corruption - Governance estimate (approx. -2.5 to +2.5),GOV_WGI_CC.EST,-0.3456603,2020,Control of Corruption,estimate
Indonesia,IDN,Control of Corruption - Governance estimate (approx. -2.5 to +2.5),GOV_WGI_CC.EST,-0.4162135,2021,Control of Corruption,estimate
Indonesia,IDN,Control of Corruption - Governance estimate (approx. -2.5 to +2.5),GOV_WGI_CC.EST,-0.4162135,2021,Control of Corruption,estimate
Indonesia,IDN,Control of Corruption - Governance estimate (approx. -2.5 to +2.5),GOV_WGI_CC.EST,-0.3702139,2022,Control of Corruption,estimate
Indonesia,IDN,Control of Corruption - Governance estimate (approx. -2.5 to +2.5),GOV_WGI_CC.EST,-0.3702139,2022,Control of Corruption,estimate
Indonesia,IDN,Control of Corruption - Governance estimate (approx. -2.5 to +2.5),GOV_WGI_CC.EST,-0.4431661,2023,Control of Corruption,estimate
Indonesia,IDN,Control of Corruption - Governance estimate (approx. -2.5 to +2.5),GOV_WGI_CC.EST,-0.4431661,2023,Control of Corruption,estimate
Indonesia,IDN,Control of Corruption - Governance estimate (approx. -2.5 to +2.5),GOV_WGI_CC.EST,-0.5446152,2024,Control of Corruption,estimate
Indonesia,IDN,Control of Corruption - Governance estimate (approx. -2.5 to +2.5),GOV_WGI_CC.EST,-0.5446152,2024,Control of Corruption,estimate
Indonesia,IDN,Control of Corruption - Governance score (0-100),GOV_WGI_CC.SC,37.269181,2015,Control of Corruption,score_0_100
Indonesia,IDN,Control of Corruption - Governance score (0-100),GOV_WGI_CC.SC,37.269181,2015,Control of Corruption,score_0_100
Indonesia,IDN,Control of Corruption - Governance score (0-100),GOV_WGI_CC.SC,38.0931936,2016,Control of Corruption,score_0_100
Indonesia,IDN,Control of Corruption - Governance score (0-100),GOV_WGI_CC.SC,38.0931936,2016,Control of Corruption,score_0_100
Indonesia,IDN,Control of Corruption - Governance score (0-100),GOV_WGI_CC.SC,40.2284346,2017,Control of Corruption,score_0_100
Indonesia,IDN,Control of Corruption - Governance score (0-100),GOV_WGI_CC.SC,40.2284346,2017,Control of Corruption,score_0_100
Indonesia,IDN,Control of Corruption - Governance score (0-100),GOV_WGI_CC.SC,41.0105675,2018,Control of Corruption,score_0_100
Indonesia,IDN,Control of Corruption - Governance score (0-100),GOV_WGI_CC.SC,41.0105675,2018,Control of Corruption,score_0_100
Indonesia,IDN,Control of Corruption - Governance score (0-100),GOV_WGI_CC.SC,39.1944788,2019,Control of Corruption,score_0_100
Indonesia,IDN,Control of Corruption - Governance score (0-100),GOV_WGI_CC.SC,39.1944788,2019,Control of Corruption,score_0_100
Indonesia,IDN,Control of Corruption - Governance score (0-100),GOV_WGI_CC.SC,40.8581326,2020,Control of Corruption,score_0_100
Indonesia,IDN,Control of Corruption - Governance score (0-100),GOV_WGI_CC.SC,40.8581326,2020,Control of Corruption,score_0_100
Indonesia,IDN,Control of Corruption - Governance score (0-100),GOV_WGI_CC.SC,39.4300275,2021,Control of Corruption,score_0_100
Indonesia,IDN,Control of Corruption - Governance score (0-100),GOV_WGI_CC.SC,39.4300275,2021,Control of Corruption,score_0_100
Indonesia,IDN,Control of Corruption - Governance score (0-100),GOV_WGI_CC.SC,40.36113,2022,Control of Corruption,score_0_100
Indonesia,IDN,Control of Corruption - Governance score (0-100),GOV_WGI_CC.SC,40.36113,2022,Control of Corruption,score_0_100
Indonesia,IDN,Control of Corruption - Governance score (0-100),GOV_WGI_CC.SC,38.8844656,2023,Control of Corruption,score_0_100
Indonesia,IDN,Control of Corruption - Governance score (0-100),GOV_WGI_CC.SC,38.8844656,2023,Control of Corruption,score_0_100
Indonesia,IDN,Control of Corruption - Governance score (0-100),GOV_WGI_CC.SC,36.8309801,2024,Control of Corruption,score_0_100
Indonesia,IDN,Control of Corruption - Governance score (0-100),GOV_WGI_CC.SC,36.8309801,2024,Control of Corruption,score_0_100
Indonesia,IDN,Government Effectiveness - Governance estimate (approx. -2.5 to +2.5),GOV_WGI_GE.EST,-0.062646,2015,Government Effectiveness,estimate
Indonesia,IDN,Government Effectiveness - Governance estimate (approx. -2.5 to +2.5),GOV_WGI_GE.EST,-0.062646,2015,Government Effectiveness,estimate
Indonesia,IDN,Government Effectiveness - Governance estimate (approx. -2.5 to +2.5),GOV_WGI_GE.EST,0.1221929,2016,Government Effectiveness,estimate
Indonesia,IDN,Government Effectiveness - Governance estimate (approx. -2.5 to +2.5),GOV_WGI_GE.EST,0.1221929,2016,Government Effectiveness,estimate
Indonesia,IDN,Government Effectiveness - Governance estimate (approx. -2.5 to +2.5),GOV_WGI_GE.EST,0.1565617,2017,Government Effectiveness,estimate
Indonesia,IDN,Government Effectiveness - Governance estimate (approx. -2.5 to +2.5),GOV_WGI_GE.EST,0.1565617,2017,Government Effectiveness,estimate
Indonesia,IDN,Government Effectiveness - Governance estimate (approx. -2.5 to +2.5),GOV_WGI_GE.EST,0.2534613,2018,Government Effectiveness,estimate
Indonesia,IDN,Government Effectiveness - Governance estimate (approx. -2.5 to +2.5),GOV_WGI_GE.EST,0.2534613,2018,Government Effectiveness,estimate
Indonesia,IDN,Government Effectiveness - Governance estimate (approx. -2.5 to +2.5),GOV_WGI_GE.EST,0.3122885,2019,Government Effectiveness,estimate
Indonesia,IDN,Government Effectiveness - Governance estimate (approx. -2.5 to +2.5),GOV_WGI_GE.EST,0.3122885,2019,Government Effectiveness,estimate
Indonesia,IDN,Government Effectiveness - Governance estimate (approx. -2.5 to +2.5),GOV_WGI_GE.EST,0.213754,2020,Government Effectiveness,estimate
Indonesia,IDN,Government Effectiveness - Governance estimate (approx. -2.5 to +2.5),GOV_WGI_GE.EST,0.213754,2020,Government Effectiveness,estimate
Indonesia,IDN,Government Effectiveness - Governance estimate (approx. -2.5 to +2.5),GOV_WGI_GE.EST,0.1470804,2021,Government Effectiveness,estimate
Indonesia,IDN,Government Effectiveness - Governance estimate (approx. -2.5 to +2.5),GOV_WGI_GE.EST,0.1470804,2021,Government Effectiveness,estimate
Indonesia,IDN,Government Effectiveness - Governance estimate (approx. -2.5 to +2.5),GOV_WGI_GE.EST,0.2328093,2022,Government Effectiveness,estimate
Indonesia,IDN,Government Effectiveness - Governance estimate (approx. -2.5 to +2.5),GOV_WGI_GE.EST,0.2328093,2022,Government Effectiveness,estimate
Indonesia,IDN,Government Effectiveness - Governance estimate (approx. -2.5 to +2.5),GOV_WGI_GE.EST,0.2732116,2023,Government Effectiveness,estimate
Indonesia,IDN,Government Effectiveness - Governance estimate (approx. -2.5 to +2.5),GOV_WGI_GE.EST,0.2732116,2023,Government Effectiveness,estimate
Indonesia,IDN,Government Effectiveness - Governance estimate (approx. -2.5 to +2.5),GOV_WGI_GE.EST,0.179804,2024,Government Effectiveness,estimate
Indonesia,IDN,Government Effectiveness - Governance estimate (approx. -2.5 to +2.5),GOV_WGI_GE.EST,0.179804,2024,Government Effectiveness,estimate
Indonesia,IDN,Government Effectiveness - Governance score (0-100),GOV_WGI_GE.SC,50.1223884,2015,Government Effectiveness,score_0_100
Indonesia,IDN,Government Effectiveness - Governance score (0-100),GOV_WGI_GE.SC,50.1223884,2015,Government Effectiveness,score_0_100
Indonesia,IDN,Government Effectiveness - Governance score (0-100),GOV_WGI_GE.SC,53.7163997,2016,Government Effectiveness,score_0_100
Indonesia,IDN,Government Effectiveness - Governance score (0-100),GOV_WGI_GE.SC,53.7163997,2016,Government Effectiveness,score_0_100
Indonesia,IDN,Government Effectiveness - Governance score (0-100),GOV_WGI_GE.SC,54.3846673,2017,Government Effectiveness,score_0_100
Indonesia,IDN,Government Effectiveness - Governance score (0-100),GOV_WGI_GE.SC,54.3846673,2017,Government Effectiveness,score_0_100
Indonesia,IDN,Government Effectiveness - Governance score (0-100),GOV_WGI_GE.SC,56.2687851,2018,Government Effectiveness,score_0_100
Indonesia,IDN,Government Effectiveness - Governance score (0-100),GOV_WGI_GE.SC,56.2687851,2018,Government Effectiveness,score_0_100
Indonesia,IDN,Government Effectiveness - Governance score (0-100),GOV_WGI_GE.SC,57.4126224,2019,Government Effectiveness,score_0_100
Indonesia,IDN,Government Effectiveness - Governance score (0-100),GOV_WGI_GE.SC,57.4126224,2019,Government Effectiveness,score_0_100
Indonesia,IDN,Government Effectiveness - Governance score (0-100),GOV_WGI_GE.SC,55.4967156,2020,Government Effectiveness,score_0_100
Indonesia,IDN,Government Effectiveness - Governance score (0-100),GOV_WGI_GE.SC,55.4967156,2020,Government Effectiveness,score_0_100
Indonesia,IDN,Government Effectiveness - Governance score (0-100),GOV_WGI_GE.SC,54.2003128,2021,Government Effectiveness,score_0_100
Indonesia,IDN,Government Effectiveness - Governance score (0-100),GOV_WGI_GE.SC,54.2003128,2021,Government Effectiveness,score_0_100
Indonesia,IDN,Government Effectiveness - Governance score (0-100),GOV_WGI_GE.SC,55.8672272,2022,Government Effectiveness,score_0_100
Indonesia,IDN,Government Effectiveness - Governance score (0-100),GOV_WGI_GE.SC,55.8672272,2022,Government Effectiveness,score_0_100
Indonesia,IDN,Government Effectiveness - Governance score (0-100),GOV_WGI_GE.SC,56.6528103,2023,Government Effectiveness,score_0_100
Indonesia,IDN,Government Effectiveness - Governance score (0-100),GOV_WGI_GE.SC,56.6528103,2023,Government Effectiveness,score_0_100
Indonesia,IDN,Government Effectiveness - Governance score (0-100),GOV_WGI_GE.SC,54.8365911,2024,Government Effectiveness,score_0_100
Indonesia,IDN,Government Effectiveness - Governance score (0-100),GOV_WGI_GE.SC,54.8365911,2024,Government Effectiveness,score_0_100
Indonesia,IDN,Political Stability - Governance estimate (approx. -2.5 to +2.5),GOV_WGI_PV.EST,-0.5390218,2015,Political Stability,estimate
Indonesia,IDN,Political Stability - Governance estimate (approx. -2.5 to +2.5),GOV_WGI_PV.EST,-0.5390218,2015,Political Stability,estimate
Indonesia,IDN,Political Stability - Governance estimate (approx. -2.5 to +2.5),GOV_WGI_PV.EST,-0.463383,2016,Political Stability,estimate
Indonesia,IDN,Political Stability - Governance estimate (approx. -2.5 to +2.5),GOV_WGI_PV.EST,-0.463383,2016,Political Stability,estimate
Indonesia,IDN,Political Stability - Governance estimate (approx. -2.5 to +2.5),GOV_WGI_PV.EST,-0.5816146,2017,Political Stability,estimate
Indonesia,IDN,Political Stability - Governance estimate (approx. -2.5 to +2.5),GOV_WGI_PV.EST,-0.5816146,2017,Political Stability,estimate
Indonesia,IDN,Political Stability - Governance estimate (approx. -2.5 to +2.5),GOV_WGI_PV.EST,-0.5428012,2018,Political Stability,estimate
Indonesia,IDN,Political Stability - Governance estimate (approx. -2.5 to +2.5),GOV_WGI_PV.EST,-0.5428012,2018,Political Stability,estimate
Indonesia,IDN,Political Stability - Governance estimate (approx. -2.5 to +2.5),GOV_WGI_PV.EST,-0.5802685,2019,Political Stability,estimate
Indonesia,IDN,Political Stability - Governance estimate (approx. -2.5 to +2.5),GOV_WGI_PV.EST,-0.5802685,2019,Political Stability,estimate
Indonesia,IDN,Political Stability - Governance estimate (approx. -2.5 to +2.5),GOV_WGI_PV.EST,-0.539946,2020,Political Stability,estimate
Indonesia,IDN,Political Stability - Governance estimate (approx. -2.5 to +2.5),GOV_WGI_PV.EST,-0.539946,2020,Political Stability,estimate
Indonesia,IDN,Political Stability - Governance estimate (approx. -2.5 to +2.5),GOV_WGI_PV.EST,-0.6496757,2021,Political Stability,estimate
Indonesia,IDN,Political Stability - Governance estimate (approx. -2.5 to +2.5),GOV_WGI_PV.EST,-0.6496757,2021,Political Stability,estimate
Indonesia,IDN,Political Stability - Governance estimate (approx. -2.5 to +2.5),GOV_WGI_PV.EST,-0.7624666,2022,Political Stability,estimate
Indonesia,IDN,Political Stability - Governance estimate (approx. -2.5 to +2.5),GOV_WGI_PV.EST,-0.7624666,2022,Political Stability,estimate
Indonesia,IDN,Political Stability - Governance estimate (approx. -2.5 to +2.5),GOV_WGI_PV.EST,-0.613745,2023,Political Stability,estimate
Indonesia,IDN,Political Stability - Governance estimate (approx. -2.5 to +2.5),GOV_WGI_PV.EST,-0.613745,2023,Political Stability,estimate
Indonesia,IDN,Political Stability - Governance estimate (approx. -2.5 to +2.5),GOV_WGI_PV.EST,-0.6091275,2024,Political Stability,estimate
Indonesia,IDN,Political Stability - Governance estimate (approx. -2.5 to +2.5),GOV_WGI_PV.EST,-0.6091275,2024,Political Stability,estimate
Indonesia,IDN,Political Stability - Governance score (0-100),GOV_WGI_PV.SC,56.6870383,2015,Political Stability,score_0_100
Indonesia,IDN,Political Stability - Governance score (0-100),GOV_WGI_PV.SC,56.6870383,2015,Political Stability,score_0_100
Indonesia,IDN,Political Stability - Governance score (0-100),GOV_WGI_PV.SC,57.9790701,2016,Political Stability,score_0_100
Indonesia,IDN,Political Stability - Governance score (0-100),GOV_WGI_PV.SC,57.9790701,2016,Political Stability,score_0_100
Indonesia,IDN,Political Stability - Governance score (0-100),GOV_WGI_PV.SC,55.9594851,2017,Political Stability,score_0_100
Indonesia,IDN,Political Stability - Governance score (0-100),GOV_WGI_PV.SC,55.9594851,2017,Political Stability,score_0_100
Indonesia,IDN,Political Stability - Governance score (0-100),GOV_WGI_PV.SC,56.6224801,2018,Political Stability,score_0_100
Indonesia,IDN,Political Stability - Governance score (0-100),GOV_WGI_PV.SC,56.6224801,2018,Political Stability,score_0_100
Indonesia,IDN,Political Stability - Governance score (0-100),GOV_WGI_PV.SC,55.9824787,2019,Political Stability,score_0_100
Indonesia,IDN,Political Stability - Governance score (0-100),GOV_WGI_PV.SC,55.9824787,2019,Political Stability,score_0_100
Indonesia,IDN,Political Stability - Governance score (0-100),GOV_WGI_PV.SC,56.6712515,2020,Political Stability,score_0_100
Indonesia,IDN,Political Stability - Governance score (0-100),GOV_WGI_PV.SC,56.6712515,2020,Political Stability,score_0_100
Indonesia,IDN,Political Stability - Governance score (0-100),GOV_WGI_PV.SC,54.7968926,2021,Political Stability,score_0_100
Indonesia,IDN,Political Stability - Governance score (0-100),GOV_WGI_PV.SC,54.7968926,2021,Political Stability,score_0_100
Indonesia,IDN,Political Stability - Governance score (0-100),GOV_WGI_PV.SC,52.8702435,2022,Political Stability,score_0_100
Indonesia,IDN,Political Stability - Governance score (0-100),GOV_WGI_PV.SC,52.8702435,2022,Political Stability,score_0_100
Indonesia,IDN,Political Stability - Governance score (0-100),GOV_WGI_PV.SC,55.4106465,2023,Political Stability,score_0_100
Indonesia,IDN,Political Stability - Governance score (0-100),GOV_WGI_PV.SC,55.4106465,2023,Political Stability,score_0_100
Indonesia,IDN,Political Stability - Governance score (0-100),GOV_WGI_PV.SC,55.4895207,2024,Political Stability,score_0_100
Indonesia,IDN,Political Stability - Governance score (0-100),GOV_WGI_PV.SC,55.4895207,2024,Political Stability,score_0_100
Indonesia,IDN,Rule of Law - Governance estimate (approx. -2.5 to +2.5),GOV_WGI_RL.EST,-0.3812221,2015,Rule of Law,estimate
Indonesia,IDN,Rule of Law - Governance estimate (approx. -2.5 to +2.5),GOV_WGI_RL.EST,-0.3812221,2015,Rule of Law,estimate
Indonesia,IDN,Rule of Law - Governance estimate (approx. -2.5 to +2.5),GOV_WGI_RL.EST,-0.3218095,2016,Rule of Law,estimate
Indonesia,IDN,Rule of Law - Governance estimate (approx. -2.5 to +2.5),GOV_WGI_RL.EST,-0.3218095,2016,Rule of Law,estimate
Indonesia,IDN,Rule of Law - Governance estimate (approx. -2.5 to +2.5),GOV_WGI_RL.EST,-0.3165999,2017,Rule of Law,estimate
Indonesia,IDN,Rule of Law - Governance estimate (approx. -2.5 to +2.5),GOV_WGI_RL.EST,-0.3165999,2017,Rule of Law,estimate
Indonesia,IDN,Rule of Law - Governance estimate (approx. -2.5 to +2.5),GOV_WGI_RL.EST,-0.2197187,2018,Rule of Law,estimate
Indonesia,IDN,Rule of Law - Governance estimate (approx. -2.5 to +2.5),GOV_WGI_RL.EST,-0.2197187,2018,Rule of Law,estimate
Indonesia,IDN,Rule of Law - Governance estimate (approx. -2.5 to +2.5),GOV_WGI_RL.EST,-0.1919729,2019,Rule of Law,estimate
Indonesia,IDN,Rule of Law - Governance estimate (approx. -2.5 to +2.5),GOV_WGI_RL.EST,-0.1919729,2019,Rule of Law,estimate
Indonesia,IDN,Rule of Law - Governance estimate (approx. -2.5 to +2.5),GOV_WGI_RL.EST,-0.1479773,2020,Rule of Law,estimate
Indonesia,IDN,Rule of Law - Governance estimate (approx. -2.5 to +2.5),GOV_WGI_RL.EST,-0.1479773,2020,Rule of Law,estimate
Indonesia,IDN,Rule of Law - Governance estimate (approx. -2.5 to +2.5),GOV_WGI_RL.EST,-0.1436778,2021,Rule of Law,estimate
Indonesia,IDN,Rule of Law - Governance estimate (approx. -2.5 to +2.5),GOV_WGI_RL.EST,-0.1436778,2021,Rule of Law,estimate
Indonesia,IDN,Rule of Law - Governance estimate (approx. -2.5 to +2.5),GOV_WGI_RL.EST,-0.1291182,2022,Rule of Law,estimate
Indonesia,IDN,Rule of Law - Governance estimate (approx. -2.5 to +2.5),GOV_WGI_RL.EST,-0.1291182,2022,Rule of Law,estimate
Indonesia,IDN,Rule of Law - Governance estimate (approx. -2.5 to +2.5),GOV_WGI_RL.EST,-0.0817572,2023,Rule of Law,estimate
Indonesia,IDN,Rule of Law - Governance estimate (approx. -2.5 to +2.5),GOV_WGI_RL.EST,-0.0817572,2023,Rule of Law,estimate
Indonesia,IDN,Rule of Law - Governance estimate (approx. -2.5 to +2.5),GOV_WGI_RL.EST,-0.2065981,2024,Rule of Law,estimate
Indonesia,IDN,Rule of Law - Governance estimate (approx. -2.5 to +2.5),GOV_WGI_RL.EST,-0.2065981,2024,Rule of Law,estimate
Indonesia,IDN,Rule of Law - Governance score (0-100),GOV_WGI_RL.SC,50.4036099,2015,Rule of Law,score_0_100
Indonesia,IDN,Rule of Law - Governance score (0-100),GOV_WGI_RL.SC,50.4036099,2015,Rule of Law,score_0_100
Indonesia,IDN,Rule of Law - Governance score (0-100),GOV_WGI_RL.SC,51.4261426,2016,Rule of Law,score_0_100
Indonesia,IDN,Rule of Law - Governance score (0-100),GOV_WGI_RL.SC,51.4261426,2016,Rule of Law,score_0_100
Indonesia,IDN,Rule of Law - Governance score (0-100),GOV_WGI_RL.SC,51.5158034,2017,Rule of Law,score_0_100
Indonesia,IDN,Rule of Law - Governance score (0-100),GOV_WGI_RL.SC,51.5158034,2017,Rule of Law,score_0_100
Indonesia,IDN,Rule of Law - Governance score (0-100),GOV_WGI_RL.SC,53.183197,2018,Rule of Law,score_0_100
Indonesia,IDN,Rule of Law - Governance score (0-100),GOV_WGI_RL.SC,53.183197,2018,Rule of Law,score_0_100
Indonesia,IDN,Rule of Law - Governance score (0-100),GOV_WGI_RL.SC,53.6607218,2019,Rule of Law,score_0_100
Indonesia,IDN,Rule of Law - Governance score (0-100),GOV_WGI_RL.SC,53.6607218,2019,Rule of Law,score_0_100
Indonesia,IDN,Rule of Law - Governance score (0-100),GOV_WGI_RL.SC,54.417917,2020,Rule of Law,score_0_100
Indonesia,IDN,Rule of Law - Governance score (0-100),GOV_WGI_RL.SC,54.417917,2020,Rule of Law,score_0_100
Indonesia,IDN,Rule of Law - Governance score (0-100),GOV_WGI_RL.SC,54.4919144,2021,Rule of Law,score_0_100
Indonesia,IDN,Rule of Law - Governance score (0-100),GOV_WGI_RL.SC,54.4919144,2021,Rule of Law,score_0_100
Indonesia,IDN,Rule of Law - Governance score (0-100),GOV_WGI_RL.SC,54.7424954,2022,Rule of Law,score_0_100
Indonesia,IDN,Rule of Law - Governance score (0-100),GOV_WGI_RL.SC,54.7424954,2022,Rule of Law,score_0_100
Indonesia,IDN,Rule of Law - Governance score (0-100),GOV_WGI_RL.SC,55.5576115,2023,Rule of Law,score_0_100
Indonesia,IDN,Rule of Law - Governance score (0-100),GOV_WGI_RL.SC,55.5576115,2023,Rule of Law,score_0_100
Indonesia,IDN,Rule of Law - Governance score (0-100),GOV_WGI_RL.SC,53.4090118,2024,Rule of Law,score_0_100
Indonesia,IDN,Rule of Law - Governance score (0-100),GOV_WGI_RL.SC,53.4090118,2024,Rule of Law,score_0_100
"Iran, Islamic Rep.",IRN,Control of Corruption - Governance estimate (approx. -2.5 to +2.5),GOV_WGI_CC.EST,-0.7596233,2015,Control of Corruption,estimate
"Iran, Islamic Rep.",IRN,Control of Corruption - Governance estimate (approx. -2.5 to +2.5),GOV_WGI_CC.EST,-0.7596233,2015,Control of Corruption,estimate
"Iran, Islamic Rep.",IRN,Control of Corruption - Governance estimate (approx. -2.5 to +2.5),GOV_WGI_CC.EST,-0.6561761,2016,Control of Corruption,estimate
"Iran, Islamic Rep.",IRN,Control of Corruption - Governance estimate (approx. -2.5 to +2.5),GOV_WGI_CC.EST,-0.6561761,2016,Control of Corruption,estimate
"Iran, Islamic Rep.",IRN,Control of Corruption - Governance estimate (approx. -2.5 to +2.5),GOV_WGI_CC.EST,-0.7011486,2017,Control of Corruption,estimate
"Iran, Islamic Rep.",IRN,Control of Corruption - Governance estimate (approx. -2.5 to +2.5),GOV_WGI_CC.EST,-0.7011486,2017,Control of Corruption,estimate
"Iran, Islamic Rep.",IRN,Control of Corruption - Governance estimate (approx. -2.5 to +2.5),GOV_WGI_CC.EST,-0.9420795,2018,Control of Corruption,estimate
"Iran, Islamic Rep.",IRN,Control of Corruption - Governance estimate (approx. -2.5 to +2.5),GOV_WGI_CC.EST,-0.9420795,2018,Control of Corruption,estimate
"Iran, Islamic Rep.",IRN,Control of Corruption - Governance estimate (approx. -2.5 to +2.5),GOV_WGI_CC.EST,-0.9919553,2019,Control of Corruption,estimate
"Iran, Islamic Rep.",IRN,Control of Corruption - Governance estimate (approx. -2.5 to +2.5),GOV_WGI_CC.EST,-0.9919553,2019,Control of Corruption,estimate
"Iran, Islamic Rep.",IRN,Control of Corruption - Governance estimate (approx. -2.5 to +2.5),GOV_WGI_CC.EST,-1.1044169,2020,Control of Corruption,estimate
"Iran, Islamic Rep.",IRN,Control of Corruption - Governance estimate (approx. -2.5 to +2.5),GOV_WGI_CC.EST,-1.1044169,2020,Control of Corruption,estimate
"Iran, Islamic Rep.",IRN,Control of Corruption - Governance estimate (approx. -2.5 to +2.5),GOV_WGI_CC.EST,-1.1267612,2021,Control of Corruption,estimate
"Iran, Islamic Rep.",IRN,Control of Corruption - Governance estimate (approx. -2.5 to +2.5),GOV_WGI_CC.EST,-1.1267612,2021,Control of Corruption,estimate
"Iran, Islamic Rep.",IRN,Control of Corruption - Governance estimate (approx. -2.5 to +2.5),GOV_WGI_CC.EST,-1.1319144,2022,Control of Corruption,estimate
"Iran, Islamic Rep.",IRN,Control of Corruption - Governance estimate (approx. -2.5 to +2.5),GOV_WGI_CC.EST,-1.1319144,2022,Control of Corruption,estimate
"Iran, Islamic Rep.",IRN,Control of Corruption - Governance estimate (approx. -2.5 to +2.5),GOV_WGI_CC.EST,-1.1711298,2023,Control of Corruption,estimate
"Iran, Islamic Rep.",IRN,Control of Corruption - Governance estimate (approx. -2.5 to +2.5),GOV_WGI_CC.EST,-1.1711298,2023,Control of Corruption,estimate
"Iran, Islamic Rep.",IRN,Control of Corruption - Governance estimate (approx. -2.5 to +2.5),GOV_WGI_CC.EST,-1.1472382,2024,Control of Corruption,estimate
"Iran, Islamic Rep.",IRN,Control of Corruption - Governance estimate (approx. -2.5 to +2.5),GOV_WGI_CC.EST,-1.1472382,2024,Control of Corruption,estimate
"Iran, Islamic Rep.",IRN,Control of Corruption - Governance score (0-100),GOV_WGI_CC.SC,32.4788862,2015,Control of Corruption,score_0_100
"Iran, Islamic Rep.",IRN,Control of Corruption - Governance score (0-100),GOV_WGI_CC.SC,32.4788862,2015,Control of Corruption,score_0_100
"Iran, Islamic Rep.",IRN,Control of Corruption - Governance score (0-100),GOV_WGI_CC.SC,34.5728163,2016,Control of Corruption,score_0_100
"Iran, Islamic Rep.",IRN,Control of Corruption - Governance score (0-100),GOV_WGI_CC.SC,34.5728163,2016,Control of Corruption,score_0_100
"Iran, Islamic Rep.",IRN,Control of Corruption - Governance score (0-100),GOV_WGI_CC.SC,33.6625039,2017,Control of Corruption,score_0_100
"Iran, Islamic Rep.",IRN,Control of Corruption - Governance score (0-100),GOV_WGI_CC.SC,33.6625039,2017,Control of Corruption,score_0_100
"Iran, Islamic Rep.",IRN,Control of Corruption - Governance score (0-100),GOV_WGI_CC.SC,28.7856927,2018,Control of Corruption,score_0_100
"Iran, Islamic Rep.",IRN,Control of Corruption - Governance score (0-100),GOV_WGI_CC.SC,28.7856927,2018,Control of Corruption,score_0_100
"Iran, Islamic Rep.",IRN,Control of Corruption - Governance score (0-100),GOV_WGI_CC.SC,27.77613,2019,Control of Corruption,score_0_100
"Iran, Islamic Rep.",IRN,Control of Corruption - Governance score (0-100),GOV_WGI_CC.SC,27.77613,2019,Control of Corruption,score_0_100
"Iran, Islamic Rep.",IRN,Control of Corruption - Governance score (0-100),GOV_WGI_CC.SC,25.4997346,2020,Control of Corruption,score_0_100
"Iran, Islamic Rep.",IRN,Control of Corruption - Governance score (0-100),GOV_WGI_CC.SC,25.4997346,2020,Control of Corruption,score_0_100
"Iran, Islamic Rep.",IRN,Control of Corruption - Governance score (0-100),GOV_WGI_CC.SC,25.0474517,2021,Control of Corruption,score_0_100
"Iran, Islamic Rep.",IRN,Control of Corruption - Governance score (0-100),GOV_WGI_CC.SC,25.0474517,2021,Control of Corruption,score_0_100
"Iran, Islamic Rep.",IRN,Control of Corruption - Governance score (0-100),GOV_WGI_CC.SC,24.943143,2022,Control of Corruption,score_0_100
"Iran, Islamic Rep.",IRN,Control of Corruption - Governance score (0-100),GOV_WGI_CC.SC,24.943143,2022,Control of Corruption,score_0_100
"Iran, Islamic Rep.",IRN,Control of Corruption - Governance score (0-100),GOV_WGI_CC.SC,24.1493632,2023,Control of Corruption,score_0_100
"Iran, Islamic Rep.",IRN,Control of Corruption - Governance score (0-100),GOV_WGI_CC.SC,24.1493632,2023,Control of Corruption,score_0_100
"Iran, Islamic Rep.",IRN,Control of Corruption - Governance score (0-100),GOV_WGI_CC.SC,24.6329658,2024,Control of Corruption,score_0_100
"Iran, Islamic Rep.",IRN,Control of Corruption - Governance score (0-100),GOV_WGI_CC.SC,24.6329658,2024,Control of Corruption,score_0_100
"Iran, Islamic Rep.",IRN,Government Effectiveness - Governance estimate (approx. -2.5 to +2.5),GOV_WGI_GE.EST,-0.1918034,2015,Government Effectiveness,estimate
"Iran, Islamic Rep.",IRN,Government Effectiveness - Governance estimate (approx. -2.5 to +2.5),GOV_WGI_GE.EST,-0.1918034,2015,Government Effectiveness,estimate
"Iran, Islamic Rep.",IRN,Government Effectiveness - Governance estimate (approx. -2.5 to +2.5),GOV_WGI_GE.EST,-0.2031626,2016,Government Effectiveness,estimate
"Iran, Islamic Rep.",IRN,Government Effectiveness - Governance estimate (approx. -2.5 to +2.5),GOV_WGI_GE.EST,-0.2031626,2016,Government Effectiveness,estimate
"Iran, Islamic Rep.",IRN,Government Effectiveness - Governance estimate (approx. -2.5 to +2.5),GOV_WGI_GE.EST,-0.1973883,2017,Government Effectiveness,estimate
"Iran, Islamic Rep.",IRN,Government Effectiveness - Governance estimate (approx. -2.5 to +2.5),GOV_WGI_GE.EST,-0.1973883,2017,Government Effectiveness,estimate
"Iran, Islamic Rep.",IRN,Government Effectiveness - Governance estimate (approx. -2.5 to +2.5),GOV_WGI_GE.EST,-0.2727406,2018,Government Effectiveness,estimate
"Iran, Islamic Rep.",IRN,Government Effectiveness - Governance estimate (approx. -2.5 to +2.5),GOV_WGI_GE.EST,-0.2727406,2018,Government Effectiveness,estimate
"Iran, Islamic Rep.",IRN,Government Effectiveness - Governance estimate (approx. -2.5 to +2.5),GOV_WGI_GE.EST,-0.4172702,2019,Government Effectiveness,estimate
"Iran, Islamic Rep.",IRN,Government Effectiveness - Governance estimate (approx. -2.5 to +2.5),GOV_WGI_GE.EST,-0.4172702,2019,Government Effectiveness,estimate
"Iran, Islamic Rep.",IRN,Government Effectiveness - Governance estimate (approx. -2.5 to +2.5),GOV_WGI_GE.EST,-0.7071428,2020,Government Effectiveness,estimate
"Iran, Islamic Rep.",IRN,Government Effectiveness - Governance estimate (approx. -2.5 to +2.5),GOV_WGI_GE.EST,-0.7071428,2020,Government Effectiveness,estimate
"Iran, Islamic Rep.",IRN,Government Effectiveness - Governance estimate (approx. -2.5 to +2.5),GOV_WGI_GE.EST,-0.6566521,2021,Government Effectiveness,estimate
"Iran, Islamic Rep.",IRN,Government Effectiveness - Governance estimate (approx. -2.5 to +2.5),GOV_WGI_GE.EST,-0.6566521,2021,Government Effectiveness,estimate
"Iran, Islamic Rep.",IRN,Government Effectiveness - Governance estimate (approx. -2.5 to +2.5),GOV_WGI_GE.EST,-0.7076616,2022,Government Effectiveness,estimate
"Iran, Islamic Rep.",IRN,Government Effectiveness - Governance estimate (approx. -2.5 to +2.5),GOV_WGI_GE.EST,-0.7076616,2022,Government Effectiveness,estimate
"Iran, Islamic Rep.",IRN,Government Effectiveness - Governance estimate (approx. -2.5 to +2.5),GOV_WGI_GE.EST,-0.7402272,2023,Government Effectiveness,estimate
"Iran, Islamic Rep.",IRN,Government Effectiveness - Governance estimate (approx. -2.5 to +2.5),GOV_WGI_GE.EST,-0.7402272,2023,Government Effectiveness,estimate
"Iran, Islamic Rep.",IRN,Government Effectiveness - Governance estimate (approx. -2.5 to +2.5),GOV_WGI_GE.EST,-0.7061233,2024,Government Effectiveness,estimate
"Iran, Islamic Rep.",IRN,Government Effectiveness - Governance estimate (approx. -2.5 to +2.5),GOV_WGI_GE.EST,-0.7061233,2024,Government Effectiveness,estimate
"Iran, Islamic Rep.",IRN,Government Effectiveness - Governance score (0-100),GOV_WGI_GE.SC,47.6110494,2015,Government Effectiveness,score_0_100
"Iran, Islamic Rep.",IRN,Government Effectiveness - Governance score (0-100),GOV_WGI_GE.SC,47.6110494,2015,Government Effectiveness,score_0_100
"Iran, Islamic Rep.",IRN,Government Effectiveness - Governance score (0-100),GOV_WGI_GE.SC,47.3901809,2016,Government Effectiveness,score_0_100
"Iran, Islamic Rep.",IRN,Government Effectiveness - Governance score (0-100),GOV_WGI_GE.SC,47.3901809,2016,Government Effectiveness,score_0_100
"Iran, Islamic Rep.",IRN,Government Effectiveness - Governance score (0-100),GOV_WGI_GE.SC,47.5024565,2017,Government Effectiveness,score_0_100
"Iran, Islamic Rep.",IRN,Government Effectiveness - Governance score (0-100),GOV_WGI_GE.SC,47.5024565,2017,Government Effectiveness,score_0_100
"Iran, Islamic Rep.",IRN,Government Effectiveness - Governance score (0-100),GOV_WGI_GE.SC,46.0373048,2018,Government Effectiveness,score_0_100
"Iran, Islamic Rep.",IRN,Government Effectiveness - Governance score (0-100),GOV_WGI_GE.SC,46.0373048,2018,Government Effectiveness,score_0_100
"Iran, Islamic Rep.",IRN,Government Effectiveness - Governance score (0-100),GOV_WGI_GE.SC,43.2270684,2019,Government Effectiveness,score_0_100
"Iran, Islamic Rep.",IRN,Government Effectiveness - Governance score (0-100),GOV_WGI_GE.SC,43.2270684,2019,Government Effectiveness,score_0_100
"Iran, Islamic Rep.",IRN,Government Effectiveness - Governance score (0-100),GOV_WGI_GE.SC,37.5907798,2020,Government Effectiveness,score_0_100
"Iran, Islamic Rep.",IRN,Government Effectiveness - Governance score (0-100),GOV_WGI_GE.SC,37.5907798,2020,Government Effectiveness,score_0_100
"Iran, Islamic Rep.",IRN,Government Effectiveness - Governance score (0-100),GOV_WGI_GE.SC,38.5725219,2021,Government Effectiveness,score_0_100
"Iran, Islamic Rep.",IRN,Government Effectiveness - Governance score (0-100),GOV_WGI_GE.SC,38.5725219,2021,Government Effectiveness,score_0_100
"Iran, Islamic Rep.",IRN,Government Effectiveness - Governance score (0-100),GOV_WGI_GE.SC,37.5806922,2022,Government Effectiveness,score_0_100
"Iran, Islamic Rep.",IRN,Government Effectiveness - Governance score (0-100),GOV_WGI_GE.SC,37.5806922,2022,Government Effectiveness,score_0_100
"Iran, Islamic Rep.",IRN,Government Effectiveness - Governance score (0-100),GOV_WGI_GE.SC,36.947486,2023,Government Effectiveness,score_0_100
"Iran, Islamic Rep.",IRN,Government Effectiveness - Governance score (0-100),GOV_WGI_GE.SC,36.947486,2023,Government Effectiveness,score_0_100
"Iran, Islamic Rep.",IRN,Government Effectiveness - Governance score (0-100),GOV_WGI_GE.SC,37.6106029,2024,Government Effectiveness,score_0_100
"Iran, Islamic Rep.",IRN,Government Effectiveness - Governance score (0-100),GOV_WGI_GE.SC,37.6106029,2024,Government Effectiveness,score_0_100
"Iran, Islamic Rep.",IRN,Political Stability - Governance estimate (approx. -2.5 to +2.5),GOV_WGI_PV.EST,-0.7896962,2015,Political Stability,estimate
"Iran, Islamic Rep.",IRN,Political Stability - Governance estimate (approx. -2.5 to +2.5),GOV_WGI_PV.EST,-0.7896962,2015,Political Stability,estimate
"Iran, Islamic Rep.",IRN,Political Stability - Governance estimate (approx. -2.5 to +2.5),GOV_WGI_PV.EST,-0.6448832,2016,Political Stability,estimate
"Iran, Islamic Rep.",IRN,Political Stability - Governance estimate (approx. -2.5 to +2.5),GOV_WGI_PV.EST,-0.6448832,2016,Political Stability,estimate
"Iran, Islamic Rep.",IRN,Political Stability - Governance estimate (approx. -2.5 to +2.5),GOV_WGI_PV.EST,-0.699443,2017,Political Stability,estimate
"Iran, Islamic Rep.",IRN,Political Stability - Governance estimate (approx. -2.5 to +2.5),GOV_WGI_PV.EST,-0.699443,2017,Political Stability,estimate
"Iran, Islamic Rep.",IRN,Political Stability - Governance estimate (approx. -2.5 to +2.5),GOV_WGI_PV.EST,-0.9686014,2018,Political Stability,estimate
"Iran, Islamic Rep.",IRN,Political Stability - Governance estimate (approx. -2.5 to +2.5),GOV_WGI_PV.EST,-0.9686014,2018,Political Stability,estimate
"Iran, Islamic Rep.",IRN,Political Stability - Governance estimate (approx. -2.5 to +2.5),GOV_WGI_PV.EST,-1.2556127,2019,Political Stability,estimate
"Iran, Islamic Rep.",IRN,Political Stability - Governance estimate (approx. -2.5 to +2.5),GOV_WGI_PV.EST,-1.2556127,2019,Political Stability,estimate
"Iran, Islamic Rep.",IRN,Political Stability - Governance estimate (approx. -2.5 to +2.5),GOV_WGI_PV.EST,-1.2213247,2020,Political Stability,estimate
"Iran, Islamic Rep.",IRN,Political Stability - Governance estimate (approx. -2.5 to +2.5),GOV_WGI_PV.EST,-1.2213247,2020,Political Stability,estimate
"Iran, Islamic Rep.",IRN,Political Stability - Governance estimate (approx. -2.5 to +2.5),GOV_WGI_PV.EST,-1.1577773,2021,Political Stability,estimate
"Iran, Islamic Rep.",IRN,Political Stability - Governance estimate (approx. -2.5 to +2.5),GOV_WGI_PV.EST,-1.1577773,2021,Political Stability,estimate
"Iran, Islamic Rep.",IRN,Political Stability - Governance estimate (approx. -2.5 to +2.5),GOV_WGI_PV.EST,-1.1448403,2022,Political Stability,estimate
"Iran, Islamic Rep.",IRN,Political Stability - Governance estimate (approx. -2.5 to +2.5),GOV_WGI_PV.EST,-1.1448403,2022,Political Stability,estimate
"Iran, Islamic Rep.",IRN,Political Stability - Governance estimate (approx. -2.5 to +2.5),GOV_WGI_PV.EST,-1.2694112,2023,Political Stability,estimate
"Iran, Islamic Rep.",IRN,Political Stability - Governance estimate (approx. -2.5 to +2.5),GOV_WGI_PV.EST,-1.2694112,2023,Political Stability,estimate
"Iran, Islamic Rep.",IRN,Political Stability - Governance estimate (approx. -2.5 to +2.5),GOV_WGI_PV.EST,-1.5811884,2024,Political Stability,estimate
"Iran, Islamic Rep.",IRN,Political Stability - Governance estimate (approx. -2.5 to +2.5),GOV_WGI_PV.EST,-1.5811884,2024,Political Stability,estimate
"Iran, Islamic Rep.",IRN,Political Stability - Governance score (0-100),GOV_WGI_PV.SC,52.4051184,2015,Political Stability,score_0_100
"Iran, Islamic Rep.",IRN,Political Stability - Governance score (0-100),GOV_WGI_PV.SC,52.4051184,2015,Political Stability,score_0_100
"Iran, Islamic Rep.",IRN,Political Stability - Governance score (0-100),GOV_WGI_PV.SC,54.8787562,2016,Political Stability,score_0_100
"Iran, Islamic Rep.",IRN,Political Stability - Governance score (0-100),GOV_WGI_PV.SC,54.8787562,2016,Political Stability,score_0_100
"Iran, Islamic Rep.",IRN,Political Stability - Governance score (0-100),GOV_WGI_PV.SC,53.9467875,2017,Political Stability,score_0_100
"Iran, Islamic Rep.",IRN,Political Stability - Governance score (0-100),GOV_WGI_PV.SC,53.9467875,2017,Political Stability,score_0_100
"Iran, Islamic Rep.",IRN,Political Stability - Governance score (0-100),GOV_WGI_PV.SC,49.3491312,2018,Political Stability,score_0_100
"Iran, Islamic Rep.",IRN,Political Stability - Governance score (0-100),GOV_WGI_PV.SC,49.3491312,2018,Political Stability,score_0_100
"Iran, Islamic Rep.",IRN,Political Stability - Governance score (0-100),GOV_WGI_PV.SC,44.4465189,2019,Political Stability,score_0_100
"Iran, Islamic Rep.",IRN,Political Stability - Governance score (0-100),GOV_WGI_PV.SC,44.4465189,2019,Political Stability,score_0_100
"Iran, Islamic Rep.",IRN,Political Stability - Governance score (0-100),GOV_WGI_PV.SC,45.0322128,2020,Political Stability,score_0_100
"Iran, Islamic Rep.",IRN,Political Stability - Governance score (0-100),GOV_WGI_PV.SC,45.0322128,2020,Political Stability,score_0_100
"Iran, Islamic Rep.",IRN,Political Stability - Governance score (0-100),GOV_WGI_PV.SC,46.1177041,2021,Political Stability,score_0_100
"Iran, Islamic Rep.",IRN,Political Stability - Governance score (0-100),GOV_WGI_PV.SC,46.1177041,2021,Political Stability,score_0_100
"Iran, Islamic Rep.",IRN,Political Stability - Governance score (0-100),GOV_WGI_PV.SC,46.3386888,2022,Political Stability,score_0_100
"Iran, Islamic Rep.",IRN,Political Stability - Governance score (0-100),GOV_WGI_PV.SC,46.3386888,2022,Political Stability,score_0_100
"Iran, Islamic Rep.",IRN,Political Stability - Governance score (0-100),GOV_WGI_PV.SC,44.2108184,2023,Political Stability,score_0_100
"Iran, Islamic Rep.",IRN,Political Stability - Governance score (0-100),GOV_WGI_PV.SC,44.2108184,2023,Political Stability,score_0_100
"Iran, Islamic Rep.",IRN,Political Stability - Governance score (0-100),GOV_WGI_PV.SC,38.8851649,2024,Political Stability,score_0_100
"Iran, Islamic Rep.",IRN,Political Stability - Governance score (0-100),GOV_WGI_PV.SC,38.8851649,2024,Political Stability,score_0_100
"Iran, Islamic Rep.",IRN,Rule of Law - Governance estimate (approx. -2.5 to +2.5),GOV_WGI_RL.EST,-0.9741059,2015,Rule of Law,estimate
"Iran, Islamic Rep.",IRN,Rule of Law - Governance estimate (approx. -2.5 to +2.5),GOV_WGI_RL.EST,-0.9741059,2015,Rule of Law,estimate
"Iran, Islamic Rep.",IRN,Rule of Law - Governance estimate (approx. -2.5 to +2.5),GOV_WGI_RL.EST,-0.9735795,2016,Rule of Law,estimate
"Iran, Islamic Rep.",IRN,Rule of Law - Governance estimate (approx. -2.5 to +2.5),GOV_WGI_RL.EST,-0.9735795,2016,Rule of Law,estimate
"Iran, Islamic Rep.",IRN,Rule of Law - Governance estimate (approx. -2.5 to +2.5),GOV_WGI_RL.EST,-0.9283776,2017,Rule of Law,estimate
"Iran, Islamic Rep.",IRN,Rule of Law - Governance estimate (approx. -2.5 to +2.5),GOV_WGI_RL.EST,-0.9283776,2017,Rule of Law,estimate
"Iran, Islamic Rep.",IRN,Rule of Law - Governance estimate (approx. -2.5 to +2.5),GOV_WGI_RL.EST,-0.969023,2018,Rule of Law,estimate
"Iran, Islamic Rep.",IRN,Rule of Law - Governance estimate (approx. -2.5 to +2.5),GOV_WGI_RL.EST,-0.969023,2018,Rule of Law,estimate
"Iran, Islamic Rep.",IRN,Rule of Law - Governance estimate (approx. -2.5 to +2.5),GOV_WGI_RL.EST,-1.0537229,2019,Rule of Law,estimate
"Iran, Islamic Rep.",IRN,Rule of Law - Governance estimate (approx. -2.5 to +2.5),GOV_WGI_RL.EST,-1.0537229,2019,Rule of Law,estimate
"Iran, Islamic Rep.",IRN,Rule of Law - Governance estimate (approx. -2.5 to +2.5),GOV_WGI_RL.EST,-1.0270682,2020,Rule of Law,estimate
"Iran, Islamic Rep.",IRN,Rule of Law - Governance estimate (approx. -2.5 to +2.5),GOV_WGI_RL.EST,-1.0270682,2020,Rule of Law,estimate
"Iran, Islamic Rep.",IRN,Rule of Law - Governance estimate (approx. -2.5 to +2.5),GOV_WGI_RL.EST,-1.0690002,2021,Rule of Law,estimate
"Iran, Islamic Rep.",IRN,Rule of Law - Governance estimate (approx. -2.5 to +2.5),GOV_WGI_RL.EST,-1.0690002,2021,Rule of Law,estimate
"Iran, Islamic Rep.",IRN,Rule of Law - Governance estimate (approx. -2.5 to +2.5),GOV_WGI_RL.EST,-1.1257877,2022,Rule of Law,estimate
"Iran, Islamic Rep.",IRN,Rule of Law - Governance estimate (approx. -2.5 to +2.5),GOV_WGI_RL.EST,-1.1257877,2022,Rule of Law,estimate
"Iran, Islamic Rep.",IRN,Rule of Law - Governance estimate (approx. -2.5 to +2.5),GOV_WGI_RL.EST,-1.200463,2023,Rule of Law,estimate
"Iran, Islamic Rep.",IRN,Rule of Law - Governance estimate (approx. -2.5 to +2.5),GOV_WGI_RL.EST,-1.200463,2023,Rule of Law,estimate
"Iran, Islamic Rep.",IRN,Rule of Law - Governance estimate (approx. -2.5 to +2.5),GOV_WGI_RL.EST,-1.2348012,2024,Rule of Law,estimate
"Iran, Islamic Rep.",IRN,Rule of Law - Governance estimate (approx. -2.5 to +2.5),GOV_WGI_RL.EST,-1.2348012,2024,Rule of Law,estimate
"Iran, Islamic Rep.",IRN,Rule of Law - Governance score (0-100),GOV_WGI_RL.SC,40.1996627,2015,Rule of Law,score_0_100
"Iran, Islamic Rep.",IRN,Rule of Law - Governance score (0-100),GOV_WGI_RL.SC,40.1996627,2015,Rule of Law,score_0_100
"Iran, Islamic Rep.",IRN,Rule of Law - Governance score (0-100),GOV_WGI_RL.SC,40.2087225,2016,Rule of Law,score_0_100
"Iran, Islamic Rep.",IRN,Rule of Law - Governance score (0-100),GOV_WGI_RL.SC,40.2087225,2016,Rule of Law,score_0_100
"Iran, Islamic Rep.",IRN,Rule of Law - Governance score (0-100),GOV_WGI_RL.SC,40.986679,2017,Rule of Law,score_0_100
"Iran, Islamic Rep.",IRN,Rule of Law - Governance score (0-100),GOV_WGI_RL.SC,40.986679,2017,Rule of Law,score_0_100
"Iran, Islamic Rep.",IRN,Rule of Law - Governance score (0-100),GOV_WGI_RL.SC,40.287143,2018,Rule of Law,score_0_100
"Iran, Islamic Rep.",IRN,Rule of Law - Governance score (0-100),GOV_WGI_RL.SC,40.287143,2018,Rule of Law,score_0_100
"Iran, Islamic Rep.",IRN,Rule of Law - Governance score (0-100),GOV_WGI_RL.SC,38.8293982,2019,Rule of Law,score_0_100
"Iran, Islamic Rep.",IRN,Rule of Law - Governance score (0-100),GOV_WGI_RL.SC,38.8293982,2019,Rule of Law,score_0_100
"Iran, Islamic Rep.",IRN,Rule of Law - Governance score (0-100),GOV_WGI_RL.SC,39.2881443,2020,Rule of Law,score_0_100
"Iran, Islamic Rep.",IRN,Rule of Law - Governance score (0-100),GOV_WGI_RL.SC,39.2881443,2020,Rule of Law,score_0_100
"Iran, Islamic Rep.",IRN,Rule of Law - Governance score (0-100),GOV_WGI_RL.SC,38.5664651,2021,Rule of Law,score_0_100
"Iran, Islamic Rep.",IRN,Rule of Law - Governance score (0-100),GOV_WGI_RL.SC,38.5664651,2021,Rule of Law,score_0_100
"Iran, Islamic Rep.",IRN,Rule of Law - Governance score (0-100),GOV_WGI_RL.SC,37.5891123,2022,Rule of Law,score_0_100
"Iran, Islamic Rep.",IRN,Rule of Law - Governance score (0-100),GOV_WGI_RL.SC,37.5891123,2022,Rule of Law,score_0_100
"Iran, Islamic Rep.",IRN,Rule of Law - Governance score (0-100),GOV_WGI_RL.SC,36.3038979,2023,Rule of Law,score_0_100
"Iran, Islamic Rep.",IRN,Rule of Law - Governance score (0-100),GOV_WGI_RL.SC,36.3038979,2023,Rule of Law,score_0_100
"Iran, Islamic Rep.",IRN,Rule of Law - Governance score (0-100),GOV_WGI_RL.SC,35.7129133,2024,Rule of Law,score_0_100
"Iran, Islamic Rep.",IRN,Rule of Law - Governance score (0-100),GOV_WGI_RL.SC,35.7129133,2024,Rule of Law,score_0_100
Iraq,IRQ,Control of Corruption - Governance estimate (approx. -2.5 to +2.5),GOV_WGI_CC.EST,-1.393567,2015,Control of Corruption,estimate
Iraq,IRQ,Control of Corruption - Governance estimate (approx. -2.5 to +2.5),GOV_WGI_CC.EST,-1.393567,2015,Control of Corruption,estimate
Iraq,IRQ,Control of Corruption - Governance estimate (approx. -2.5 to +2.5),GOV_WGI_CC.EST,-1.4012064,2016,Control of Corruption,estimate
Iraq,IRQ,Control of Corruption - Governance estimate (approx. -2.5 to +2.5),GOV_WGI_CC.EST,-1.4012064,2016,Control of Corruption,estimate
Iraq,IRQ,Control of Corruption - Governance estimate (approx. -2.5 to +2.5),GOV_WGI_CC.EST,-1.4065197,2017,Control of Corruption,estimate
Iraq,IRQ,Control of Corruption - Governance estimate (approx. -2.5 to +2.5),GOV_WGI_CC.EST,-1.4065197,2017,Control of Corruption,estimate
Iraq,IRQ,Control of Corruption - Governance estimate (approx. -2.5 to +2.5),GOV_WGI_CC.EST,-1.4767763,2018,Control of Corruption,estimate
Iraq,IRQ,Control of Corruption - Governance estimate (approx. -2.5 to +2.5),GOV_WGI_CC.EST,-1.4767763,2018,Control of Corruption,estimate
Iraq,IRQ,Control of Corruption - Governance estimate (approx. -2.5 to +2.5),GOV_WGI_CC.EST,-1.4433306,2019,Control of Corruption,estimate
Iraq,IRQ,Control of Corruption - Governance estimate (approx. -2.5 to +2.5),GOV_WGI_CC.EST,-1.4433306,2019,Control of Corruption,estimate
Iraq,IRQ,Control of Corruption - Governance estimate (approx. -2.5 to +2.5),GOV_WGI_CC.EST,-1.3692381,2020,Control of Corruption,estimate
Iraq,IRQ,Control of Corruption - Governance estimate (approx. -2.5 to +2.5),GOV_WGI_CC.EST,-1.3692381,2020,Control of Corruption,estimate
Iraq,IRQ,Control of Corruption - Governance estimate (approx. -2.5 to +2.5),GOV_WGI_CC.EST,-1.3740087,2021,Control of Corruption,estimate
Iraq,IRQ,Control of Corruption - Governance estimate (approx. -2.5 to +2.5),GOV_WGI_CC.EST,-1.3740087,2021,Control of Corruption,estimate
Iraq,IRQ,Control of Corruption - Governance estimate (approx. -2.5 to +2.5),GOV_WGI_CC.EST,-1.3733485,2022,Control of Corruption,estimate
Iraq,IRQ,Control of Corruption - Governance estimate (approx. -2.5 to +2.5),GOV_WGI_CC.EST,-1.3733485,2022,Control of Corruption,estimate
Iraq,IRQ,Control of Corruption - Governance estimate (approx. -2.5 to +2.5),GOV_WGI_CC.EST,-1.4169702,2023,Control of Corruption,estimate
Iraq,IRQ,Control of Corruption - Governance estimate (approx. -2.5 to +2.5),GOV_WGI_CC.EST,-1.4169702,2023,Control of Corruption,estimate
Iraq,IRQ,Control of Corruption - Governance estimate (approx. -2.5 to +2.5),GOV_WGI_CC.EST,-1.2050155,2024,Control of Corruption,estimate
Iraq,IRQ,Control of Corruption - Governance estimate (approx. -2.5 to +2.5),GOV_WGI_CC.EST,-1.2050155,2024,Control of Corruption,estimate
Iraq,IRQ,Control of Corruption - Governance score (0-100),GOV_WGI_CC.SC,19.6468929,2015,Control of Corruption,score_0_100
Iraq,IRQ,Control of Corruption - Governance score (0-100),GOV_WGI_CC.SC,19.6468929,2015,Control of Corruption,score_0_100
Iraq,IRQ,Control of Corruption - Governance score (0-100),GOV_WGI_CC.SC,19.4922597,2016,Control of Corruption,score_0_100
Iraq,IRQ,Control of Corruption - Governance score (0-100),GOV_WGI_CC.SC,19.4922597,2016,Control of Corruption,score_0_100
Iraq,IRQ,Control of Corruption - Governance score (0-100),GOV_WGI_CC.SC,19.3847104,2017,Control of Corruption,score_0_100
Iraq,IRQ,Control of Corruption - Governance score (0-100),GOV_WGI_CC.SC,19.3847104,2017,Control of Corruption,score_0_100
Iraq,IRQ,Control of Corruption - Governance score (0-100),GOV_WGI_CC.SC,17.962609,2018,Control of Corruption,score_0_100
Iraq,IRQ,Control of Corruption - Governance score (0-100),GOV_WGI_CC.SC,17.962609,2018,Control of Corruption,score_0_100
Iraq,IRQ,Control of Corruption - Governance score (0-100),GOV_WGI_CC.SC,18.6396013,2019,Control of Corruption,score_0_100
Iraq,IRQ,Control of Corruption - Governance score (0-100),GOV_WGI_CC.SC,18.6396013,2019,Control of Corruption,score_0_100
Iraq,IRQ,Control of Corruption - Governance score (0-100),GOV_WGI_CC.SC,20.1393472,2020,Control of Corruption,score_0_100
Iraq,IRQ,Control of Corruption - Governance score (0-100),GOV_WGI_CC.SC,20.1393472,2020,Control of Corruption,score_0_100
Iraq,IRQ,Control of Corruption - Governance score (0-100),GOV_WGI_CC.SC,20.0427829,2021,Control of Corruption,score_0_100
Iraq,IRQ,Control of Corruption - Governance score (0-100),GOV_WGI_CC.SC,20.0427829,2021,Control of Corruption,score_0_100
Iraq,IRQ,Control of Corruption - Governance score (0-100),GOV_WGI_CC.SC,20.0561464,2022,Control of Corruption,score_0_100
Iraq,IRQ,Control of Corruption - Governance score (0-100),GOV_WGI_CC.SC,20.0561464,2022,Control of Corruption,score_0_100
Iraq,IRQ,Control of Corruption - Governance score (0-100),GOV_WGI_CC.SC,19.1731762,2023,Control of Corruption,score_0_100
Iraq,IRQ,Control of Corruption - Governance score (0-100),GOV_WGI_CC.SC,19.1731762,2023,Control of Corruption,score_0_100
Iraq,IRQ,Control of Corruption - Governance score (0-100),GOV_WGI_CC.SC,23.4634646,2024,Control of Corruption,score_0_100
Iraq,IRQ,Control of Corruption - Governance score (0-100),GOV_WGI_CC.SC,23.4634646,2024,Control of Corruption,score_0_100
Iraq,IRQ,Government Effectiveness - Governance estimate (approx. -2.5 to +2.5),GOV_WGI_GE.EST,-1.0793082,2015,Government Effectiveness,estimate
Iraq,IRQ,Government Effectiveness - Governance estimate (approx. -2.5 to +2.5),GOV_WGI_GE.EST,-1.0793082,2015,Government Effectiveness,estimate
Iraq,IRQ,Government Effectiveness - Governance estimate (approx. -2.5 to +2.5),GOV_WGI_GE.EST,-1.0919194,2016,Government Effectiveness,estimate
Iraq,IRQ,Government Effectiveness - Governance estimate (approx. -2.5 to +2.5),GOV_WGI_GE.EST,-1.0919194,2016,Government Effectiveness,estimate
Iraq,IRQ,Government Effectiveness - Governance estimate (approx. -2.5 to +2.5),GOV_WGI_GE.EST,-1.0918167,2017,Government Effectiveness,estimate
Iraq,IRQ,Government Effectiveness - Governance estimate (approx. -2.5 to +2.5),GOV_WGI_GE.EST,-1.0918167,2017,Government Effectiveness,estimate
Iraq,IRQ,Government Effectiveness - Governance estimate (approx. -2.5 to +2.5),GOV_WGI_GE.EST,-1.0744668,2018,Government Effectiveness,estimate
Iraq,IRQ,Government Effectiveness - Governance estimate (approx. -2.5 to +2.5),GOV_WGI_GE.EST,-1.0744668,2018,Government Effectiveness,estimate
Iraq,IRQ,Government Effectiveness - Governance estimate (approx. -2.5 to +2.5),GOV_WGI_GE.EST,-1.1066349,2019,Government Effectiveness,estimate
Iraq,IRQ,Government Effectiveness - Governance estimate (approx. -2.5 to +2.5),GOV_WGI_GE.EST,-1.1066349,2019,Government Effectiveness,estimate
Iraq,IRQ,Government Effectiveness - Governance estimate (approx. -2.5 to +2.5),GOV_WGI_GE.EST,-1.217842,2020,Government Effectiveness,estimate
Iraq,IRQ,Government Effectiveness - Governance estimate (approx. -2.5 to +2.5),GOV_WGI_GE.EST,-1.217842,2020,Government Effectiveness,estimate
Iraq,IRQ,Government Effectiveness - Governance estimate (approx. -2.5 to +2.5),GOV_WGI_GE.EST,-1.2310377,2021,Government Effectiveness,estimate
Iraq,IRQ,Government Effectiveness - Governance estimate (approx. -2.5 to +2.5),GOV_WGI_GE.EST,-1.2310377,2021,Government Effectiveness,estimate
Iraq,IRQ,Government Effectiveness - Governance estimate (approx. -2.5 to +2.5),GOV_WGI_GE.EST,-1.223854,2022,Government Effectiveness,estimate
Iraq,IRQ,Government Effectiveness - Governance estimate (approx. -2.5 to +2.5),GOV_WGI_GE.EST,-1.223854,2022,Government Effectiveness,estimate
Iraq,IRQ,Government Effectiveness - Governance estimate (approx. -2.5 to +2.5),GOV_WGI_GE.EST,-1.3398894,2023,Government Effectiveness,estimate
Iraq,IRQ,Government Effectiveness - Governance estimate (approx. -2.5 to +2.5),GOV_WGI_GE.EST,-1.3398894,2023,Government Effectiveness,estimate
Iraq,IRQ,Government Effectiveness - Governance estimate (approx. -2.5 to +2.5),GOV_WGI_GE.EST,-1.1018847,2024,Government Effectiveness,estimate
Iraq,IRQ,Government Effectiveness - Governance estimate (approx. -2.5 to +2.5),GOV_WGI_GE.EST,-1.1018847,2024,Government Effectiveness,estimate
Iraq,IRQ,Government Effectiveness - Governance score (0-100),GOV_WGI_GE.SC,30.3543883,2015,Government Effectiveness,score_0_100
Iraq,IRQ,Government Effectiveness - Governance score (0-100),GOV_WGI_GE.SC,30.3543883,2015,Government Effectiveness,score_0_100
Iraq,IRQ,Government Effectiveness - Governance score (0-100),GOV_WGI_GE.SC,30.1091758,2016,Government Effectiveness,score_0_100
Iraq,IRQ,Government Effectiveness - Governance score (0-100),GOV_WGI_GE.SC,30.1091758,2016,Government Effectiveness,score_0_100
Iraq,IRQ,Government Effectiveness - Governance score (0-100),GOV_WGI_GE.SC,30.1111727,2017,Government Effectiveness,score_0_100
Iraq,IRQ,Government Effectiveness - Governance score (0-100),GOV_WGI_GE.SC,30.1111727,2017,Government Effectiveness,score_0_100
Iraq,IRQ,Government Effectiveness - Governance score (0-100),GOV_WGI_GE.SC,30.4485245,2018,Government Effectiveness,score_0_100
Iraq,IRQ,Government Effectiveness - Governance score (0-100),GOV_WGI_GE.SC,30.4485245,2018,Government Effectiveness,score_0_100
Iraq,IRQ,Government Effectiveness - Governance score (0-100),GOV_WGI_GE.SC,29.8230474,2019,Government Effectiveness,score_0_100
Iraq,IRQ,Government Effectiveness - Governance score (0-100),GOV_WGI_GE.SC,29.8230474,2019,Government Effectiveness,score_0_100
Iraq,IRQ,Government Effectiveness - Governance score (0-100),GOV_WGI_GE.SC,27.6607343,2020,Government Effectiveness,score_0_100
Iraq,IRQ,Government Effectiveness - Governance score (0-100),GOV_WGI_GE.SC,27.6607343,2020,Government Effectiveness,score_0_100
Iraq,IRQ,Government Effectiveness - Governance score (0-100),GOV_WGI_GE.SC,27.4041568,2021,Government Effectiveness,score_0_100
Iraq,IRQ,Government Effectiveness - Governance score (0-100),GOV_WGI_GE.SC,27.4041568,2021,Government Effectiveness,score_0_100
Iraq,IRQ,Government Effectiveness - Governance score (0-100),GOV_WGI_GE.SC,27.5438368,2022,Government Effectiveness,score_0_100
Iraq,IRQ,Government Effectiveness - Governance score (0-100),GOV_WGI_GE.SC,27.5438368,2022,Government Effectiveness,score_0_100
Iraq,IRQ,Government Effectiveness - Governance score (0-100),GOV_WGI_GE.SC,25.2876422,2023,Government Effectiveness,score_0_100
Iraq,IRQ,Government Effectiveness - Governance score (0-100),GOV_WGI_GE.SC,25.2876422,2023,Government Effectiveness,score_0_100
Iraq,IRQ,Government Effectiveness - Governance score (0-100),GOV_WGI_GE.SC,29.9154103,2024,Government Effectiveness,score_0_100
Iraq,IRQ,Government Effectiveness - Governance score (0-100),GOV_WGI_GE.SC,29.9154103,2024,Government Effectiveness,score_0_100
Iraq,IRQ,Political Stability - Governance estimate (approx. -2.5 to +2.5),GOV_WGI_PV.EST,-2.2449091,2015,Political Stability,estimate
Iraq,IRQ,Political Stability - Governance estimate (approx. -2.5 to +2.5),GOV_WGI_PV.EST,-2.2449091,2015,Political Stability,estimate
Iraq,IRQ,Political Stability - Governance estimate (approx. -2.5 to +2.5),GOV_WGI_PV.EST,-2.2291758,2016,Political Stability,estimate
Iraq,IRQ,Political Stability - Governance estimate (approx. -2.5 to +2.5),GOV_WGI_PV.EST,-2.2291758,2016,Political Stability,estimate
Iraq,IRQ,Political Stability - Governance estimate (approx. -2.5 to +2.5),GOV_WGI_PV.EST,-2.1677252,2017,Political Stability,estimate
Iraq,IRQ,Political Stability - Governance estimate (approx. -2.5 to +2.5),GOV_WGI_PV.EST,-2.1677252,2017,Political Stability,estimate
Iraq,IRQ,Political Stability - Governance estimate (approx. -2.5 to +2.5),GOV_WGI_PV.EST,-2.1719253,2018,Political Stability,estimate
Iraq,IRQ,Political Stability - Governance estimate (approx. -2.5 to +2.5),GOV_WGI_PV.EST,-2.1719253,2018,Political Stability,estimate
Iraq,IRQ,Political Stability - Governance estimate (approx. -2.5 to +2.5),GOV_WGI_PV.EST,-2.2227253,2019,Political Stability,estimate
Iraq,IRQ,Political Stability - Governance estimate (approx. -2.5 to +2.5),GOV_WGI_PV.EST,-2.2227253,2019,Political Stability,estimate
Iraq,IRQ,Political Stability - Governance estimate (approx. -2.5 to +2.5),GOV_WGI_PV.EST,-2.1814743,2020,Political Stability,estimate
Iraq,IRQ,Political Stability - Governance estimate (approx. -2.5 to +2.5),GOV_WGI_PV.EST,-2.1814743,2020,Political Stability,estimate
Iraq,IRQ,Political Stability - Governance estimate (approx. -2.5 to +2.5),GOV_WGI_PV.EST,-2.1722684,2021,Political Stability,estimate
Iraq,IRQ,Political Stability - Governance estimate (approx. -2.5 to +2.5),GOV_WGI_PV.EST,-2.1722684,2021,Political Stability,estimate
Iraq,IRQ,Political Stability - Governance estimate (approx. -2.5 to +2.5),GOV_WGI_PV.EST,-2.2294281,2022,Political Stability,estimate
Iraq,IRQ,Political Stability - Governance estimate (approx. -2.5 to +2.5),GOV_WGI_PV.EST,-2.2294281,2022,Political Stability,estimate
Iraq,IRQ,Political Stability - Governance estimate (approx. -2.5 to +2.5),GOV_WGI_PV.EST,-2.2246949,2023,Political Stability,estimate
Iraq,IRQ,Political Stability - Governance estimate (approx. -2.5 to +2.5),GOV_WGI_PV.EST,-2.2246949,2023,Political Stability,estimate
Iraq,IRQ,Political Stability - Governance estimate (approx. -2.5 to +2.5),GOV_WGI_PV.EST,-2.0642762,2024,Political Stability,estimate
Iraq,IRQ,Political Stability - Governance estimate (approx. -2.5 to +2.5),GOV_WGI_PV.EST,-2.0642762,2024,Political Stability,estimate
Iraq,IRQ,Political Stability - Governance score (0-100),GOV_WGI_PV.SC,27.5477532,2015,Political Stability,score_0_100
Iraq,IRQ,Political Stability - Governance score (0-100),GOV_WGI_PV.SC,27.5477532,2015,Political Stability,score_0_100
Iraq,IRQ,Political Stability - Governance score (0-100),GOV_WGI_PV.SC,27.8165031,2016,Political Stability,score_0_100
Iraq,IRQ,Political Stability - Governance score (0-100),GOV_WGI_PV.SC,27.8165031,2016,Political Stability,score_0_100
Iraq,IRQ,Political Stability - Governance score (0-100),GOV_WGI_PV.SC,28.8661777,2017,Political Stability,score_0_100
Iraq,IRQ,Political Stability - Governance score (0-100),GOV_WGI_PV.SC,28.8661777,2017,Political Stability,score_0_100
Iraq,IRQ,Political Stability - Governance score (0-100),GOV_WGI_PV.SC,28.7944333,2018,Political Stability,score_0_100
Iraq,IRQ,Political Stability - Governance score (0-100),GOV_WGI_PV.SC,28.7944333,2018,Political Stability,score_0_100
Iraq,IRQ,Political Stability - Governance score (0-100),GOV_WGI_PV.SC,27.926688,2019,Political Stability,score_0_100
Iraq,IRQ,Political Stability - Governance score (0-100),GOV_WGI_PV.SC,27.926688,2019,Political Stability,score_0_100
Iraq,IRQ,Political Stability - Governance score (0-100),GOV_WGI_PV.SC,28.6313211,2020,Political Stability,score_0_100
Iraq,IRQ,Political Stability - Governance score (0-100),GOV_WGI_PV.SC,28.6313211,2020,Political Stability,score_0_100
Iraq,IRQ,Political Stability - Governance score (0-100),GOV_WGI_PV.SC,28.7885726,2021,Political Stability,score_0_100
Iraq,IRQ,Political Stability - Governance score (0-100),GOV_WGI_PV.SC,28.7885726,2021,Political Stability,score_0_100
Iraq,IRQ,Political Stability - Governance score (0-100),GOV_WGI_PV.SC,27.8121934,2022,Political Stability,score_0_100
Iraq,IRQ,Political Stability - Governance score (0-100),GOV_WGI_PV.SC,27.8121934,2022,Political Stability,score_0_100
Iraq,IRQ,Political Stability - Governance score (0-100),GOV_WGI_PV.SC,27.893044,2023,Political Stability,score_0_100
Iraq,IRQ,Political Stability - Governance score (0-100),GOV_WGI_PV.SC,27.893044,2023,Political Stability,score_0_100
Iraq,IRQ,Political Stability - Governance score (0-100),GOV_WGI_PV.SC,30.6332522,2024,Political Stability,score_0_100
Iraq,IRQ,Political Stability - Governance score (0-100),GOV_WGI_PV.SC,30.6332522,2024,Political Stability,score_0_100
Iraq,IRQ,Rule of Law - Governance estimate (approx. -2.5 to +2.5),GOV_WGI_RL.EST,-1.4888668,2015,Rule of Law,estimate
Iraq,IRQ,Rule of Law - Governance estimate (approx. -2.5 to +2.5),GOV_WGI_RL.EST,-1.4888668,2015,Rule of Law,estimate
Iraq,IRQ,Rule of Law - Governance estimate (approx. -2.5 to +2.5),GOV_WGI_RL.EST,-1.5367903,2016,Rule of Law,estimate
Iraq,IRQ,Rule of Law - Governance estimate (approx. -2.5 to +2.5),GOV_WGI_RL.EST,-1.5367903,2016,Rule of Law,estimate
Iraq,IRQ,Rule of Law - Governance estimate (approx. -2.5 to +2.5),GOV_WGI_RL.EST,-1.5484905,2017,Rule of Law,estimate
Iraq,IRQ,Rule of Law - Governance estimate (approx. -2.5 to +2.5),GOV_WGI_RL.EST,-1.5484905,2017,Rule of Law,estimate
Iraq,IRQ,Rule of Law - Governance estimate (approx. -2.5 to +2.5),GOV_WGI_RL.EST,-1.4320497,2018,Rule of Law,estimate
Iraq,IRQ,Rule of Law - Governance estimate (approx. -2.5 to +2.5),GOV_WGI_RL.EST,-1.4320497,2018,Rule of Law,estimate
Iraq,IRQ,Rule of Law - Governance estimate (approx. -2.5 to +2.5),GOV_WGI_RL.EST,-1.37408,2019,Rule of Law,estimate
Iraq,IRQ,Rule of Law - Governance estimate (approx. -2.5 to +2.5),GOV_WGI_RL.EST,-1.37408,2019,Rule of Law,estimate
Iraq,IRQ,Rule of Law - Governance estimate (approx. -2.5 to +2.5),GOV_WGI_RL.EST,-1.512443,2020,Rule of Law,estimate
Iraq,IRQ,Rule of Law - Governance estimate (approx. -2.5 to +2.5),GOV_WGI_RL.EST,-1.512443,2020,Rule of Law,estimate
Iraq,IRQ,Rule of Law - Governance estimate (approx. -2.5 to +2.5),GOV_WGI_RL.EST,-1.4374976,2021,Rule of Law,estimate
Iraq,IRQ,Rule of Law - Governance estimate (approx. -2.5 to +2.5),GOV_WGI_RL.EST,-1.4374976,2021,Rule of Law,estimate
Iraq,IRQ,Rule of Law - Governance estimate (approx. -2.5 to +2.5),GOV_WGI_RL.EST,-1.4550411,2022,Rule of Law,estimate
Iraq,IRQ,Rule of Law - Governance estimate (approx. -2.5 to +2.5),GOV_WGI_RL.EST,-1.4550411,2022,Rule of Law,estimate
Iraq,IRQ,Rule of Law - Governance estimate (approx. -2.5 to +2.5),GOV_WGI_RL.EST,-1.5002727,2023,Rule of Law,estimate
Iraq,IRQ,Rule of Law - Governance estimate (approx. -2.5 to +2.5),GOV_WGI_RL.EST,-1.5002727,2023,Rule of Law,estimate
Iraq,IRQ,Rule of Law - Governance estimate (approx. -2.5 to +2.5),GOV_WGI_RL.EST,-1.3581614,2024,Rule of Law,estimate
Iraq,IRQ,Rule of Law - Governance estimate (approx. -2.5 to +2.5),GOV_WGI_RL.EST,-1.3581614,2024,Rule of Law,estimate
Iraq,IRQ,Rule of Law - Governance score (0-100),GOV_WGI_RL.SC,31.3402656,2015,Rule of Law,score_0_100
Iraq,IRQ,Rule of Law - Governance score (0-100),GOV_WGI_RL.SC,31.3402656,2015,Rule of Law,score_0_100
Iraq,IRQ,Rule of Law - Governance score (0-100),GOV_WGI_RL.SC,30.5154685,2016,Rule of Law,score_0_100
Iraq,IRQ,Rule of Law - Governance score (0-100),GOV_WGI_RL.SC,30.5154685,2016,Rule of Law,score_0_100
Iraq,IRQ,Rule of Law - Governance score (0-100),GOV_WGI_RL.SC,30.3140998,2017,Rule of Law,score_0_100
Iraq,IRQ,Rule of Law - Governance score (0-100),GOV_WGI_RL.SC,30.3140998,2017,Rule of Law,score_0_100
Iraq,IRQ,Rule of Law - Governance score (0-100),GOV_WGI_RL.SC,32.3181279,2018,Rule of Law,score_0_100
Iraq,IRQ,Rule of Law - Governance score (0-100),GOV_WGI_RL.SC,32.3181279,2018,Rule of Law,score_0_100
Iraq,IRQ,Rule of Law - Governance score (0-100),GOV_WGI_RL.SC,33.3158272,2019,Rule of Law,score_0_100
Iraq,IRQ,Rule of Law - Governance score (0-100),GOV_WGI_RL.SC,33.3158272,2019,Rule of Law,score_0_100
Iraq,IRQ,Rule of Law - Governance score (0-100),GOV_WGI_RL.SC,30.9345026,2020,Rule of Law,score_0_100
Iraq,IRQ,Rule of Law - Governance score (0-100),GOV_WGI_RL.SC,30.9345026,2020,Rule of Law,score_0_100
Iraq,IRQ,Rule of Law - Governance score (0-100),GOV_WGI_RL.SC,32.2243657,2021,Rule of Law,score_0_100
Iraq,IRQ,Rule of Law - Governance score (0-100),GOV_WGI_RL.SC,32.2243657,2021,Rule of Law,score_0_100
Iraq,IRQ,Rule of Law - Governance score (0-100),GOV_WGI_RL.SC,31.9224297,2022,Rule of Law,score_0_100
Iraq,IRQ,Rule of Law - Governance score (0-100),GOV_WGI_RL.SC,31.9224297,2022,Rule of Law,score_0_100
Iraq,IRQ,Rule of Law - Governance score (0-100),GOV_WGI_RL.SC,31.1439621,2023,Rule of Law,score_0_100
Iraq,IRQ,Rule of Law - Governance score (0-100),GOV_WGI_RL.SC,31.1439621,2023,Rule of Law,score_0_100
Iraq,IRQ,Rule of Law - Governance score (0-100),GOV_WGI_RL.SC,33.5897975,2024,Rule of Law,score_0_100
Iraq,IRQ,Rule of Law - Governance score (0-100),GOV_WGI_RL.SC,33.5897975,2024,Rule of Law,score_0_100
Kuwait,KWT,Control of Corruption - Governance estimate (approx. -2.5 to +2.5),GOV_WGI_CC.EST,-0.2419235,2015,Control of Corruption,estimate
Kuwait,KWT,Control of Corruption - Governance estimate (approx. -2.5 to +2.5),GOV_WGI_CC.EST,-0.2419235,2015,Control of Corruption,estimate
Kuwait,KWT,Control of Corruption - Governance estimate (approx. -2.5 to +2.5),GOV_WGI_CC.EST,-0.3387471,2016,Control of Corruption,estimate
Kuwait,KWT,Control of Corruption - Governance estimate (approx. -2.5 to +2.5),GOV_WGI_CC.EST,-0.3387471,2016,Control of Corruption,estimate
Kuwait,KWT,Control of Corruption - Governance estimate (approx. -2.5 to +2.5),GOV_WGI_CC.EST,-0.3931383,2017,Control of Corruption,estimate
Kuwait,KWT,Control of Corruption - Governance estimate (approx. -2.5 to +2.5),GOV_WGI_CC.EST,-0.3931383,2017,Control of Corruption,estimate
Kuwait,KWT,Control of Corruption - Governance estimate (approx. -2.5 to +2.5),GOV_WGI_CC.EST,-0.2747578,2018,Control of Corruption,estimate
Kuwait,KWT,Control of Corruption - Governance estimate (approx. -2.5 to +2.5),GOV_WGI_CC.EST,-0.2747578,2018,Control of Corruption,estimate
Kuwait,KWT,Control of Corruption - Governance estimate (approx. -2.5 to +2.5),GOV_WGI_CC.EST,-0.1345999,2019,Control of Corruption,estimate
Kuwait,KWT,Control of Corruption - Governance estimate (approx. -2.5 to +2.5),GOV_WGI_CC.EST,-0.1345999,2019,Control of Corruption,estimate
Kuwait,KWT,Control of Corruption - Governance estimate (approx. -2.5 to +2.5),GOV_WGI_CC.EST,-0.1551226,2020,Control of Corruption,estimate
Kuwait,KWT,Control of Corruption - Governance estimate (approx. -2.5 to +2.5),GOV_WGI_CC.EST,-0.1551226,2020,Control of Corruption,estimate
Kuwait,KWT,Control of Corruption - Governance estimate (approx. -2.5 to +2.5),GOV_WGI_CC.EST,-0.0606404,2021,Control of Corruption,estimate
Kuwait,KWT,Control of Corruption - Governance estimate (approx. -2.5 to +2.5),GOV_WGI_CC.EST,-0.0606404,2021,Control of Corruption,estimate
Kuwait,KWT,Control of Corruption - Governance estimate (approx. -2.5 to +2.5),GOV_WGI_CC.EST,0.0771437,2022,Control of Corruption,estimate
Kuwait,KWT,Control of Corruption - Governance estimate (approx. -2.5 to +2.5),GOV_WGI_CC.EST,0.0771437,2022,Control of Corruption,estimate
Kuwait,KWT,Control of Corruption - Governance estimate (approx. -2.5 to +2.5),GOV_WGI_CC.EST,0.1660086,2023,Control of Corruption,estimate
Kuwait,KWT,Control of Corruption - Governance estimate (approx. -2.5 to +2.5),GOV_WGI_CC.EST,0.1660086,2023,Control of Corruption,estimate
Kuwait,KWT,Control of Corruption - Governance estimate (approx. -2.5 to +2.5),GOV_WGI_CC.EST,0.2183455,2024,Control of Corruption,estimate
Kuwait,KWT,Control of Corruption - Governance estimate (approx. -2.5 to +2.5),GOV_WGI_CC.EST,0.2183455,2024,Control of Corruption,estimate
Kuwait,KWT,Control of Corruption - Governance score (0-100),GOV_WGI_CC.SC,42.9579246,2015,Control of Corruption,score_0_100
Kuwait,KWT,Control of Corruption - Governance score (0-100),GOV_WGI_CC.SC,42.9579246,2015,Control of Corruption,score_0_100
Kuwait,KWT,Control of Corruption - Governance score (0-100),GOV_WGI_CC.SC,40.9980663,2016,Control of Corruption,score_0_100
Kuwait,KWT,Control of Corruption - Governance score (0-100),GOV_WGI_CC.SC,40.9980663,2016,Control of Corruption,score_0_100
Kuwait,KWT,Control of Corruption - Governance score (0-100),GOV_WGI_CC.SC,39.897105,2017,Control of Corruption,score_0_100
Kuwait,KWT,Control of Corruption - Governance score (0-100),GOV_WGI_CC.SC,39.897105,2017,Control of Corruption,score_0_100
Kuwait,KWT,Control of Corruption - Governance score (0-100),GOV_WGI_CC.SC,42.293308,2018,Control of Corruption,score_0_100
Kuwait,KWT,Control of Corruption - Governance score (0-100),GOV_WGI_CC.SC,42.293308,2018,Control of Corruption,score_0_100
Kuwait,KWT,Control of Corruption - Governance score (0-100),GOV_WGI_CC.SC,45.1303189,2019,Control of Corruption,score_0_100
Kuwait,KWT,Control of Corruption - Governance score (0-100),GOV_WGI_CC.SC,45.1303189,2019,Control of Corruption,score_0_100
Kuwait,KWT,Control of Corruption - Governance score (0-100),GOV_WGI_CC.SC,44.714908,2020,Control of Corruption,score_0_100
Kuwait,KWT,Control of Corruption - Governance score (0-100),GOV_WGI_CC.SC,44.714908,2020,Control of Corruption,score_0_100
Kuwait,KWT,Control of Corruption - Governance score (0-100),GOV_WGI_CC.SC,46.6273727,2021,Control of Corruption,score_0_100
Kuwait,KWT,Control of Corruption - Governance score (0-100),GOV_WGI_CC.SC,46.6273727,2021,Control of Corruption,score_0_100
Kuwait,KWT,Control of Corruption - Governance score (0-100),GOV_WGI_CC.SC,49.4163343,2022,Control of Corruption,score_0_100
Kuwait,KWT,Control of Corruption - Governance score (0-100),GOV_WGI_CC.SC,49.4163343,2022,Control of Corruption,score_0_100
Kuwait,KWT,Control of Corruption - Governance score (0-100),GOV_WGI_CC.SC,51.2150963,2023,Control of Corruption,score_0_100
Kuwait,KWT,Control of Corruption - Governance score (0-100),GOV_WGI_CC.SC,51.2150963,2023,Control of Corruption,score_0_100
Kuwait,KWT,Control of Corruption - Governance score (0-100),GOV_WGI_CC.SC,52.2744755,2024,Control of Corruption,score_0_100
Kuwait,KWT,Control of Corruption - Governance score (0-100),GOV_WGI_CC.SC,52.2744755,2024,Control of Corruption,score_0_100
Kuwait,KWT,Government Effectiveness - Governance estimate (approx. -2.5 to +2.5),GOV_WGI_GE.EST,0.237773,2015,Government Effectiveness,estimate
Kuwait,KWT,Government Effectiveness - Governance estimate (approx. -2.5 to +2.5),GOV_WGI_GE.EST,0.237773,2015,Government Effectiveness,estimate
Kuwait,KWT,Government Effectiveness - Governance estimate (approx. -2.5 to +2.5),GOV_WGI_GE.EST,-0.0028171,2016,Government Effectiveness,estimate
Kuwait,KWT,Government Effectiveness - Governance estimate (approx. -2.5 to +2.5),GOV_WGI_GE.EST,-0.0028171,2016,Government Effectiveness,estimate
Kuwait,KWT,Government Effectiveness - Governance estimate (approx. -2.5 to +2.5),GOV_WGI_GE.EST,-0.0073085,2017,Government Effectiveness,estimate
Kuwait,KWT,Government Effectiveness - Governance estimate (approx. -2.5 to +2.5),GOV_WGI_GE.EST,-0.0073085,2017,Government Effectiveness,estimate
Kuwait,KWT,Government Effectiveness - Governance estimate (approx. -2.5 to +2.5),GOV_WGI_GE.EST,0.1281525,2018,Government Effectiveness,estimate
Kuwait,KWT,Government Effectiveness - Governance estimate (approx. -2.5 to +2.5),GOV_WGI_GE.EST,0.1281525,2018,Government Effectiveness,estimate
Kuwait,KWT,Government Effectiveness - Governance estimate (approx. -2.5 to +2.5),GOV_WGI_GE.EST,-0.1122757,2019,Government Effectiveness,estimate
Kuwait,KWT,Government Effectiveness - Governance estimate (approx. -2.5 to +2.5),GOV_WGI_GE.EST,-0.1122757,2019,Government Effectiveness,estimate
Kuwait,KWT,Government Effectiveness - Governance estimate (approx. -2.5 to +2.5),GOV_WGI_GE.EST,-0.11216,2020,Government Effectiveness,estimate
Kuwait,KWT,Government Effectiveness - Governance estimate (approx. -2.5 to +2.5),GOV_WGI_GE.EST,-0.11216,2020,Government Effectiveness,estimate
Kuwait,KWT,Government Effectiveness - Governance estimate (approx. -2.5 to +2.5),GOV_WGI_GE.EST,0.0296612,2021,Government Effectiveness,estimate
Kuwait,KWT,Government Effectiveness - Governance estimate (approx. -2.5 to +2.5),GOV_WGI_GE.EST,0.0296612,2021,Government Effectiveness,estimate
Kuwait,KWT,Government Effectiveness - Governance estimate (approx. -2.5 to +2.5),GOV_WGI_GE.EST,0.3336204,2022,Government Effectiveness,estimate
Kuwait,KWT,Government Effectiveness - Governance estimate (approx. -2.5 to +2.5),GOV_WGI_GE.EST,0.3336204,2022,Government Effectiveness,estimate
Kuwait,KWT,Government Effectiveness - Governance estimate (approx. -2.5 to +2.5),GOV_WGI_GE.EST,0.3091212,2023,Government Effectiveness,estimate
Kuwait,KWT,Government Effectiveness - Governance estimate (approx. -2.5 to +2.5),GOV_WGI_GE.EST,0.3091212,2023,Government Effectiveness,estimate
Kuwait,KWT,Government Effectiveness - Governance estimate (approx. -2.5 to +2.5),GOV_WGI_GE.EST,0.3278963,2024,Government Effectiveness,estimate
Kuwait,KWT,Government Effectiveness - Governance estimate (approx. -2.5 to +2.5),GOV_WGI_GE.EST,0.3278963,2024,Government Effectiveness,estimate
Kuwait,KWT,Government Effectiveness - Governance score (0-100),GOV_WGI_GE.SC,55.9637415,2015,Government Effectiveness,score_0_100
Kuwait,KWT,Government Effectiveness - Governance score (0-100),GOV_WGI_GE.SC,55.9637415,2015,Government Effectiveness,score_0_100
Kuwait,KWT,Government Effectiveness - Governance score (0-100),GOV_WGI_GE.SC,51.2857028,2016,Government Effectiveness,score_0_100
Kuwait,KWT,Government Effectiveness - Governance score (0-100),GOV_WGI_GE.SC,51.2857028,2016,Government Effectiveness,score_0_100
Kuwait,KWT,Government Effectiveness - Governance score (0-100),GOV_WGI_GE.SC,51.1983719,2017,Government Effectiveness,score_0_100
Kuwait,KWT,Government Effectiveness - Governance score (0-100),GOV_WGI_GE.SC,51.1983719,2017,Government Effectiveness,score_0_100
Kuwait,KWT,Government Effectiveness - Governance score (0-100),GOV_WGI_GE.SC,53.8322783,2018,Government Effectiveness,score_0_100
Kuwait,KWT,Government Effectiveness - Governance score (0-100),GOV_WGI_GE.SC,53.8322783,2018,Government Effectiveness,score_0_100
Kuwait,KWT,Government Effectiveness - Governance score (0-100),GOV_WGI_GE.SC,49.1573876,2019,Government Effectiveness,score_0_100
Kuwait,KWT,Government Effectiveness - Governance score (0-100),GOV_WGI_GE.SC,49.1573876,2019,Government Effectiveness,score_0_100
Kuwait,KWT,Government Effectiveness - Governance score (0-100),GOV_WGI_GE.SC,49.1596372,2020,Government Effectiveness,score_0_100
Kuwait,KWT,Government Effectiveness - Governance score (0-100),GOV_WGI_GE.SC,49.1596372,2020,Government Effectiveness,score_0_100
Kuwait,KWT,Government Effectiveness - Governance score (0-100),GOV_WGI_GE.SC,51.9172115,2021,Government Effectiveness,score_0_100
Kuwait,KWT,Government Effectiveness - Governance score (0-100),GOV_WGI_GE.SC,51.9172115,2021,Government Effectiveness,score_0_100
Kuwait,KWT,Government Effectiveness - Governance score (0-100),GOV_WGI_GE.SC,57.8274003,2022,Government Effectiveness,score_0_100
Kuwait,KWT,Government Effectiveness - Governance score (0-100),GOV_WGI_GE.SC,57.8274003,2022,Government Effectiveness,score_0_100
Kuwait,KWT,Government Effectiveness - Governance score (0-100),GOV_WGI_GE.SC,57.3510373,2023,Government Effectiveness,score_0_100
Kuwait,KWT,Government Effectiveness - Governance score (0-100),GOV_WGI_GE.SC,57.3510373,2023,Government Effectiveness,score_0_100
Kuwait,KWT,Government Effectiveness - Governance score (0-100),GOV_WGI_GE.SC,57.7161007,2024,Government Effectiveness,score_0_100
Kuwait,KWT,Government Effectiveness - Governance score (0-100),GOV_WGI_GE.SC,57.7161007,2024,Government Effectiveness,score_0_100
Kuwait,KWT,Political Stability - Governance estimate (approx. -2.5 to +2.5),GOV_WGI_PV.EST,-0.1466244,2015,Political Stability,estimate
Kuwait,KWT,Political Stability - Governance estimate (approx. -2.5 to +2.5),GOV_WGI_PV.EST,-0.1466244,2015,Political Stability,estimate
Kuwait,KWT,Political Stability - Governance estimate (approx. -2.5 to +2.5),GOV_WGI_PV.EST,-0.0213093,2016,Political Stability,estimate
Kuwait,KWT,Political Stability - Governance estimate (approx. -2.5 to +2.5),GOV_WGI_PV.EST,-0.0213093,2016,Political Stability,estimate
Kuwait,KWT,Political Stability - Governance estimate (approx. -2.5 to +2.5),GOV_WGI_PV.EST,0.0018547,2017,Political Stability,estimate
Kuwait,KWT,Political Stability - Governance estimate (approx. -2.5 to +2.5),GOV_WGI_PV.EST,0.0018547,2017,Political Stability,estimate
Kuwait,KWT,Political Stability - Governance estimate (approx. -2.5 to +2.5),GOV_WGI_PV.EST,0.2360921,2018,Political Stability,estimate
Kuwait,KWT,Political Stability - Governance estimate (approx. -2.5 to +2.5),GOV_WGI_PV.EST,0.2360921,2018,Political Stability,estimate
Kuwait,KWT,Political Stability - Governance estimate (approx. -2.5 to +2.5),GOV_WGI_PV.EST,0.2460837,2019,Political Stability,estimate
Kuwait,KWT,Political Stability - Governance estimate (approx. -2.5 to +2.5),GOV_WGI_PV.EST,0.2460837,2019,Political Stability,estimate
Kuwait,KWT,Political Stability - Governance estimate (approx. -2.5 to +2.5),GOV_WGI_PV.EST,0.1554026,2020,Political Stability,estimate
Kuwait,KWT,Political Stability - Governance estimate (approx. -2.5 to +2.5),GOV_WGI_PV.EST,0.1554026,2020,Political Stability,estimate
Kuwait,KWT,Political Stability - Governance estimate (approx. -2.5 to +2.5),GOV_WGI_PV.EST,0.1542148,2021,Political Stability,estimate
Kuwait,KWT,Political Stability - Governance estimate (approx. -2.5 to +2.5),GOV_WGI_PV.EST,0.1542148,2021,Political Stability,estimate
Kuwait,KWT,Political Stability - Governance estimate (approx. -2.5 to +2.5),GOV_WGI_PV.EST,0.1041664,2022,Political Stability,estimate
Kuwait,KWT,Political Stability - Governance estimate (approx. -2.5 to +2.5),GOV_WGI_PV.EST,0.1041664,2022,Political Stability,estimate
Kuwait,KWT,Political Stability - Governance estimate (approx. -2.5 to +2.5),GOV_WGI_PV.EST,0.2906988,2023,Political Stability,estimate
Kuwait,KWT,Political Stability - Governance estimate (approx. -2.5 to +2.5),GOV_WGI_PV.EST,0.2906988,2023,Political Stability,estimate
Kuwait,KWT,Political Stability - Governance estimate (approx. -2.5 to +2.5),GOV_WGI_PV.EST,0.2939367,2024,Political Stability,estimate
Kuwait,KWT,Political Stability - Governance estimate (approx. -2.5 to +2.5),GOV_WGI_PV.EST,0.2939367,2024,Political Stability,estimate
Kuwait,KWT,Political Stability - Governance score (0-100),GOV_WGI_PV.SC,63.3898139,2015,Political Stability,score_0_100
Kuwait,KWT,Political Stability - Governance score (0-100),GOV_WGI_PV.SC,63.3898139,2015,Political Stability,score_0_100
Kuwait,KWT,Political Stability - Governance score (0-100),GOV_WGI_PV.SC,65.5303963,2016,Political Stability,score_0_100
Kuwait,KWT,Political Stability - Governance score (0-100),GOV_WGI_PV.SC,65.5303963,2016,Political Stability,score_0_100
Kuwait,KWT,Political Stability - Governance score (0-100),GOV_WGI_PV.SC,65.9260745,2017,Political Stability,score_0_100
Kuwait,KWT,Political Stability - Governance score (0-100),GOV_WGI_PV.SC,65.9260745,2017,Political Stability,score_0_100
Kuwait,KWT,Political Stability - Governance score (0-100),GOV_WGI_PV.SC,69.9272242,2018,Political Stability,score_0_100
Kuwait,KWT,Political Stability - Governance score (0-100),GOV_WGI_PV.SC,69.9272242,2018,Political Stability,score_0_100
Kuwait,KWT,Political Stability - Governance score (0-100),GOV_WGI_PV.SC,70.0978967,2019,Political Stability,score_0_100
Kuwait,KWT,Political Stability - Governance score (0-100),GOV_WGI_PV.SC,70.0978967,2019,Political Stability,score_0_100
Kuwait,KWT,Political Stability - Governance score (0-100),GOV_WGI_PV.SC,68.5489184,2020,Political Stability,score_0_100
Kuwait,KWT,Political Stability - Governance score (0-100),GOV_WGI_PV.SC,68.5489184,2020,Political Stability,score_0_100
Kuwait,KWT,Political Stability - Governance score (0-100),GOV_WGI_PV.SC,68.5286289,2021,Political Stability,score_0_100
Kuwait,KWT,Political Stability - Governance score (0-100),GOV_WGI_PV.SC,68.5286289,2021,Political Stability,score_0_100
Kuwait,KWT,Political Stability - Governance score (0-100),GOV_WGI_PV.SC,67.6737221,2022,Political Stability,score_0_100
Kuwait,KWT,Political Stability - Governance score (0-100),GOV_WGI_PV.SC,67.6737221,2022,Political Stability,score_0_100
Kuwait,KWT,Political Stability - Governance score (0-100),GOV_WGI_PV.SC,70.859994,2023,Political Stability,score_0_100
Kuwait,KWT,Political Stability - Governance score (0-100),GOV_WGI_PV.SC,70.859994,2023,Political Stability,score_0_100
Kuwait,KWT,Political Stability - Governance score (0-100),GOV_WGI_PV.SC,70.9153025,2024,Political Stability,score_0_100
Kuwait,KWT,Political Stability - Governance score (0-100),GOV_WGI_PV.SC,70.9153025,2024,Political Stability,score_0_100
Kuwait,KWT,Rule of Law - Governance estimate (approx. -2.5 to +2.5),GOV_WGI_RL.EST,7.06e-05,2015,Rule of Law,estimate
Kuwait,KWT,Rule of Law - Governance estimate (approx. -2.5 to +2.5),GOV_WGI_RL.EST,7.06e-05,2015,Rule of Law,estimate
Kuwait,KWT,Rule of Law - Governance estimate (approx. -2.5 to +2.5),GOV_WGI_RL.EST,-0.0688786,2016,Rule of Law,estimate
Kuwait,KWT,Rule of Law - Governance estimate (approx. -2.5 to +2.5),GOV_WGI_RL.EST,-0.0688786,2016,Rule of Law,estimate
Kuwait,KWT,Rule of Law - Governance estimate (approx. -2.5 to +2.5),GOV_WGI_RL.EST,-0.0541277,2017,Rule of Law,estimate
Kuwait,KWT,Rule of Law - Governance estimate (approx. -2.5 to +2.5),GOV_WGI_RL.EST,-0.0541277,2017,Rule of Law,estimate
Kuwait,KWT,Rule of Law - Governance estimate (approx. -2.5 to +2.5),GOV_WGI_RL.EST,-0.0177652,2018,Rule of Law,estimate
Kuwait,KWT,Rule of Law - Governance estimate (approx. -2.5 to +2.5),GOV_WGI_RL.EST,-0.0177652,2018,Rule of Law,estimate
Kuwait,KWT,Rule of Law - Governance estimate (approx. -2.5 to +2.5),GOV_WGI_RL.EST,0.0662246,2019,Rule of Law,estimate
Kuwait,KWT,Rule of Law - Governance estimate (approx. -2.5 to +2.5),GOV_WGI_RL.EST,0.0662246,2019,Rule of Law,estimate
Kuwait,KWT,Rule of Law - Governance estimate (approx. -2.5 to +2.5),GOV_WGI_RL.EST,0.146885,2020,Rule of Law,estimate
Kuwait,KWT,Rule of Law - Governance estimate (approx. -2.5 to +2.5),GOV_WGI_RL.EST,0.146885,2020,Rule of Law,estimate
Kuwait,KWT,Rule of Law - Governance estimate (approx. -2.5 to +2.5),GOV_WGI_RL.EST,0.1194986,2021,Rule of Law,estimate
Kuwait,KWT,Rule of Law - Governance estimate (approx. -2.5 to +2.5),GOV_WGI_RL.EST,0.1194986,2021,Rule of Law,estimate
Kuwait,KWT,Rule of Law - Governance estimate (approx. -2.5 to +2.5),GOV_WGI_RL.EST,0.2236666,2022,Rule of Law,estimate
Kuwait,KWT,Rule of Law - Governance estimate (approx. -2.5 to +2.5),GOV_WGI_RL.EST,0.2236666,2022,Rule of Law,estimate
Kuwait,KWT,Rule of Law - Governance estimate (approx. -2.5 to +2.5),GOV_WGI_RL.EST,0.1910577,2023,Rule of Law,estimate
Kuwait,KWT,Rule of Law - Governance estimate (approx. -2.5 to +2.5),GOV_WGI_RL.EST,0.1910577,2023,Rule of Law,estimate
Kuwait,KWT,Rule of Law - Governance estimate (approx. -2.5 to +2.5),GOV_WGI_RL.EST,0.2308269,2024,Rule of Law,estimate
Kuwait,KWT,Rule of Law - Governance estimate (approx. -2.5 to +2.5),GOV_WGI_RL.EST,0.2308269,2024,Rule of Law,estimate
Kuwait,KWT,Rule of Law - Governance score (0-100),GOV_WGI_RL.SC,56.9659255,2015,Rule of Law,score_0_100
Kuwait,KWT,Rule of Law - Governance score (0-100),GOV_WGI_RL.SC,56.9659255,2015,Rule of Law,score_0_100
Kuwait,KWT,Rule of Law - Governance score (0-100),GOV_WGI_RL.SC,55.7792612,2016,Rule of Law,score_0_100
Kuwait,KWT,Rule of Law - Governance score (0-100),GOV_WGI_RL.SC,55.7792612,2016,Rule of Law,score_0_100
Kuwait,KWT,Rule of Law - Governance score (0-100),GOV_WGI_RL.SC,56.0331346,2017,Rule of Law,score_0_100
Kuwait,KWT,Rule of Law - Governance score (0-100),GOV_WGI_RL.SC,56.0331346,2017,Rule of Law,score_0_100
Kuwait,KWT,Rule of Law - Governance score (0-100),GOV_WGI_RL.SC,56.6589588,2018,Rule of Law,score_0_100
Kuwait,KWT,Rule of Law - Governance score (0-100),GOV_WGI_RL.SC,56.6589588,2018,Rule of Law,score_0_100
Kuwait,KWT,Rule of Law - Governance score (0-100),GOV_WGI_RL.SC,58.1044823,2019,Rule of Law,score_0_100
Kuwait,KWT,Rule of Law - Governance score (0-100),GOV_WGI_RL.SC,58.1044823,2019,Rule of Law,score_0_100
Kuwait,KWT,Rule of Law - Governance score (0-100),GOV_WGI_RL.SC,59.4927045,2020,Rule of Law,score_0_100
Kuwait,KWT,Rule of Law - Governance score (0-100),GOV_WGI_RL.SC,59.4927045,2020,Rule of Law,score_0_100
Kuwait,KWT,Rule of Law - Governance score (0-100),GOV_WGI_RL.SC,59.0213653,2021,Rule of Law,score_0_100
Kuwait,KWT,Rule of Law - Governance score (0-100),GOV_WGI_RL.SC,59.0213653,2021,Rule of Law,score_0_100
Kuwait,KWT,Rule of Law - Governance score (0-100),GOV_WGI_RL.SC,60.8141699,2022,Rule of Law,score_0_100
Kuwait,KWT,Rule of Law - Governance score (0-100),GOV_WGI_RL.SC,60.8141699,2022,Rule of Law,score_0_100
Kuwait,KWT,Rule of Law - Governance score (0-100),GOV_WGI_RL.SC,60.2529478,2023,Rule of Law,score_0_100
Kuwait,KWT,Rule of Law - Governance score (0-100),GOV_WGI_RL.SC,60.2529478,2023,Rule of Law,score_0_100
Kuwait,KWT,Rule of Law - Governance score (0-100),GOV_WGI_RL.SC,60.9374037,2024,Rule of Law,score_0_100
Kuwait,KWT,Rule of Law - Governance score (0-100),GOV_WGI_RL.SC,60.9374037,2024,Rule of Law,score_0_100
Malaysia,MYS,Control of Corruption - Governance estimate (approx. -2.5 to +2.5),GOV_WGI_CC.EST,0.2439907,2015,Control of Corruption,estimate
Malaysia,MYS,Control of Corruption - Governance estimate (approx. -2.5 to +2.5),GOV_WGI_CC.EST,0.2439907,2015,Control of Corruption,estimate
Malaysia,MYS,Control of Corruption - Governance estimate (approx. -2.5 to +2.5),GOV_WGI_CC.EST,0.1034428,2016,Control of Corruption,estimate
Malaysia,MYS,Control of Corruption - Governance estimate (approx. -2.5 to +2.5),GOV_WGI_CC.EST,0.1034428,2016,Control of Corruption,estimate
Malaysia,MYS,Control of Corruption - Governance estimate (approx. -2.5 to +2.5),GOV_WGI_CC.EST,0.0731841,2017,Control of Corruption,estimate
Malaysia,MYS,Control of Corruption - Governance estimate (approx. -2.5 to +2.5),GOV_WGI_CC.EST,0.0731841,2017,Control of Corruption,estimate
Malaysia,MYS,Control of Corruption - Governance estimate (approx. -2.5 to +2.5),GOV_WGI_CC.EST,0.4935415,2018,Control of Corruption,estimate
Malaysia,MYS,Control of Corruption - Governance estimate (approx. -2.5 to +2.5),GOV_WGI_CC.EST,0.4935415,2018,Control of Corruption,estimate
Malaysia,MYS,Control of Corruption - Governance estimate (approx. -2.5 to +2.5),GOV_WGI_CC.EST,0.4609033,2019,Control of Corruption,estimate
Malaysia,MYS,Control of Corruption - Governance estimate (approx. -2.5 to +2.5),GOV_WGI_CC.EST,0.4609033,2019,Control of Corruption,estimate
Malaysia,MYS,Control of Corruption - Governance estimate (approx. -2.5 to +2.5),GOV_WGI_CC.EST,0.420523,2020,Control of Corruption,estimate
Malaysia,MYS,Control of Corruption - Governance estimate (approx. -2.5 to +2.5),GOV_WGI_CC.EST,0.420523,2020,Control of Corruption,estimate
Malaysia,MYS,Control of Corruption - Governance estimate (approx. -2.5 to +2.5),GOV_WGI_CC.EST,0.3015023,2021,Control of Corruption,estimate
Malaysia,MYS,Control of Corruption - Governance estimate (approx. -2.5 to +2.5),GOV_WGI_CC.EST,0.3015023,2021,Control of Corruption,estimate
Malaysia,MYS,Control of Corruption - Governance estimate (approx. -2.5 to +2.5),GOV_WGI_CC.EST,0.3710292,2022,Control of Corruption,estimate
Malaysia,MYS,Control of Corruption - Governance estimate (approx. -2.5 to +2.5),GOV_WGI_CC.EST,0.3710292,2022,Control of Corruption,estimate
Malaysia,MYS,Control of Corruption - Governance estimate (approx. -2.5 to +2.5),GOV_WGI_CC.EST,0.380697,2023,Control of Corruption,estimate
Malaysia,MYS,Control of Corruption - Governance estimate (approx. -2.5 to +2.5),GOV_WGI_CC.EST,0.380697,2023,Control of Corruption,estimate
Malaysia,MYS,Control of Corruption - Governance estimate (approx. -2.5 to +2.5),GOV_WGI_CC.EST,0.4983973,2024,Control of Corruption,estimate
Malaysia,MYS,Control of Corruption - Governance estimate (approx. -2.5 to +2.5),GOV_WGI_CC.EST,0.4983973,2024,Control of Corruption,estimate
Malaysia,MYS,Control of Corruption - Governance score (0-100),GOV_WGI_CC.SC,52.7935737,2015,Control of Corruption,score_0_100
Malaysia,MYS,Control of Corruption - Governance score (0-100),GOV_WGI_CC.SC,52.7935737,2015,Control of Corruption,score_0_100
Malaysia,MYS,Control of Corruption - Governance score (0-100),GOV_WGI_CC.SC,49.9486685,2016,Control of Corruption,score_0_100
Malaysia,MYS,Control of Corruption - Governance score (0-100),GOV_WGI_CC.SC,49.9486685,2016,Control of Corruption,score_0_100
Malaysia,MYS,Control of Corruption - Governance score (0-100),GOV_WGI_CC.SC,49.336186,2017,Control of Corruption,score_0_100
Malaysia,MYS,Control of Corruption - Governance score (0-100),GOV_WGI_CC.SC,49.336186,2017,Control of Corruption,score_0_100
Malaysia,MYS,Control of Corruption - Governance score (0-100),GOV_WGI_CC.SC,57.8448648,2018,Control of Corruption,score_0_100
Malaysia,MYS,Control of Corruption - Governance score (0-100),GOV_WGI_CC.SC,57.8448648,2018,Control of Corruption,score_0_100
Malaysia,MYS,Control of Corruption - Governance score (0-100),GOV_WGI_CC.SC,57.1842175,2019,Control of Corruption,score_0_100
Malaysia,MYS,Control of Corruption - Governance score (0-100),GOV_WGI_CC.SC,57.1842175,2019,Control of Corruption,score_0_100
Malaysia,MYS,Control of Corruption - Governance score (0-100),GOV_WGI_CC.SC,56.3668583,2020,Control of Corruption,score_0_100
Malaysia,MYS,Control of Corruption - Governance score (0-100),GOV_WGI_CC.SC,56.3668583,2020,Control of Corruption,score_0_100
Malaysia,MYS,Control of Corruption - Governance score (0-100),GOV_WGI_CC.SC,53.9576967,2021,Control of Corruption,score_0_100
Malaysia,MYS,Control of Corruption - Governance score (0-100),GOV_WGI_CC.SC,53.9576967,2021,Control of Corruption,score_0_100
Malaysia,MYS,Control of Corruption - Governance score (0-100),GOV_WGI_CC.SC,55.3650278,2022,Control of Corruption,score_0_100
Malaysia,MYS,Control of Corruption - Governance score (0-100),GOV_WGI_CC.SC,55.3650278,2022,Control of Corruption,score_0_100
Malaysia,MYS,Control of Corruption - Governance score (0-100),GOV_WGI_CC.SC,55.5607189,2023,Control of Corruption,score_0_100
Malaysia,MYS,Control of Corruption - Governance score (0-100),GOV_WGI_CC.SC,55.5607189,2023,Control of Corruption,score_0_100
Malaysia,MYS,Control of Corruption - Governance score (0-100),GOV_WGI_CC.SC,57.9431536,2024,Control of Corruption,score_0_100
Malaysia,MYS,Control of Corruption - Governance score (0-100),GOV_WGI_CC.SC,57.9431536,2024,Control of Corruption,score_0_100
Malaysia,MYS,Government Effectiveness - Governance estimate (approx. -2.5 to +2.5),GOV_WGI_GE.EST,0.8365268,2015,Government Effectiveness,estimate
Malaysia,MYS,Government Effectiveness - Governance estimate (approx. -2.5 to +2.5),GOV_WGI_GE.EST,0.8365268,2015,Government Effectiveness,estimate
Malaysia,MYS,Government Effectiveness - Governance estimate (approx. -2.5 to +2.5),GOV_WGI_GE.EST,0.7772776,2016,Government Effectiveness,estimate
Malaysia,MYS,Government Effectiveness - Governance estimate (approx. -2.5 to +2.5),GOV_WGI_GE.EST,0.7772776,2016,Government Effectiveness,estimate
Malaysia,MYS,Government Effectiveness - Governance estimate (approx. -2.5 to +2.5),GOV_WGI_GE.EST,0.7610752,2017,Government Effectiveness,estimate
Malaysia,MYS,Government Effectiveness - Governance estimate (approx. -2.5 to +2.5),GOV_WGI_GE.EST,0.7610752,2017,Government Effectiveness,estimate
Malaysia,MYS,Government Effectiveness - Governance estimate (approx. -2.5 to +2.5),GOV_WGI_GE.EST,0.8592296,2018,Government Effectiveness,estimate
Malaysia,MYS,Government Effectiveness - Governance estimate (approx. -2.5 to +2.5),GOV_WGI_GE.EST,0.8592296,2018,Government Effectiveness,estimate
Malaysia,MYS,Government Effectiveness - Governance estimate (approx. -2.5 to +2.5),GOV_WGI_GE.EST,0.8172716,2019,Government Effectiveness,estimate
Malaysia,MYS,Government Effectiveness - Governance estimate (approx. -2.5 to +2.5),GOV_WGI_GE.EST,0.8172716,2019,Government Effectiveness,estimate
Malaysia,MYS,Government Effectiveness - Governance estimate (approx. -2.5 to +2.5),GOV_WGI_GE.EST,0.8675226,2020,Government Effectiveness,estimate
Malaysia,MYS,Government Effectiveness - Governance estimate (approx. -2.5 to +2.5),GOV_WGI_GE.EST,0.8675226,2020,Government Effectiveness,estimate
Malaysia,MYS,Government Effectiveness - Governance estimate (approx. -2.5 to +2.5),GOV_WGI_GE.EST,0.8036415,2021,Government Effectiveness,estimate
Malaysia,MYS,Government Effectiveness - Governance estimate (approx. -2.5 to +2.5),GOV_WGI_GE.EST,0.8036415,2021,Government Effectiveness,estimate
Malaysia,MYS,Government Effectiveness - Governance estimate (approx. -2.5 to +2.5),GOV_WGI_GE.EST,0.7857271,2022,Government Effectiveness,estimate
Malaysia,MYS,Government Effectiveness - Governance estimate (approx. -2.5 to +2.5),GOV_WGI_GE.EST,0.7857271,2022,Government Effectiveness,estimate
Malaysia,MYS,Government Effectiveness - Governance estimate (approx. -2.5 to +2.5),GOV_WGI_GE.EST,0.7474758,2023,Government Effectiveness,estimate
Malaysia,MYS,Government Effectiveness - Governance estimate (approx. -2.5 to +2.5),GOV_WGI_GE.EST,0.7474758,2023,Government Effectiveness,estimate
Malaysia,MYS,Government Effectiveness - Governance estimate (approx. -2.5 to +2.5),GOV_WGI_GE.EST,0.9147725,2024,Government Effectiveness,estimate
Malaysia,MYS,Government Effectiveness - Governance estimate (approx. -2.5 to +2.5),GOV_WGI_GE.EST,0.9147725,2024,Government Effectiveness,estimate
Malaysia,MYS,Government Effectiveness - Governance score (0-100),GOV_WGI_GE.SC,67.6059224,2015,Government Effectiveness,score_0_100
Malaysia,MYS,Government Effectiveness - Governance score (0-100),GOV_WGI_GE.SC,67.6059224,2015,Government Effectiveness,score_0_100
Malaysia,MYS,Government Effectiveness - Governance score (0-100),GOV_WGI_GE.SC,66.4538797,2016,Government Effectiveness,score_0_100
Malaysia,MYS,Government Effectiveness - Governance score (0-100),GOV_WGI_GE.SC,66.4538797,2016,Government Effectiveness,score_0_100
Malaysia,MYS,Government Effectiveness - Governance score (0-100),GOV_WGI_GE.SC,66.1388399,2017,Government Effectiveness,score_0_100
Malaysia,MYS,Government Effectiveness - Governance score (0-100),GOV_WGI_GE.SC,66.1388399,2017,Government Effectiveness,score_0_100
Malaysia,MYS,Government Effectiveness - Governance score (0-100),GOV_WGI_GE.SC,68.0473561,2018,Government Effectiveness,score_0_100
Malaysia,MYS,Government Effectiveness - Governance score (0-100),GOV_WGI_GE.SC,68.0473561,2018,Government Effectiveness,score_0_100
Malaysia,MYS,Government Effectiveness - Governance score (0-100),GOV_WGI_GE.SC,67.2315239,2019,Government Effectiveness,score_0_100
Malaysia,MYS,Government Effectiveness - Governance score (0-100),GOV_WGI_GE.SC,67.2315239,2019,Government Effectiveness,score_0_100
Malaysia,MYS,Government Effectiveness - Governance score (0-100),GOV_WGI_GE.SC,68.2086053,2020,Government Effectiveness,score_0_100
Malaysia,MYS,Government Effectiveness - Governance score (0-100),GOV_WGI_GE.SC,68.2086053,2020,Government Effectiveness,score_0_100
Malaysia,MYS,Government Effectiveness - Governance score (0-100),GOV_WGI_GE.SC,66.9664999,2021,Government Effectiveness,score_0_100
Malaysia,MYS,Government Effectiveness - Governance score (0-100),GOV_WGI_GE.SC,66.9664999,2021,Government Effectiveness,score_0_100
Malaysia,MYS,Government Effectiveness - Governance score (0-100),GOV_WGI_GE.SC,66.618172,2022,Government Effectiveness,score_0_100
Malaysia,MYS,Government Effectiveness - Governance score (0-100),GOV_WGI_GE.SC,66.618172,2022,Government Effectiveness,score_0_100
Malaysia,MYS,Government Effectiveness - Governance score (0-100),GOV_WGI_GE.SC,65.8744129,2023,Government Effectiveness,score_0_100
Malaysia,MYS,Government Effectiveness - Governance score (0-100),GOV_WGI_GE.SC,65.8744129,2023,Government Effectiveness,score_0_100
Malaysia,MYS,Government Effectiveness - Governance score (0-100),GOV_WGI_GE.SC,69.1273333,2024,Government Effectiveness,score_0_100
Malaysia,MYS,Government Effectiveness - Governance score (0-100),GOV_WGI_GE.SC,69.1273333,2024,Government Effectiveness,score_0_100
Malaysia,MYS,Political Stability - Governance estimate (approx. -2.5 to +2.5),GOV_WGI_PV.EST,0.0447869,2015,Political Stability,estimate
Malaysia,MYS,Political Stability - Governance estimate (approx. -2.5 to +2.5),GOV_WGI_PV.EST,0.0447869,2015,Political Stability,estimate
Malaysia,MYS,Political Stability - Governance estimate (approx. -2.5 to +2.5),GOV_WGI_PV.EST,-0.0158376,2016,Political Stability,estimate
Malaysia,MYS,Political Stability - Governance estimate (approx. -2.5 to +2.5),GOV_WGI_PV.EST,-0.0158376,2016,Political Stability,estimate
Malaysia,MYS,Political Stability - Governance estimate (approx. -2.5 to +2.5),GOV_WGI_PV.EST,-0.011848,2017,Political Stability,estimate
Malaysia,MYS,Political Stability - Governance estimate (approx. -2.5 to +2.5),GOV_WGI_PV.EST,-0.011848,2017,Political Stability,estimate
Malaysia,MYS,Political Stability - Governance estimate (approx. -2.5 to +2.5),GOV_WGI_PV.EST,0.1769644,2018,Political Stability,estimate
Malaysia,MYS,Political Stability - Governance estimate (approx. -2.5 to +2.5),GOV_WGI_PV.EST,0.1769644,2018,Political Stability,estimate
Malaysia,MYS,Political Stability - Governance estimate (approx. -2.5 to +2.5),GOV_WGI_PV.EST,0.1608892,2019,Political Stability,estimate
Malaysia,MYS,Political Stability - Governance estimate (approx. -2.5 to +2.5),GOV_WGI_PV.EST,0.1608892,2019,Political Stability,estimate
Malaysia,MYS,Political Stability - Governance estimate (approx. -2.5 to +2.5),GOV_WGI_PV.EST,0.1400704,2020,Political Stability,estimate
Malaysia,MYS,Political Stability - Governance estimate (approx. -2.5 to +2.5),GOV_WGI_PV.EST,0.1400704,2020,Political Stability,estimate
Malaysia,MYS,Political Stability - Governance estimate (approx. -2.5 to +2.5),GOV_WGI_PV.EST,0.196108,2021,Political Stability,estimate
Malaysia,MYS,Political Stability - Governance estimate (approx. -2.5 to +2.5),GOV_WGI_PV.EST,0.196108,2021,Political Stability,estimate
Malaysia,MYS,Political Stability - Governance estimate (approx. -2.5 to +2.5),GOV_WGI_PV.EST,0.2483001,2022,Political Stability,estimate
Malaysia,MYS,Political Stability - Governance estimate (approx. -2.5 to +2.5),GOV_WGI_PV.EST,0.2483001,2022,Political Stability,estimate
Malaysia,MYS,Political Stability - Governance estimate (approx. -2.5 to +2.5),GOV_WGI_PV.EST,0.2281849,2023,Political Stability,estimate
Malaysia,MYS,Political Stability - Governance estimate (approx. -2.5 to +2.5),GOV_WGI_PV.EST,0.2281849,2023,Political Stability,estimate
Malaysia,MYS,Political Stability - Governance estimate (approx. -2.5 to +2.5),GOV_WGI_PV.EST,0.3847799,2024,Political Stability,estimate
Malaysia,MYS,Political Stability - Governance estimate (approx. -2.5 to +2.5),GOV_WGI_PV.EST,0.3847799,2024,Political Stability,estimate
Malaysia,MYS,Political Stability - Governance score (0-100),GOV_WGI_PV.SC,66.6594252,2015,Political Stability,score_0_100
Malaysia,MYS,Political Stability - Governance score (0-100),GOV_WGI_PV.SC,66.6594252,2015,Political Stability,score_0_100
Malaysia,MYS,Political Stability - Governance score (0-100),GOV_WGI_PV.SC,65.6238617,2016,Political Stability,score_0_100
Malaysia,MYS,Political Stability - Governance score (0-100),GOV_WGI_PV.SC,65.6238617,2016,Political Stability,score_0_100
Malaysia,MYS,Political Stability - Governance score (0-100),GOV_WGI_PV.SC,65.6920105,2017,Political Stability,score_0_100
Malaysia,MYS,Political Stability - Governance score (0-100),GOV_WGI_PV.SC,65.6920105,2017,Political Stability,score_0_100
Malaysia,MYS,Political Stability - Governance score (0-100),GOV_WGI_PV.SC,68.9172284,2018,Political Stability,score_0_100
Malaysia,MYS,Political Stability - Governance score (0-100),GOV_WGI_PV.SC,68.9172284,2018,Political Stability,score_0_100
Malaysia,MYS,Political Stability - Governance score (0-100),GOV_WGI_PV.SC,68.6426383,2019,Political Stability,score_0_100
Malaysia,MYS,Political Stability - Governance score (0-100),GOV_WGI_PV.SC,68.6426383,2019,Political Stability,score_0_100
Malaysia,MYS,Political Stability - Governance score (0-100),GOV_WGI_PV.SC,68.2870199,2020,Political Stability,score_0_100
Malaysia,MYS,Political Stability - Governance score (0-100),GOV_WGI_PV.SC,68.2870199,2020,Political Stability,score_0_100
Malaysia,MYS,Political Stability - Governance score (0-100),GOV_WGI_PV.SC,69.2442318,2021,Political Stability,score_0_100
Malaysia,MYS,Political Stability - Governance score (0-100),GOV_WGI_PV.SC,69.2442318,2021,Political Stability,score_0_100
Malaysia,MYS,Political Stability - Governance score (0-100),GOV_WGI_PV.SC,70.1357564,2022,Political Stability,score_0_100
Malaysia,MYS,Political Stability - Governance score (0-100),GOV_WGI_PV.SC,70.1357564,2022,Political Stability,score_0_100
Malaysia,MYS,Political Stability - Governance score (0-100),GOV_WGI_PV.SC,69.7921566,2023,Political Stability,score_0_100
Malaysia,MYS,Political Stability - Governance score (0-100),GOV_WGI_PV.SC,69.7921566,2023,Political Stability,score_0_100
Malaysia,MYS,Political Stability - Governance score (0-100),GOV_WGI_PV.SC,72.4670498,2024,Political Stability,score_0_100
Malaysia,MYS,Political Stability - Governance score (0-100),GOV_WGI_PV.SC,72.4670498,2024,Political Stability,score_0_100
Malaysia,MYS,Rule of Law - Governance estimate (approx. -2.5 to +2.5),GOV_WGI_RL.EST,0.1141708,2015,Rule of Law,estimate
Malaysia,MYS,Rule of Law - Governance estimate (approx. -2.5 to +2.5),GOV_WGI_RL.EST,0.1141708,2015,Rule of Law,estimate
Malaysia,MYS,Rule of Law - Governance estimate (approx. -2.5 to +2.5),GOV_WGI_RL.EST,0.098701,2016,Rule of Law,estimate
Malaysia,MYS,Rule of Law - Governance estimate (approx. -2.5 to +2.5),GOV_WGI_RL.EST,0.098701,2016,Rule of Law,estimate
Malaysia,MYS,Rule of Law - Governance estimate (approx. -2.5 to +2.5),GOV_WGI_RL.EST,0.1306432,2017,Rule of Law,estimate
Malaysia,MYS,Rule of Law - Governance estimate (approx. -2.5 to +2.5),GOV_WGI_RL.EST,0.1306432,2017,Rule of Law,estimate
Malaysia,MYS,Rule of Law - Governance estimate (approx. -2.5 to +2.5),GOV_WGI_RL.EST,0.2863954,2018,Rule of Law,estimate
Malaysia,MYS,Rule of Law - Governance estimate (approx. -2.5 to +2.5),GOV_WGI_RL.EST,0.2863954,2018,Rule of Law,estimate
Malaysia,MYS,Rule of Law - Governance estimate (approx. -2.5 to +2.5),GOV_WGI_RL.EST,0.3389272,2019,Rule of Law,estimate
Malaysia,MYS,Rule of Law - Governance estimate (approx. -2.5 to +2.5),GOV_WGI_RL.EST,0.3389272,2019,Rule of Law,estimate
Malaysia,MYS,Rule of Law - Governance estimate (approx. -2.5 to +2.5),GOV_WGI_RL.EST,0.3499706,2020,Rule of Law,estimate
Malaysia,MYS,Rule of Law - Governance estimate (approx. -2.5 to +2.5),GOV_WGI_RL.EST,0.3499706,2020,Rule of Law,estimate
Malaysia,MYS,Rule of Law - Governance estimate (approx. -2.5 to +2.5),GOV_WGI_RL.EST,0.3016338,2021,Rule of Law,estimate
Malaysia,MYS,Rule of Law - Governance estimate (approx. -2.5 to +2.5),GOV_WGI_RL.EST,0.3016338,2021,Rule of Law,estimate
Malaysia,MYS,Rule of Law - Governance estimate (approx. -2.5 to +2.5),GOV_WGI_RL.EST,0.2952941,2022,Rule of Law,estimate
Malaysia,MYS,Rule of Law - Governance estimate (approx. -2.5 to +2.5),GOV_WGI_RL.EST,0.2952941,2022,Rule of Law,estimate
Malaysia,MYS,Rule of Law - Governance estimate (approx. -2.5 to +2.5),GOV_WGI_RL.EST,0.3016843,2023,Rule of Law,estimate
Malaysia,MYS,Rule of Law - Governance estimate (approx. -2.5 to +2.5),GOV_WGI_RL.EST,0.3016843,2023,Rule of Law,estimate
Malaysia,MYS,Rule of Law - Governance estimate (approx. -2.5 to +2.5),GOV_WGI_RL.EST,0.3451357,2024,Rule of Law,estimate
Malaysia,MYS,Rule of Law - Governance estimate (approx. -2.5 to +2.5),GOV_WGI_RL.EST,0.3451357,2024,Rule of Law,estimate
Malaysia,MYS,Rule of Law - Governance score (0-100),GOV_WGI_RL.SC,58.9296701,2015,Rule of Law,score_0_100
Malaysia,MYS,Rule of Law - Governance score (0-100),GOV_WGI_RL.SC,58.9296701,2015,Rule of Law,score_0_100
Malaysia,MYS,Rule of Law - Governance score (0-100),GOV_WGI_RL.SC,58.663424,2016,Rule of Law,score_0_100
Malaysia,MYS,Rule of Law - Governance score (0-100),GOV_WGI_RL.SC,58.663424,2016,Rule of Law,score_0_100
Malaysia,MYS,Rule of Law - Governance score (0-100),GOV_WGI_RL.SC,59.2131717,2017,Rule of Law,score_0_100
Malaysia,MYS,Rule of Law - Governance score (0-100),GOV_WGI_RL.SC,59.2131717,2017,Rule of Law,score_0_100
Malaysia,MYS,Rule of Law - Governance score (0-100),GOV_WGI_RL.SC,61.8937766,2018,Rule of Law,score_0_100
Malaysia,MYS,Rule of Law - Governance score (0-100),GOV_WGI_RL.SC,61.8937766,2018,Rule of Law,score_0_100
Malaysia,MYS,Rule of Law - Governance score (0-100),GOV_WGI_RL.SC,62.7978859,2019,Rule of Law,score_0_100
Malaysia,MYS,Rule of Law - Governance score (0-100),GOV_WGI_RL.SC,62.7978859,2019,Rule of Law,score_0_100
Malaysia,MYS,Rule of Law - Governance score (0-100),GOV_WGI_RL.SC,62.9879505,2020,Rule of Law,score_0_100
Malaysia,MYS,Rule of Law - Governance score (0-100),GOV_WGI_RL.SC,62.9879505,2020,Rule of Law,score_0_100
Malaysia,MYS,Rule of Law - Governance score (0-100),GOV_WGI_RL.SC,62.1560402,2021,Rule of Law,score_0_100
Malaysia,MYS,Rule of Law - Governance score (0-100),GOV_WGI_RL.SC,62.1560402,2021,Rule of Law,score_0_100
Malaysia,MYS,Rule of Law - Governance score (0-100),GOV_WGI_RL.SC,62.0469295,2022,Rule of Law,score_0_100
Malaysia,MYS,Rule of Law - Governance score (0-100),GOV_WGI_RL.SC,62.0469295,2022,Rule of Law,score_0_100
Malaysia,MYS,Rule of Law - Governance score (0-100),GOV_WGI_RL.SC,62.1569094,2023,Rule of Law,score_0_100
Malaysia,MYS,Rule of Law - Governance score (0-100),GOV_WGI_RL.SC,62.1569094,2023,Rule of Law,score_0_100
Malaysia,MYS,Rule of Law - Governance score (0-100),GOV_WGI_RL.SC,62.9047385,2024,Rule of Law,score_0_100
Malaysia,MYS,Rule of Law - Governance score (0-100),GOV_WGI_RL.SC,62.9047385,2024,Rule of Law,score_0_100
Nigeria,NGA,Control of Corruption - Governance estimate (approx. -2.5 to +2.5),GOV_WGI_CC.EST,-1.1613946,2015,Control of Corruption,estimate
Nigeria,NGA,Control of Corruption - Governance estimate (approx. -2.5 to +2.5),GOV_WGI_CC.EST,-1.1613946,2015,Control of Corruption,estimate
Nigeria,NGA,Control of Corruption - Governance estimate (approx. -2.5 to +2.5),GOV_WGI_CC.EST,-1.0910815,2016,Control of Corruption,estimate
Nigeria,NGA,Control of Corruption - Governance estimate (approx. -2.5 to +2.5),GOV_WGI_CC.EST,-1.0910815,2016,Control of Corruption,estimate
Nigeria,NGA,Control of Corruption - Governance estimate (approx. -2.5 to +2.5),GOV_WGI_CC.EST,-1.1443962,2017,Control of Corruption,estimate
Nigeria,NGA,Control of Corruption - Governance estimate (approx. -2.5 to +2.5),GOV_WGI_CC.EST,-1.1443962,2017,Control of Corruption,estimate
Nigeria,NGA,Control of Corruption - Governance estimate (approx. -2.5 to +2.5),GOV_WGI_CC.EST,-1.1452871,2018,Control of Corruption,estimate
Nigeria,NGA,Control of Corruption - Governance estimate (approx. -2.5 to +2.5),GOV_WGI_CC.EST,-1.1452871,2018,Control of Corruption,estimate
Nigeria,NGA,Control of Corruption - Governance estimate (approx. -2.5 to +2.5),GOV_WGI_CC.EST,-1.1258494,2019,Control of Corruption,estimate
Nigeria,NGA,Control of Corruption - Governance estimate (approx. -2.5 to +2.5),GOV_WGI_CC.EST,-1.1258494,2019,Control of Corruption,estimate
Nigeria,NGA,Control of Corruption - Governance estimate (approx. -2.5 to +2.5),GOV_WGI_CC.EST,-1.1178348,2020,Control of Corruption,estimate
Nigeria,NGA,Control of Corruption - Governance estimate (approx. -2.5 to +2.5),GOV_WGI_CC.EST,-1.1178348,2020,Control of Corruption,estimate
Nigeria,NGA,Control of Corruption - Governance estimate (approx. -2.5 to +2.5),GOV_WGI_CC.EST,-1.1909306,2021,Control of Corruption,estimate
Nigeria,NGA,Control of Corruption - Governance estimate (approx. -2.5 to +2.5),GOV_WGI_CC.EST,-1.1909306,2021,Control of Corruption,estimate
Nigeria,NGA,Control of Corruption - Governance estimate (approx. -2.5 to +2.5),GOV_WGI_CC.EST,-1.225087,2022,Control of Corruption,estimate
Nigeria,NGA,Control of Corruption - Governance estimate (approx. -2.5 to +2.5),GOV_WGI_CC.EST,-1.225087,2022,Control of Corruption,estimate
Nigeria,NGA,Control of Corruption - Governance estimate (approx. -2.5 to +2.5),GOV_WGI_CC.EST,-1.098731,2023,Control of Corruption,estimate
Nigeria,NGA,Control of Corruption - Governance estimate (approx. -2.5 to +2.5),GOV_WGI_CC.EST,-1.098731,2023,Control of Corruption,estimate
Nigeria,NGA,Control of Corruption - Governance estimate (approx. -2.5 to +2.5),GOV_WGI_CC.EST,-1.1145909,2024,Control of Corruption,estimate
Nigeria,NGA,Control of Corruption - Governance estimate (approx. -2.5 to +2.5),GOV_WGI_CC.EST,-1.1145909,2024,Control of Corruption,estimate
Nigeria,NGA,Control of Corruption - Governance score (0-100),GOV_WGI_CC.SC,24.3464186,2015,Control of Corruption,score_0_100
Nigeria,NGA,Control of Corruption - Governance score (0-100),GOV_WGI_CC.SC,24.3464186,2015,Control of Corruption,score_0_100
Nigeria,NGA,Control of Corruption - Governance score (0-100),GOV_WGI_CC.SC,25.7696636,2016,Control of Corruption,score_0_100
Nigeria,NGA,Control of Corruption - Governance score (0-100),GOV_WGI_CC.SC,25.7696636,2016,Control of Corruption,score_0_100
Nigeria,NGA,Control of Corruption - Governance score (0-100),GOV_WGI_CC.SC,24.6904923,2017,Control of Corruption,score_0_100
Nigeria,NGA,Control of Corruption - Governance score (0-100),GOV_WGI_CC.SC,24.6904923,2017,Control of Corruption,score_0_100
Nigeria,NGA,Control of Corruption - Governance score (0-100),GOV_WGI_CC.SC,24.6724591,2018,Control of Corruption,score_0_100
Nigeria,NGA,Control of Corruption - Governance score (0-100),GOV_WGI_CC.SC,24.6724591,2018,Control of Corruption,score_0_100
Nigeria,NGA,Control of Corruption - Governance score (0-100),GOV_WGI_CC.SC,25.065908,2019,Control of Corruption,score_0_100
Nigeria,NGA,Control of Corruption - Governance score (0-100),GOV_WGI_CC.SC,25.065908,2019,Control of Corruption,score_0_100
Nigeria,NGA,Control of Corruption - Governance score (0-100),GOV_WGI_CC.SC,25.2281358,2020,Control of Corruption,score_0_100
Nigeria,NGA,Control of Corruption - Governance score (0-100),GOV_WGI_CC.SC,25.2281358,2020,Control of Corruption,score_0_100
Nigeria,NGA,Control of Corruption - Governance score (0-100),GOV_WGI_CC.SC,23.7485646,2021,Control of Corruption,score_0_100
Nigeria,NGA,Control of Corruption - Governance score (0-100),GOV_WGI_CC.SC,23.7485646,2021,Control of Corruption,score_0_100
Nigeria,NGA,Control of Corruption - Governance score (0-100),GOV_WGI_CC.SC,23.0571866,2022,Control of Corruption,score_0_100
Nigeria,NGA,Control of Corruption - Governance score (0-100),GOV_WGI_CC.SC,23.0571866,2022,Control of Corruption,score_0_100
Nigeria,NGA,Control of Corruption - Governance score (0-100),GOV_WGI_CC.SC,25.614826,2023,Control of Corruption,score_0_100
Nigeria,NGA,Control of Corruption - Governance score (0-100),GOV_WGI_CC.SC,25.614826,2023,Control of Corruption,score_0_100
Nigeria,NGA,Control of Corruption - Governance score (0-100),GOV_WGI_CC.SC,25.2937973,2024,Control of Corruption,score_0_100
Nigeria,NGA,Control of Corruption - Governance score (0-100),GOV_WGI_CC.SC,25.2937973,2024,Control of Corruption,score_0_100
Nigeria,NGA,Government Effectiveness - Governance estimate (approx. -2.5 to +2.5),GOV_WGI_GE.EST,-0.9138838,2015,Government Effectiveness,estimate
Nigeria,NGA,Government Effectiveness - Governance estimate (approx. -2.5 to +2.5),GOV_WGI_GE.EST,-0.9138838,2015,Government Effectiveness,estimate
Nigeria,NGA,Government Effectiveness - Governance estimate (approx. -2.5 to +2.5),GOV_WGI_GE.EST,-0.9191662,2016,Government Effectiveness,estimate
Nigeria,NGA,Government Effectiveness - Governance estimate (approx. -2.5 to +2.5),GOV_WGI_GE.EST,-0.9191662,2016,Government Effectiveness,estimate
Nigeria,NGA,Government Effectiveness - Governance estimate (approx. -2.5 to +2.5),GOV_WGI_GE.EST,-0.8608661,2017,Government Effectiveness,estimate
Nigeria,NGA,Government Effectiveness - Governance estimate (approx. -2.5 to +2.5),GOV_WGI_GE.EST,-0.8608661,2017,Government Effectiveness,estimate
Nigeria,NGA,Government Effectiveness - Governance estimate (approx. -2.5 to +2.5),GOV_WGI_GE.EST,-0.8458382,2018,Government Effectiveness,estimate
Nigeria,NGA,Government Effectiveness - Governance estimate (approx. -2.5 to +2.5),GOV_WGI_GE.EST,-0.8458382,2018,Government Effectiveness,estimate
Nigeria,NGA,Government Effectiveness - Governance estimate (approx. -2.5 to +2.5),GOV_WGI_GE.EST,-0.9678483,2019,Government Effectiveness,estimate
Nigeria,NGA,Government Effectiveness - Governance estimate (approx. -2.5 to +2.5),GOV_WGI_GE.EST,-0.9678483,2019,Government Effectiveness,estimate
Nigeria,NGA,Government Effectiveness - Governance estimate (approx. -2.5 to +2.5),GOV_WGI_GE.EST,-0.9841775,2020,Government Effectiveness,estimate
Nigeria,NGA,Government Effectiveness - Governance estimate (approx. -2.5 to +2.5),GOV_WGI_GE.EST,-0.9841775,2020,Government Effectiveness,estimate
Nigeria,NGA,Government Effectiveness - Governance estimate (approx. -2.5 to +2.5),GOV_WGI_GE.EST,-1.0500622,2021,Government Effectiveness,estimate
Nigeria,NGA,Government Effectiveness - Governance estimate (approx. -2.5 to +2.5),GOV_WGI_GE.EST,-1.0500622,2021,Government Effectiveness,estimate
Nigeria,NGA,Government Effectiveness - Governance estimate (approx. -2.5 to +2.5),GOV_WGI_GE.EST,-1.056847,2022,Government Effectiveness,estimate
Nigeria,NGA,Government Effectiveness - Governance estimate (approx. -2.5 to +2.5),GOV_WGI_GE.EST,-1.056847,2022,Government Effectiveness,estimate
Nigeria,NGA,Government Effectiveness - Governance estimate (approx. -2.5 to +2.5),GOV_WGI_GE.EST,-0.8677545,2023,Government Effectiveness,estimate
Nigeria,NGA,Government Effectiveness - Governance estimate (approx. -2.5 to +2.5),GOV_WGI_GE.EST,-0.8677545,2023,Government Effectiveness,estimate
Nigeria,NGA,Government Effectiveness - Governance estimate (approx. -2.5 to +2.5),GOV_WGI_GE.EST,-1.0065889,2024,Government Effectiveness,estimate
Nigeria,NGA,Government Effectiveness - Governance estimate (approx. -2.5 to +2.5),GOV_WGI_GE.EST,-1.0065889,2024,Government Effectiveness,estimate
Nigeria,NGA,Government Effectiveness - Governance score (0-100),GOV_WGI_GE.SC,33.5709036,2015,Government Effectiveness,score_0_100
Nigeria,NGA,Government Effectiveness - Governance score (0-100),GOV_WGI_GE.SC,33.5709036,2015,Government Effectiveness,score_0_100
Nigeria,NGA,Government Effectiveness - Governance score (0-100),GOV_WGI_GE.SC,33.4681925,2016,Government Effectiveness,score_0_100
Nigeria,NGA,Government Effectiveness - Governance score (0-100),GOV_WGI_GE.SC,33.4681925,2016,Government Effectiveness,score_0_100
Nigeria,NGA,Government Effectiveness - Governance score (0-100),GOV_WGI_GE.SC,34.6017808,2017,Government Effectiveness,score_0_100
Nigeria,NGA,Government Effectiveness - Governance score (0-100),GOV_WGI_GE.SC,34.6017808,2017,Government Effectiveness,score_0_100
Nigeria,NGA,Government Effectiveness - Governance score (0-100),GOV_WGI_GE.SC,34.8939836,2018,Government Effectiveness,score_0_100
Nigeria,NGA,Government Effectiveness - Governance score (0-100),GOV_WGI_GE.SC,34.8939836,2018,Government Effectiveness,score_0_100
Nigeria,NGA,Government Effectiveness - Governance score (0-100),GOV_WGI_GE.SC,32.5216168,2019,Government Effectiveness,score_0_100
Nigeria,NGA,Government Effectiveness - Governance score (0-100),GOV_WGI_GE.SC,32.5216168,2019,Government Effectiveness,score_0_100
Nigeria,NGA,Government Effectiveness - Governance score (0-100),GOV_WGI_GE.SC,32.2041115,2020,Government Effectiveness,score_0_100
Nigeria,NGA,Government Effectiveness - Governance score (0-100),GOV_WGI_GE.SC,32.2041115,2020,Government Effectiveness,score_0_100
Nigeria,NGA,Government Effectiveness - Governance score (0-100),GOV_WGI_GE.SC,30.9230481,2021,Government Effectiveness,score_0_100
Nigeria,NGA,Government Effectiveness - Governance score (0-100),GOV_WGI_GE.SC,30.9230481,2021,Government Effectiveness,score_0_100
Nigeria,NGA,Government Effectiveness - Governance score (0-100),GOV_WGI_GE.SC,30.7911243,2022,Government Effectiveness,score_0_100
Nigeria,NGA,Government Effectiveness - Governance score (0-100),GOV_WGI_GE.SC,30.7911243,2022,Government Effectiveness,score_0_100
Nigeria,NGA,Government Effectiveness - Governance score (0-100),GOV_WGI_GE.SC,34.4678426,2023,Government Effectiveness,score_0_100
Nigeria,NGA,Government Effectiveness - Governance score (0-100),GOV_WGI_GE.SC,34.4678426,2023,Government Effectiveness,score_0_100
Nigeria,NGA,Government Effectiveness - Governance score (0-100),GOV_WGI_GE.SC,31.7683438,2024,Government Effectiveness,score_0_100
Nigeria,NGA,Government Effectiveness - Governance score (0-100),GOV_WGI_GE.SC,31.7683438,2024,Government Effectiveness,score_0_100
Nigeria,NGA,Political Stability - Governance estimate (approx. -2.5 to +2.5),GOV_WGI_PV.EST,-1.6677713,2015,Political Stability,estimate
Nigeria,NGA,Political Stability - Governance estimate (approx. -2.5 to +2.5),GOV_WGI_PV.EST,-1.6677713,2015,Political Stability,estimate
Nigeria,NGA,Political Stability - Governance estimate (approx. -2.5 to +2.5),GOV_WGI_PV.EST,-1.7100665,2016,Political Stability,estimate
Nigeria,NGA,Political Stability - Governance estimate (approx. -2.5 to +2.5),GOV_WGI_PV.EST,-1.7100665,2016,Political Stability,estimate
Nigeria,NGA,Political Stability - Governance estimate (approx. -2.5 to +2.5),GOV_WGI_PV.EST,-1.9097854,2017,Political Stability,estimate
Nigeria,NGA,Political Stability - Governance estimate (approx. -2.5 to +2.5),GOV_WGI_PV.EST,-1.9097854,2017,Political Stability,estimate
Nigeria,NGA,Political Stability - Governance estimate (approx. -2.5 to +2.5),GOV_WGI_PV.EST,-1.8854786,2018,Political Stability,estimate
Nigeria,NGA,Political Stability - Governance estimate (approx. -2.5 to +2.5),GOV_WGI_PV.EST,-1.8854786,2018,Political Stability,estimate
Nigeria,NGA,Political Stability - Governance estimate (approx. -2.5 to +2.5),GOV_WGI_PV.EST,-1.9732073,2019,Political Stability,estimate
Nigeria,NGA,Political Stability - Governance estimate (approx. -2.5 to +2.5),GOV_WGI_PV.EST,-1.9732073,2019,Political Stability,estimate
Nigeria,NGA,Political Stability - Governance estimate (approx. -2.5 to +2.5),GOV_WGI_PV.EST,-2.0090379,2020,Political Stability,estimate
Nigeria,NGA,Political Stability - Governance estimate (approx. -2.5 to +2.5),GOV_WGI_PV.EST,-2.0090379,2020,Political Stability,estimate
Nigeria,NGA,Political Stability - Governance estimate (approx. -2.5 to +2.5),GOV_WGI_PV.EST,-2.0135756,2021,Political Stability,estimate
Nigeria,NGA,Political Stability - Governance estimate (approx. -2.5 to +2.5),GOV_WGI_PV.EST,-2.0135756,2021,Political Stability,estimate
Nigeria,NGA,Political Stability - Governance estimate (approx. -2.5 to +2.5),GOV_WGI_PV.EST,-1.9526169,2022,Political Stability,estimate
Nigeria,NGA,Political Stability - Governance estimate (approx. -2.5 to +2.5),GOV_WGI_PV.EST,-1.9526169,2022,Political Stability,estimate
Nigeria,NGA,Political Stability - Governance estimate (approx. -2.5 to +2.5),GOV_WGI_PV.EST,-1.9559706,2023,Political Stability,estimate
Nigeria,NGA,Political Stability - Governance estimate (approx. -2.5 to +2.5),GOV_WGI_PV.EST,-1.9559706,2023,Political Stability,estimate
Nigeria,NGA,Political Stability - Governance estimate (approx. -2.5 to +2.5),GOV_WGI_PV.EST,-2.0025617,2024,Political Stability,estimate
Nigeria,NGA,Political Stability - Governance estimate (approx. -2.5 to +2.5),GOV_WGI_PV.EST,-2.0025617,2024,Political Stability,estimate
Nigeria,NGA,Political Stability - Governance score (0-100),GOV_WGI_PV.SC,37.4061904,2015,Political Stability,score_0_100
Nigeria,NGA,Political Stability - Governance score (0-100),GOV_WGI_PV.SC,37.4061904,2015,Political Stability,score_0_100
Nigeria,NGA,Political Stability - Governance score (0-100),GOV_WGI_PV.SC,36.6837207,2016,Political Stability,score_0_100
Nigeria,NGA,Political Stability - Governance score (0-100),GOV_WGI_PV.SC,36.6837207,2016,Political Stability,score_0_100
Nigeria,NGA,Political Stability - Governance score (0-100),GOV_WGI_PV.SC,33.2722023,2017,Political Stability,score_0_100
Nigeria,NGA,Political Stability - Governance score (0-100),GOV_WGI_PV.SC,33.2722023,2017,Political Stability,score_0_100
Nigeria,NGA,Political Stability - Governance score (0-100),GOV_WGI_PV.SC,33.6874013,2018,Political Stability,score_0_100
Nigeria,NGA,Political Stability - Governance score (0-100),GOV_WGI_PV.SC,33.6874013,2018,Political Stability,score_0_100
Nigeria,NGA,Political Stability - Governance score (0-100),GOV_WGI_PV.SC,32.1888547,2019,Political Stability,score_0_100
Nigeria,NGA,Political Stability - Governance score (0-100),GOV_WGI_PV.SC,32.1888547,2019,Political Stability,score_0_100
Nigeria,NGA,Political Stability - Governance score (0-100),GOV_WGI_PV.SC,31.5768107,2020,Political Stability,score_0_100
Nigeria,NGA,Political Stability - Governance score (0-100),GOV_WGI_PV.SC,31.5768107,2020,Political Stability,score_0_100
Nigeria,NGA,Political Stability - Governance score (0-100),GOV_WGI_PV.SC,31.4992996,2021,Political Stability,score_0_100
Nigeria,NGA,Political Stability - Governance score (0-100),GOV_WGI_PV.SC,31.4992996,2021,Political Stability,score_0_100
Nigeria,NGA,Political Stability - Governance score (0-100),GOV_WGI_PV.SC,32.5405717,2022,Political Stability,score_0_100
Nigeria,NGA,Political Stability - Governance score (0-100),GOV_WGI_PV.SC,32.5405717,2022,Political Stability,score_0_100
Nigeria,NGA,Political Stability - Governance score (0-100),GOV_WGI_PV.SC,32.4832851,2023,Political Stability,score_0_100
Nigeria,NGA,Political Stability - Governance score (0-100),GOV_WGI_PV.SC,32.4832851,2023,Political Stability,score_0_100
Nigeria,NGA,Political Stability - Governance score (0-100),GOV_WGI_PV.SC,31.6874346,2024,Political Stability,score_0_100
Nigeria,NGA,Political Stability - Governance score (0-100),GOV_WGI_PV.SC,31.6874346,2024,Political Stability,score_0_100
Nigeria,NGA,Rule of Law - Governance estimate (approx. -2.5 to +2.5),GOV_WGI_RL.EST,-0.9608775,2015,Rule of Law,estimate
Nigeria,NGA,Rule of Law - Governance estimate (approx. -2.5 to +2.5),GOV_WGI_RL.EST,-0.9608775,2015,Rule of Law,estimate
Nigeria,NGA,Rule of Law - Governance estimate (approx. -2.5 to +2.5),GOV_WGI_RL.EST,-0.8794569,2016,Rule of Law,estimate
Nigeria,NGA,Rule of Law - Governance estimate (approx. -2.5 to +2.5),GOV_WGI_RL.EST,-0.8794569,2016,Rule of Law,estimate
Nigeria,NGA,Rule of Law - Governance estimate (approx. -2.5 to +2.5),GOV_WGI_RL.EST,-0.793796,2017,Rule of Law,estimate
Nigeria,NGA,Rule of Law - Governance estimate (approx. -2.5 to +2.5),GOV_WGI_RL.EST,-0.793796,2017,Rule of Law,estimate
Nigeria,NGA,Rule of Law - Governance estimate (approx. -2.5 to +2.5),GOV_WGI_RL.EST,-0.8138239,2018,Rule of Law,estimate
Nigeria,NGA,Rule of Law - Governance estimate (approx. -2.5 to +2.5),GOV_WGI_RL.EST,-0.8138239,2018,Rule of Law,estimate
Nigeria,NGA,Rule of Law - Governance estimate (approx. -2.5 to +2.5),GOV_WGI_RL.EST,-0.8377059,2019,Rule of Law,estimate
Nigeria,NGA,Rule of Law - Governance estimate (approx. -2.5 to +2.5),GOV_WGI_RL.EST,-0.8377059,2019,Rule of Law,estimate
Nigeria,NGA,Rule of Law - Governance estimate (approx. -2.5 to +2.5),GOV_WGI_RL.EST,-0.8413031,2020,Rule of Law,estimate
Nigeria,NGA,Rule of Law - Governance estimate (approx. -2.5 to +2.5),GOV_WGI_RL.EST,-0.8413031,2020,Rule of Law,estimate
Nigeria,NGA,Rule of Law - Governance estimate (approx. -2.5 to +2.5),GOV_WGI_RL.EST,-0.9263276,2021,Rule of Law,estimate
Nigeria,NGA,Rule of Law - Governance estimate (approx. -2.5 to +2.5),GOV_WGI_RL.EST,-0.9263276,2021,Rule of Law,estimate
Nigeria,NGA,Rule of Law - Governance estimate (approx. -2.5 to +2.5),GOV_WGI_RL.EST,-0.9998212,2022,Rule of Law,estimate
Nigeria,NGA,Rule of Law - Governance estimate (approx. -2.5 to +2.5),GOV_WGI_RL.EST,-0.9998212,2022,Rule of Law,estimate
Nigeria,NGA,Rule of Law - Governance estimate (approx. -2.5 to +2.5),GOV_WGI_RL.EST,-0.9348488,2023,Rule of Law,estimate
Nigeria,NGA,Rule of Law - Governance estimate (approx. -2.5 to +2.5),GOV_WGI_RL.EST,-0.9348488,2023,Rule of Law,estimate
Nigeria,NGA,Rule of Law - Governance estimate (approx. -2.5 to +2.5),GOV_WGI_RL.EST,-1.0069453,2024,Rule of Law,estimate
Nigeria,NGA,Rule of Law - Governance estimate (approx. -2.5 to +2.5),GOV_WGI_RL.EST,-1.0069453,2024,Rule of Law,estimate
Nigeria,NGA,Rule of Law - Governance score (0-100),GOV_WGI_RL.SC,40.4273328,2015,Rule of Law,score_0_100
Nigeria,NGA,Rule of Law - Governance score (0-100),GOV_WGI_RL.SC,40.4273328,2015,Rule of Law,score_0_100
Nigeria,NGA,Rule of Law - Governance score (0-100),GOV_WGI_RL.SC,41.8286386,2016,Rule of Law,score_0_100
Nigeria,NGA,Rule of Law - Governance score (0-100),GOV_WGI_RL.SC,41.8286386,2016,Rule of Law,score_0_100
Nigeria,NGA,Rule of Law - Governance score (0-100),GOV_WGI_RL.SC,43.3029229,2017,Rule of Law,score_0_100
Nigeria,NGA,Rule of Law - Governance score (0-100),GOV_WGI_RL.SC,43.3029229,2017,Rule of Law,score_0_100
Nigeria,NGA,Rule of Law - Governance score (0-100),GOV_WGI_RL.SC,42.9582287,2018,Rule of Law,score_0_100
Nigeria,NGA,Rule of Law - Governance score (0-100),GOV_WGI_RL.SC,42.9582287,2018,Rule of Law,score_0_100
Nigeria,NGA,Rule of Law - Governance score (0-100),GOV_WGI_RL.SC,42.5472027,2019,Rule of Law,score_0_100
Nigeria,NGA,Rule of Law - Governance score (0-100),GOV_WGI_RL.SC,42.5472027,2019,Rule of Law,score_0_100
Nigeria,NGA,Rule of Law - Governance score (0-100),GOV_WGI_RL.SC,42.4852923,2020,Rule of Law,score_0_100
Nigeria,NGA,Rule of Law - Governance score (0-100),GOV_WGI_RL.SC,42.4852923,2020,Rule of Law,score_0_100
Nigeria,NGA,Rule of Law - Governance score (0-100),GOV_WGI_RL.SC,41.0219609,2021,Rule of Law,score_0_100
Nigeria,NGA,Rule of Law - Governance score (0-100),GOV_WGI_RL.SC,41.0219609,2021,Rule of Law,score_0_100
Nigeria,NGA,Rule of Law - Governance score (0-100),GOV_WGI_RL.SC,39.7570843,2022,Rule of Law,score_0_100
Nigeria,NGA,Rule of Law - Governance score (0-100),GOV_WGI_RL.SC,39.7570843,2022,Rule of Law,score_0_100
Nigeria,NGA,Rule of Law - Governance score (0-100),GOV_WGI_RL.SC,40.875305,2023,Rule of Law,score_0_100
Nigeria,NGA,Rule of Law - Governance score (0-100),GOV_WGI_RL.SC,40.875305,2023,Rule of Law,score_0_100
Nigeria,NGA,Rule of Law - Governance score (0-100),GOV_WGI_RL.SC,39.6344736,2024,Rule of Law,score_0_100
Nigeria,NGA,Rule of Law - Governance score (0-100),GOV_WGI_RL.SC,39.6344736,2024,Rule of Law,score_0_100
Oman,OMN,Control of Corruption - Governance estimate (approx. -2.5 to +2.5),GOV_WGI_CC.EST,-0.0016798,2015,Control of Corruption,estimate
Oman,OMN,Control of Corruption - Governance estimate (approx. -2.5 to +2.5),GOV_WGI_CC.EST,-0.0016798,2015,Control of Corruption,estimate
Oman,OMN,Control of Corruption - Governance estimate (approx. -2.5 to +2.5),GOV_WGI_CC.EST,-0.020659,2016,Control of Corruption,estimate
Oman,OMN,Control of Corruption - Governance estimate (approx. -2.5 to +2.5),GOV_WGI_CC.EST,-0.020659,2016,Control of Corruption,estimate
Oman,OMN,Control of Corruption - Governance estimate (approx. -2.5 to +2.5),GOV_WGI_CC.EST,-0.0211191,2017,Control of Corruption,estimate
Oman,OMN,Control of Corruption - Governance estimate (approx. -2.5 to +2.5),GOV_WGI_CC.EST,-0.0211191,2017,Control of Corruption,estimate
Oman,OMN,Control of Corruption - Governance estimate (approx. -2.5 to +2.5),GOV_WGI_CC.EST,-0.0203366,2018,Control of Corruption,estimate
Oman,OMN,Control of Corruption - Governance estimate (approx. -2.5 to +2.5),GOV_WGI_CC.EST,-0.0203366,2018,Control of Corruption,estimate
Oman,OMN,Control of Corruption - Governance estimate (approx. -2.5 to +2.5),GOV_WGI_CC.EST,0.1612579,2019,Control of Corruption,estimate
Oman,OMN,Control of Corruption - Governance estimate (approx. -2.5 to +2.5),GOV_WGI_CC.EST,0.1612579,2019,Control of Corruption,estimate
Oman,OMN,Control of Corruption - Governance estimate (approx. -2.5 to +2.5),GOV_WGI_CC.EST,0.0239194,2020,Control of Corruption,estimate
Oman,OMN,Control of Corruption - Governance estimate (approx. -2.5 to +2.5),GOV_WGI_CC.EST,0.0239194,2020,Control of Corruption,estimate
Oman,OMN,Control of Corruption - Governance estimate (approx. -2.5 to +2.5),GOV_WGI_CC.EST,0.0233919,2021,Control of Corruption,estimate
Oman,OMN,Control of Corruption - Governance estimate (approx. -2.5 to +2.5),GOV_WGI_CC.EST,0.0233919,2021,Control of Corruption,estimate
Oman,OMN,Control of Corruption - Governance estimate (approx. -2.5 to +2.5),GOV_WGI_CC.EST,0.0212395,2022,Control of Corruption,estimate
Oman,OMN,Control of Corruption - Governance estimate (approx. -2.5 to +2.5),GOV_WGI_CC.EST,0.0212395,2022,Control of Corruption,estimate
Oman,OMN,Control of Corruption - Governance estimate (approx. -2.5 to +2.5),GOV_WGI_CC.EST,0.227724,2023,Control of Corruption,estimate
Oman,OMN,Control of Corruption - Governance estimate (approx. -2.5 to +2.5),GOV_WGI_CC.EST,0.227724,2023,Control of Corruption,estimate
Oman,OMN,Control of Corruption - Governance estimate (approx. -2.5 to +2.5),GOV_WGI_CC.EST,0.5072492,2024,Control of Corruption,estimate
Oman,OMN,Control of Corruption - Governance estimate (approx. -2.5 to +2.5),GOV_WGI_CC.EST,0.5072492,2024,Control of Corruption,estimate
Oman,OMN,Control of Corruption - Governance score (0-100),GOV_WGI_CC.SC,47.8208257,2015,Control of Corruption,score_0_100
Oman,OMN,Control of Corruption - Governance score (0-100),GOV_WGI_CC.SC,47.8208257,2015,Control of Corruption,score_0_100
Oman,OMN,Control of Corruption - Governance score (0-100),GOV_WGI_CC.SC,47.4366576,2016,Control of Corruption,score_0_100
Oman,OMN,Control of Corruption - Governance score (0-100),GOV_WGI_CC.SC,47.4366576,2016,Control of Corruption,score_0_100
Oman,OMN,Control of Corruption - Governance score (0-100),GOV_WGI_CC.SC,47.4273445,2017,Control of Corruption,score_0_100
Oman,OMN,Control of Corruption - Governance score (0-100),GOV_WGI_CC.SC,47.4273445,2017,Control of Corruption,score_0_100
Oman,OMN,Control of Corruption - Governance score (0-100),GOV_WGI_CC.SC,47.4431835,2018,Control of Corruption,score_0_100
Oman,OMN,Control of Corruption - Governance score (0-100),GOV_WGI_CC.SC,47.4431835,2018,Control of Corruption,score_0_100
Oman,OMN,Control of Corruption - Governance score (0-100),GOV_WGI_CC.SC,51.1189348,2019,Control of Corruption,score_0_100
Oman,OMN,Control of Corruption - Governance score (0-100),GOV_WGI_CC.SC,51.1189348,2019,Control of Corruption,score_0_100
Oman,OMN,Control of Corruption - Governance score (0-100),GOV_WGI_CC.SC,48.3389928,2020,Control of Corruption,score_0_100
Oman,OMN,Control of Corruption - Governance score (0-100),GOV_WGI_CC.SC,48.3389928,2020,Control of Corruption,score_0_100
Oman,OMN,Control of Corruption - Governance score (0-100),GOV_WGI_CC.SC,48.3283154,2021,Control of Corruption,score_0_100
Oman,OMN,Control of Corruption - Governance score (0-100),GOV_WGI_CC.SC,48.3283154,2021,Control of Corruption,score_0_100
Oman,OMN,Control of Corruption - Governance score (0-100),GOV_WGI_CC.SC,48.2847475,2022,Control of Corruption,score_0_100
Oman,OMN,Control of Corruption - Governance score (0-100),GOV_WGI_CC.SC,48.2847475,2022,Control of Corruption,score_0_100
Oman,OMN,Control of Corruption - Governance score (0-100),GOV_WGI_CC.SC,52.4643107,2023,Control of Corruption,score_0_100
Oman,OMN,Control of Corruption - Governance score (0-100),GOV_WGI_CC.SC,52.4643107,2023,Control of Corruption,score_0_100
Oman,OMN,Control of Corruption - Governance score (0-100),GOV_WGI_CC.SC,58.1223297,2024,Control of Corruption,score_0_100
Oman,OMN,Control of Corruption - Governance score (0-100),GOV_WGI_CC.SC,58.1223297,2024,Control of Corruption,score_0_100
Oman,OMN,Government Effectiveness - Governance estimate (approx. -2.5 to +2.5),GOV_WGI_GE.EST,0.0805474,2015,Government Effectiveness,estimate
Oman,OMN,Government Effectiveness - Governance estimate (approx. -2.5 to +2.5),GOV_WGI_GE.EST,0.0805474,2015,Government Effectiveness,estimate
Oman,OMN,Government Effectiveness - Governance estimate (approx. -2.5 to +2.5),GOV_WGI_GE.EST,0.1613756,2016,Government Effectiveness,estimate
Oman,OMN,Government Effectiveness - Governance estimate (approx. -2.5 to +2.5),GOV_WGI_GE.EST,0.1613756,2016,Government Effectiveness,estimate
Oman,OMN,Government Effectiveness - Governance estimate (approx. -2.5 to +2.5),GOV_WGI_GE.EST,0.1108223,2017,Government Effectiveness,estimate
Oman,OMN,Government Effectiveness - Governance estimate (approx. -2.5 to +2.5),GOV_WGI_GE.EST,0.1108223,2017,Government Effectiveness,estimate
Oman,OMN,Government Effectiveness - Governance estimate (approx. -2.5 to +2.5),GOV_WGI_GE.EST,0.1114018,2018,Government Effectiveness,estimate
Oman,OMN,Government Effectiveness - Governance estimate (approx. -2.5 to +2.5),GOV_WGI_GE.EST,0.1114018,2018,Government Effectiveness,estimate
Oman,OMN,Government Effectiveness - Governance estimate (approx. -2.5 to +2.5),GOV_WGI_GE.EST,0.2040481,2019,Government Effectiveness,estimate
Oman,OMN,Government Effectiveness - Governance estimate (approx. -2.5 to +2.5),GOV_WGI_GE.EST,0.2040481,2019,Government Effectiveness,estimate
Oman,OMN,Government Effectiveness - Governance estimate (approx. -2.5 to +2.5),GOV_WGI_GE.EST,0.1018136,2020,Government Effectiveness,estimate
Oman,OMN,Government Effectiveness - Governance estimate (approx. -2.5 to +2.5),GOV_WGI_GE.EST,0.1018136,2020,Government Effectiveness,estimate
Oman,OMN,Government Effectiveness - Governance estimate (approx. -2.5 to +2.5),GOV_WGI_GE.EST,0.102771,2021,Government Effectiveness,estimate
Oman,OMN,Government Effectiveness - Governance estimate (approx. -2.5 to +2.5),GOV_WGI_GE.EST,0.102771,2021,Government Effectiveness,estimate
Oman,OMN,Government Effectiveness - Governance estimate (approx. -2.5 to +2.5),GOV_WGI_GE.EST,0.4468675,2022,Government Effectiveness,estimate
Oman,OMN,Government Effectiveness - Governance estimate (approx. -2.5 to +2.5),GOV_WGI_GE.EST,0.4468675,2022,Government Effectiveness,estimate
Oman,OMN,Government Effectiveness - Governance estimate (approx. -2.5 to +2.5),GOV_WGI_GE.EST,0.4719959,2023,Government Effectiveness,estimate
Oman,OMN,Government Effectiveness - Governance estimate (approx. -2.5 to +2.5),GOV_WGI_GE.EST,0.4719959,2023,Government Effectiveness,estimate
Oman,OMN,Government Effectiveness - Governance estimate (approx. -2.5 to +2.5),GOV_WGI_GE.EST,0.5675096,2024,Government Effectiveness,estimate
Oman,OMN,Government Effectiveness - Governance estimate (approx. -2.5 to +2.5),GOV_WGI_GE.EST,0.5675096,2024,Government Effectiveness,estimate
Oman,OMN,Government Effectiveness - Governance score (0-100),GOV_WGI_GE.SC,52.9066438,2015,Government Effectiveness,score_0_100
Oman,OMN,Government Effectiveness - Governance score (0-100),GOV_WGI_GE.SC,52.9066438,2015,Government Effectiveness,score_0_100
Oman,OMN,Government Effectiveness - Governance score (0-100),GOV_WGI_GE.SC,54.4782689,2016,Government Effectiveness,score_0_100
Oman,OMN,Government Effectiveness - Governance score (0-100),GOV_WGI_GE.SC,54.4782689,2016,Government Effectiveness,score_0_100
Oman,OMN,Government Effectiveness - Governance score (0-100),GOV_WGI_GE.SC,53.4953095,2017,Government Effectiveness,score_0_100
Oman,OMN,Government Effectiveness - Governance score (0-100),GOV_WGI_GE.SC,53.4953095,2017,Government Effectiveness,score_0_100
Oman,OMN,Government Effectiveness - Governance score (0-100),GOV_WGI_GE.SC,53.5065773,2018,Government Effectiveness,score_0_100
Oman,OMN,Government Effectiveness - Governance score (0-100),GOV_WGI_GE.SC,53.5065773,2018,Government Effectiveness,score_0_100
Oman,OMN,Government Effectiveness - Governance score (0-100),GOV_WGI_GE.SC,55.3079939,2019,Government Effectiveness,score_0_100
Oman,OMN,Government Effectiveness - Governance score (0-100),GOV_WGI_GE.SC,55.3079939,2019,Government Effectiveness,score_0_100
Oman,OMN,Government Effectiveness - Governance score (0-100),GOV_WGI_GE.SC,53.3201442,2020,Government Effectiveness,score_0_100
Oman,OMN,Government Effectiveness - Governance score (0-100),GOV_WGI_GE.SC,53.3201442,2020,Government Effectiveness,score_0_100
Oman,OMN,Government Effectiveness - Governance score (0-100),GOV_WGI_GE.SC,53.3387599,2021,Government Effectiveness,score_0_100
Oman,OMN,Government Effectiveness - Governance score (0-100),GOV_WGI_GE.SC,53.3387599,2021,Government Effectiveness,score_0_100
Oman,OMN,Government Effectiveness - Governance score (0-100),GOV_WGI_GE.SC,60.0293791,2022,Government Effectiveness,score_0_100
Oman,OMN,Government Effectiveness - Governance score (0-100),GOV_WGI_GE.SC,60.0293791,2022,Government Effectiveness,score_0_100
Oman,OMN,Government Effectiveness - Governance score (0-100),GOV_WGI_GE.SC,60.5179762,2023,Government Effectiveness,score_0_100
Oman,OMN,Government Effectiveness - Governance score (0-100),GOV_WGI_GE.SC,60.5179762,2023,Government Effectiveness,score_0_100
Oman,OMN,Government Effectiveness - Governance score (0-100),GOV_WGI_GE.SC,62.3751465,2024,Government Effectiveness,score_0_100
Oman,OMN,Government Effectiveness - Governance score (0-100),GOV_WGI_GE.SC,62.3751465,2024,Government Effectiveness,score_0_100
Oman,OMN,Political Stability - Governance estimate (approx. -2.5 to +2.5),GOV_WGI_PV.EST,0.6155394,2015,Political Stability,estimate
Oman,OMN,Political Stability - Governance estimate (approx. -2.5 to +2.5),GOV_WGI_PV.EST,0.6155394,2015,Political Stability,estimate
Oman,OMN,Political Stability - Governance estimate (approx. -2.5 to +2.5),GOV_WGI_PV.EST,0.5065831,2016,Political Stability,estimate
Oman,OMN,Political Stability - Governance estimate (approx. -2.5 to +2.5),GOV_WGI_PV.EST,0.5065831,2016,Political Stability,estimate
Oman,OMN,Political Stability - Governance estimate (approx. -2.5 to +2.5),GOV_WGI_PV.EST,0.5468563,2017,Political Stability,estimate
Oman,OMN,Political Stability - Governance estimate (approx. -2.5 to +2.5),GOV_WGI_PV.EST,0.5468563,2017,Political Stability,estimate
Oman,OMN,Political Stability - Governance estimate (approx. -2.5 to +2.5),GOV_WGI_PV.EST,0.5392522,2018,Political Stability,estimate
Oman,OMN,Political Stability - Governance estimate (approx. -2.5 to +2.5),GOV_WGI_PV.EST,0.5392522,2018,Political Stability,estimate
Oman,OMN,Political Stability - Governance estimate (approx. -2.5 to +2.5),GOV_WGI_PV.EST,0.5167644,2019,Political Stability,estimate
Oman,OMN,Political Stability - Governance estimate (approx. -2.5 to +2.5),GOV_WGI_PV.EST,0.5167644,2019,Political Stability,estimate
Oman,OMN,Political Stability - Governance estimate (approx. -2.5 to +2.5),GOV_WGI_PV.EST,0.468834,2020,Political Stability,estimate
Oman,OMN,Political Stability - Governance estimate (approx. -2.5 to +2.5),GOV_WGI_PV.EST,0.468834,2020,Political Stability,estimate
Oman,OMN,Political Stability - Governance estimate (approx. -2.5 to +2.5),GOV_WGI_PV.EST,0.3902352,2021,Political Stability,estimate
Oman,OMN,Political Stability - Governance estimate (approx. -2.5 to +2.5),GOV_WGI_PV.EST,0.3902352,2021,Political Stability,estimate
Oman,OMN,Political Stability - Governance estimate (approx. -2.5 to +2.5),GOV_WGI_PV.EST,0.4399615,2022,Political Stability,estimate
Oman,OMN,Political Stability - Governance estimate (approx. -2.5 to +2.5),GOV_WGI_PV.EST,0.4399615,2022,Political Stability,estimate
Oman,OMN,Political Stability - Governance estimate (approx. -2.5 to +2.5),GOV_WGI_PV.EST,0.5521576,2023,Political Stability,estimate
Oman,OMN,Political Stability - Governance estimate (approx. -2.5 to +2.5),GOV_WGI_PV.EST,0.5521576,2023,Political Stability,estimate
Oman,OMN,Political Stability - Governance estimate (approx. -2.5 to +2.5),GOV_WGI_PV.EST,0.6272361,2024,Political Stability,estimate
Oman,OMN,Political Stability - Governance estimate (approx. -2.5 to +2.5),GOV_WGI_PV.EST,0.6272361,2024,Political Stability,estimate
Oman,OMN,Political Stability - Governance score (0-100),GOV_WGI_PV.SC,76.4087913,2015,Political Stability,score_0_100
Oman,OMN,Political Stability - Governance score (0-100),GOV_WGI_PV.SC,76.4087913,2015,Political Stability,score_0_100
Oman,OMN,Political Stability - Governance score (0-100),GOV_WGI_PV.SC,74.5476434,2016,Political Stability,score_0_100
Oman,OMN,Political Stability - Governance score (0-100),GOV_WGI_PV.SC,74.5476434,2016,Political Stability,score_0_100
Oman,OMN,Political Stability - Governance score (0-100),GOV_WGI_PV.SC,75.2355741,2017,Political Stability,score_0_100
Oman,OMN,Political Stability - Governance score (0-100),GOV_WGI_PV.SC,75.2355741,2017,Political Stability,score_0_100
Oman,OMN,Political Stability - Governance score (0-100),GOV_WGI_PV.SC,75.1056839,2018,Political Stability,score_0_100
Oman,OMN,Political Stability - Governance score (0-100),GOV_WGI_PV.SC,75.1056839,2018,Political Stability,score_0_100
Oman,OMN,Political Stability - Governance score (0-100),GOV_WGI_PV.SC,74.7215562,2019,Political Stability,score_0_100
Oman,OMN,Political Stability - Governance score (0-100),GOV_WGI_PV.SC,74.7215562,2019,Political Stability,score_0_100
Oman,OMN,Political Stability - Governance score (0-100),GOV_WGI_PV.SC,73.9028283,2020,Political Stability,score_0_100
Oman,OMN,Political Stability - Governance score (0-100),GOV_WGI_PV.SC,73.9028283,2020,Political Stability,score_0_100
Oman,OMN,Political Stability - Governance score (0-100),GOV_WGI_PV.SC,72.560235,2021,Political Stability,score_0_100
Oman,OMN,Political Stability - Governance score (0-100),GOV_WGI_PV.SC,72.560235,2021,Political Stability,score_0_100
Oman,OMN,Political Stability - Governance score (0-100),GOV_WGI_PV.SC,73.4096398,2022,Political Stability,score_0_100
Oman,OMN,Political Stability - Governance score (0-100),GOV_WGI_PV.SC,73.4096398,2022,Political Stability,score_0_100
Oman,OMN,Political Stability - Governance score (0-100),GOV_WGI_PV.SC,75.3261287,2023,Political Stability,score_0_100
Oman,OMN,Political Stability - Governance score (0-100),GOV_WGI_PV.SC,75.3261287,2023,Political Stability,score_0_100
Oman,OMN,Political Stability - Governance score (0-100),GOV_WGI_PV.SC,76.6085897,2024,Political Stability,score_0_100
Oman,OMN,Political Stability - Governance score (0-100),GOV_WGI_PV.SC,76.6085897,2024,Political Stability,score_0_100
Oman,OMN,Rule of Law - Governance estimate (approx. -2.5 to +2.5),GOV_WGI_RL.EST,0.2116285,2015,Rule of Law,estimate
Oman,OMN,Rule of Law - Governance estimate (approx. -2.5 to +2.5),GOV_WGI_RL.EST,0.2116285,2015,Rule of Law,estimate
Oman,OMN,Rule of Law - Governance estimate (approx. -2.5 to +2.5),GOV_WGI_RL.EST,0.2216168,2016,Rule of Law,estimate
Oman,OMN,Rule of Law - Governance estimate (approx. -2.5 to +2.5),GOV_WGI_RL.EST,0.2216168,2016,Rule of Law,estimate
Oman,OMN,Rule of Law - Governance estimate (approx. -2.5 to +2.5),GOV_WGI_RL.EST,0.1808944,2017,Rule of Law,estimate
Oman,OMN,Rule of Law - Governance estimate (approx. -2.5 to +2.5),GOV_WGI_RL.EST,0.1808944,2017,Rule of Law,estimate
Oman,OMN,Rule of Law - Governance estimate (approx. -2.5 to +2.5),GOV_WGI_RL.EST,0.1837813,2018,Rule of Law,estimate
Oman,OMN,Rule of Law - Governance estimate (approx. -2.5 to +2.5),GOV_WGI_RL.EST,0.1837813,2018,Rule of Law,estimate
Oman,OMN,Rule of Law - Governance estimate (approx. -2.5 to +2.5),GOV_WGI_RL.EST,0.260692,2019,Rule of Law,estimate
Oman,OMN,Rule of Law - Governance estimate (approx. -2.5 to +2.5),GOV_WGI_RL.EST,0.260692,2019,Rule of Law,estimate
Oman,OMN,Rule of Law - Governance estimate (approx. -2.5 to +2.5),GOV_WGI_RL.EST,0.2562542,2020,Rule of Law,estimate
Oman,OMN,Rule of Law - Governance estimate (approx. -2.5 to +2.5),GOV_WGI_RL.EST,0.2562542,2020,Rule of Law,estimate
Oman,OMN,Rule of Law - Governance estimate (approx. -2.5 to +2.5),GOV_WGI_RL.EST,0.2255117,2021,Rule of Law,estimate
Oman,OMN,Rule of Law - Governance estimate (approx. -2.5 to +2.5),GOV_WGI_RL.EST,0.2255117,2021,Rule of Law,estimate
Oman,OMN,Rule of Law - Governance estimate (approx. -2.5 to +2.5),GOV_WGI_RL.EST,0.3524322,2022,Rule of Law,estimate
Oman,OMN,Rule of Law - Governance estimate (approx. -2.5 to +2.5),GOV_WGI_RL.EST,0.3524322,2022,Rule of Law,estimate
Oman,OMN,Rule of Law - Governance estimate (approx. -2.5 to +2.5),GOV_WGI_RL.EST,0.3443083,2023,Rule of Law,estimate
Oman,OMN,Rule of Law - Governance estimate (approx. -2.5 to +2.5),GOV_WGI_RL.EST,0.3443083,2023,Rule of Law,estimate
Oman,OMN,Rule of Law - Governance estimate (approx. -2.5 to +2.5),GOV_WGI_RL.EST,0.4493583,2024,Rule of Law,estimate
Oman,OMN,Rule of Law - Governance estimate (approx. -2.5 to +2.5),GOV_WGI_RL.EST,0.4493583,2024,Rule of Law,estimate
Oman,OMN,Rule of Law - Governance score (0-100),GOV_WGI_RL.SC,60.6069857,2015,Rule of Law,score_0_100
Oman,OMN,Rule of Law - Governance score (0-100),GOV_WGI_RL.SC,60.6069857,2015,Rule of Law,score_0_100
Oman,OMN,Rule of Law - Governance score (0-100),GOV_WGI_RL.SC,60.7788914,2016,Rule of Law,score_0_100
Oman,OMN,Rule of Law - Governance score (0-100),GOV_WGI_RL.SC,60.7788914,2016,Rule of Law,score_0_100
Oman,OMN,Rule of Law - Governance score (0-100),GOV_WGI_RL.SC,60.0780302,2017,Rule of Law,score_0_100
Oman,OMN,Rule of Law - Governance score (0-100),GOV_WGI_RL.SC,60.0780302,2017,Rule of Law,score_0_100
Oman,OMN,Rule of Law - Governance score (0-100),GOV_WGI_RL.SC,60.1277158,2018,Rule of Law,score_0_100
Oman,OMN,Rule of Law - Governance score (0-100),GOV_WGI_RL.SC,60.1277158,2018,Rule of Law,score_0_100
Oman,OMN,Rule of Law - Governance score (0-100),GOV_WGI_RL.SC,61.451403,2019,Rule of Law,score_0_100
Oman,OMN,Rule of Law - Governance score (0-100),GOV_WGI_RL.SC,61.451403,2019,Rule of Law,score_0_100
Oman,OMN,Rule of Law - Governance score (0-100),GOV_WGI_RL.SC,61.3750254,2020,Rule of Law,score_0_100
Oman,OMN,Rule of Law - Governance score (0-100),GOV_WGI_RL.SC,61.3750254,2020,Rule of Law,score_0_100
Oman,OMN,Rule of Law - Governance score (0-100),GOV_WGI_RL.SC,60.8459253,2021,Rule of Law,score_0_100
Oman,OMN,Rule of Law - Governance score (0-100),GOV_WGI_RL.SC,60.8459253,2021,Rule of Law,score_0_100
Oman,OMN,Rule of Law - Governance score (0-100),GOV_WGI_RL.SC,63.0303164,2022,Rule of Law,score_0_100
Oman,OMN,Rule of Law - Governance score (0-100),GOV_WGI_RL.SC,63.0303164,2022,Rule of Law,score_0_100
Oman,OMN,Rule of Law - Governance score (0-100),GOV_WGI_RL.SC,62.8904984,2023,Rule of Law,score_0_100
Oman,OMN,Rule of Law - Governance score (0-100),GOV_WGI_RL.SC,62.8904984,2023,Rule of Law,score_0_100
Oman,OMN,Rule of Law - Governance score (0-100),GOV_WGI_RL.SC,64.6984828,2024,Rule of Law,score_0_100
Oman,OMN,Rule of Law - Governance score (0-100),GOV_WGI_RL.SC,64.6984828,2024,Rule of Law,score_0_100
Qatar,QAT,Control of Corruption - Governance estimate (approx. -2.5 to +2.5),GOV_WGI_CC.EST,0.8450167,2015,Control of Corruption,estimate
Qatar,QAT,Control of Corruption - Governance estimate (approx. -2.5 to +2.5),GOV_WGI_CC.EST,0.8450167,2015,Control of Corruption,estimate
Qatar,QAT,Control of Corruption - Governance estimate (approx. -2.5 to +2.5),GOV_WGI_CC.EST,0.8601436,2016,Control of Corruption,estimate
Qatar,QAT,Control of Corruption - Governance estimate (approx. -2.5 to +2.5),GOV_WGI_CC.EST,0.8601436,2016,Control of Corruption,estimate
Qatar,QAT,Control of Corruption - Governance estimate (approx. -2.5 to +2.5),GOV_WGI_CC.EST,0.7457912,2017,Control of Corruption,estimate
Qatar,QAT,Control of Corruption - Governance estimate (approx. -2.5 to +2.5),GOV_WGI_CC.EST,0.7457912,2017,Control of Corruption,estimate
Qatar,QAT,Control of Corruption - Governance estimate (approx. -2.5 to +2.5),GOV_WGI_CC.EST,0.7493739,2018,Control of Corruption,estimate
Qatar,QAT,Control of Corruption - Governance estimate (approx. -2.5 to +2.5),GOV_WGI_CC.EST,0.7493739,2018,Control of Corruption,estimate
Qatar,QAT,Control of Corruption - Governance estimate (approx. -2.5 to +2.5),GOV_WGI_CC.EST,0.8776184,2019,Control of Corruption,estimate
Qatar,QAT,Control of Corruption - Governance estimate (approx. -2.5 to +2.5),GOV_WGI_CC.EST,0.8776184,2019,Control of Corruption,estimate
Qatar,QAT,Control of Corruption - Governance estimate (approx. -2.5 to +2.5),GOV_WGI_CC.EST,0.8746817,2020,Control of Corruption,estimate
Qatar,QAT,Control of Corruption - Governance estimate (approx. -2.5 to +2.5),GOV_WGI_CC.EST,0.8746817,2020,Control of Corruption,estimate
Qatar,QAT,Control of Corruption - Governance estimate (approx. -2.5 to +2.5),GOV_WGI_CC.EST,0.8394432,2021,Control of Corruption,estimate
Qatar,QAT,Control of Corruption - Governance estimate (approx. -2.5 to +2.5),GOV_WGI_CC.EST,0.8394432,2021,Control of Corruption,estimate
Qatar,QAT,Control of Corruption - Governance estimate (approx. -2.5 to +2.5),GOV_WGI_CC.EST,0.8197673,2022,Control of Corruption,estimate
Qatar,QAT,Control of Corruption - Governance estimate (approx. -2.5 to +2.5),GOV_WGI_CC.EST,0.8197673,2022,Control of Corruption,estimate
Qatar,QAT,Control of Corruption - Governance estimate (approx. -2.5 to +2.5),GOV_WGI_CC.EST,0.7757739,2023,Control of Corruption,estimate
Qatar,QAT,Control of Corruption - Governance estimate (approx. -2.5 to +2.5),GOV_WGI_CC.EST,0.7757739,2023,Control of Corruption,estimate
Qatar,QAT,Control of Corruption - Governance estimate (approx. -2.5 to +2.5),GOV_WGI_CC.EST,0.7548293,2024,Control of Corruption,estimate
Qatar,QAT,Control of Corruption - Governance estimate (approx. -2.5 to +2.5),GOV_WGI_CC.EST,0.7548293,2024,Control of Corruption,estimate
Qatar,QAT,Control of Corruption - Governance score (0-100),GOV_WGI_CC.SC,64.9592622,2015,Control of Corruption,score_0_100
Qatar,QAT,Control of Corruption - Governance score (0-100),GOV_WGI_CC.SC,64.9592622,2015,Control of Corruption,score_0_100
Qatar,QAT,Control of Corruption - Governance score (0-100),GOV_WGI_CC.SC,65.2654539,2016,Control of Corruption,score_0_100
Qatar,QAT,Control of Corruption - Governance score (0-100),GOV_WGI_CC.SC,65.2654539,2016,Control of Corruption,score_0_100
Qatar,QAT,Control of Corruption - Governance score (0-100),GOV_WGI_CC.SC,62.9507858,2017,Control of Corruption,score_0_100
Qatar,QAT,Control of Corruption - Governance score (0-100),GOV_WGI_CC.SC,62.9507858,2017,Control of Corruption,score_0_100
Qatar,QAT,Control of Corruption - Governance score (0-100),GOV_WGI_CC.SC,63.0233052,2018,Control of Corruption,score_0_100
Qatar,QAT,Control of Corruption - Governance score (0-100),GOV_WGI_CC.SC,63.0233052,2018,Control of Corruption,score_0_100
Qatar,QAT,Control of Corruption - Governance score (0-100),GOV_WGI_CC.SC,65.6191706,2019,Control of Corruption,score_0_100
Qatar,QAT,Control of Corruption - Governance score (0-100),GOV_WGI_CC.SC,65.6191706,2019,Control of Corruption,score_0_100
Qatar,QAT,Control of Corruption - Governance score (0-100),GOV_WGI_CC.SC,65.5597273,2020,Control of Corruption,score_0_100
Qatar,QAT,Control of Corruption - Governance score (0-100),GOV_WGI_CC.SC,65.5597273,2020,Control of Corruption,score_0_100
Qatar,QAT,Control of Corruption - Governance score (0-100),GOV_WGI_CC.SC,64.846446,2021,Control of Corruption,score_0_100
Qatar,QAT,Control of Corruption - Governance score (0-100),GOV_WGI_CC.SC,64.846446,2021,Control of Corruption,score_0_100
Qatar,QAT,Control of Corruption - Governance score (0-100),GOV_WGI_CC.SC,64.4481756,2022,Control of Corruption,score_0_100
Qatar,QAT,Control of Corruption - Governance score (0-100),GOV_WGI_CC.SC,64.4481756,2022,Control of Corruption,score_0_100
Qatar,QAT,Control of Corruption - Governance score (0-100),GOV_WGI_CC.SC,63.5576817,2023,Control of Corruption,score_0_100
Qatar,QAT,Control of Corruption - Governance score (0-100),GOV_WGI_CC.SC,63.5576817,2023,Control of Corruption,score_0_100
Qatar,QAT,Control of Corruption - Governance score (0-100),GOV_WGI_CC.SC,63.1337308,2024,Control of Corruption,score_0_100
Qatar,QAT,Control of Corruption - Governance score (0-100),GOV_WGI_CC.SC,63.1337308,2024,Control of Corruption,score_0_100
Qatar,QAT,Government Effectiveness - Governance estimate (approx. -2.5 to +2.5),GOV_WGI_GE.EST,1.0340695,2015,Government Effectiveness,estimate
Qatar,QAT,Government Effectiveness - Governance estimate (approx. -2.5 to +2.5),GOV_WGI_GE.EST,1.0340695,2015,Government Effectiveness,estimate
Qatar,QAT,Government Effectiveness - Governance estimate (approx. -2.5 to +2.5),GOV_WGI_GE.EST,1.0292498,2016,Government Effectiveness,estimate
Qatar,QAT,Government Effectiveness - Governance estimate (approx. -2.5 to +2.5),GOV_WGI_GE.EST,1.0292498,2016,Government Effectiveness,estimate
Qatar,QAT,Government Effectiveness - Governance estimate (approx. -2.5 to +2.5),GOV_WGI_GE.EST,0.9701164,2017,Government Effectiveness,estimate
Qatar,QAT,Government Effectiveness - Governance estimate (approx. -2.5 to +2.5),GOV_WGI_GE.EST,0.9701164,2017,Government Effectiveness,estimate
Qatar,QAT,Government Effectiveness - Governance estimate (approx. -2.5 to +2.5),GOV_WGI_GE.EST,0.8061951,2018,Government Effectiveness,estimate
Qatar,QAT,Government Effectiveness - Governance estimate (approx. -2.5 to +2.5),GOV_WGI_GE.EST,0.8061951,2018,Government Effectiveness,estimate
Qatar,QAT,Government Effectiveness - Governance estimate (approx. -2.5 to +2.5),GOV_WGI_GE.EST,0.9423676,2019,Government Effectiveness,estimate
Qatar,QAT,Government Effectiveness - Governance estimate (approx. -2.5 to +2.5),GOV_WGI_GE.EST,0.9423676,2019,Government Effectiveness,estimate
Qatar,QAT,Government Effectiveness - Governance estimate (approx. -2.5 to +2.5),GOV_WGI_GE.EST,0.9642748,2020,Government Effectiveness,estimate
Qatar,QAT,Government Effectiveness - Governance estimate (approx. -2.5 to +2.5),GOV_WGI_GE.EST,0.9642748,2020,Government Effectiveness,estimate
Qatar,QAT,Government Effectiveness - Governance estimate (approx. -2.5 to +2.5),GOV_WGI_GE.EST,1.1277682,2021,Government Effectiveness,estimate
Qatar,QAT,Government Effectiveness - Governance estimate (approx. -2.5 to +2.5),GOV_WGI_GE.EST,1.1277682,2021,Government Effectiveness,estimate
Qatar,QAT,Government Effectiveness - Governance estimate (approx. -2.5 to +2.5),GOV_WGI_GE.EST,1.189094,2022,Government Effectiveness,estimate
Qatar,QAT,Government Effectiveness - Governance estimate (approx. -2.5 to +2.5),GOV_WGI_GE.EST,1.189094,2022,Government Effectiveness,estimate
Qatar,QAT,Government Effectiveness - Governance estimate (approx. -2.5 to +2.5),GOV_WGI_GE.EST,1.1464253,2023,Government Effectiveness,estimate
Qatar,QAT,Government Effectiveness - Governance estimate (approx. -2.5 to +2.5),GOV_WGI_GE.EST,1.1464253,2023,Government Effectiveness,estimate
Qatar,QAT,Government Effectiveness - Governance estimate (approx. -2.5 to +2.5),GOV_WGI_GE.EST,1.1342702,2024,Government Effectiveness,estimate
Qatar,QAT,Government Effectiveness - Governance estimate (approx. -2.5 to +2.5),GOV_WGI_GE.EST,1.1342702,2024,Government Effectiveness,estimate
Qatar,QAT,Government Effectiveness - Governance score (0-100),GOV_WGI_GE.SC,71.4469466,2015,Government Effectiveness,score_0_100
Qatar,QAT,Government Effectiveness - Governance score (0-100),GOV_WGI_GE.SC,71.4469466,2015,Government Effectiveness,score_0_100
Qatar,QAT,Government Effectiveness - Governance score (0-100),GOV_WGI_GE.SC,71.3532322,2016,Government Effectiveness,score_0_100
Qatar,QAT,Government Effectiveness - Governance score (0-100),GOV_WGI_GE.SC,71.3532322,2016,Government Effectiveness,score_0_100
Qatar,QAT,Government Effectiveness - Governance score (0-100),GOV_WGI_GE.SC,70.2034412,2017,Government Effectiveness,score_0_100
Qatar,QAT,Government Effectiveness - Governance score (0-100),GOV_WGI_GE.SC,70.2034412,2017,Government Effectiveness,score_0_100
Qatar,QAT,Government Effectiveness - Governance score (0-100),GOV_WGI_GE.SC,67.0161522,2018,Government Effectiveness,score_0_100
Qatar,QAT,Government Effectiveness - Governance score (0-100),GOV_WGI_GE.SC,67.0161522,2018,Government Effectiveness,score_0_100
Qatar,QAT,Government Effectiveness - Governance score (0-100),GOV_WGI_GE.SC,69.663893,2019,Government Effectiveness,score_0_100
Qatar,QAT,Government Effectiveness - Governance score (0-100),GOV_WGI_GE.SC,69.663893,2019,Government Effectiveness,score_0_100
Qatar,QAT,Government Effectiveness - Governance score (0-100),GOV_WGI_GE.SC,70.089857,2020,Government Effectiveness,score_0_100
Qatar,QAT,Government Effectiveness - Governance score (0-100),GOV_WGI_GE.SC,70.089857,2020,Government Effectiveness,score_0_100
Qatar,QAT,Government Effectiveness - Governance score (0-100),GOV_WGI_GE.SC,73.268826,2021,Government Effectiveness,score_0_100
Qatar,QAT,Government Effectiveness - Governance score (0-100),GOV_WGI_GE.SC,73.268826,2021,Government Effectiveness,score_0_100
Qatar,QAT,Government Effectiveness - Governance score (0-100),GOV_WGI_GE.SC,74.4612461,2022,Government Effectiveness,score_0_100
Qatar,QAT,Government Effectiveness - Governance score (0-100),GOV_WGI_GE.SC,74.4612461,2022,Government Effectiveness,score_0_100
Qatar,QAT,Government Effectiveness - Governance score (0-100),GOV_WGI_GE.SC,73.631595,2023,Government Effectiveness,score_0_100
Qatar,QAT,Government Effectiveness - Governance score (0-100),GOV_WGI_GE.SC,73.631595,2023,Government Effectiveness,score_0_100
Qatar,QAT,Government Effectiveness - Governance score (0-100),GOV_WGI_GE.SC,73.395251,2024,Government Effectiveness,score_0_100
Qatar,QAT,Government Effectiveness - Governance score (0-100),GOV_WGI_GE.SC,73.395251,2024,Government Effectiveness,score_0_100
Qatar,QAT,Political Stability - Governance estimate (approx. -2.5 to +2.5),GOV_WGI_PV.EST,0.9673463,2015,Political Stability,estimate
Qatar,QAT,Political Stability - Governance estimate (approx. -2.5 to +2.5),GOV_WGI_PV.EST,0.9673463,2015,Political Stability,estimate
Qatar,QAT,Political Stability - Governance estimate (approx. -2.5 to +2.5),GOV_WGI_PV.EST,0.8292355,2016,Political Stability,estimate
Qatar,QAT,Political Stability - Governance estimate (approx. -2.5 to +2.5),GOV_WGI_PV.EST,0.8292355,2016,Political Stability,estimate
Qatar,QAT,Political Stability - Governance estimate (approx. -2.5 to +2.5),GOV_WGI_PV.EST,0.8357284,2017,Political Stability,estimate
Qatar,QAT,Political Stability - Governance estimate (approx. -2.5 to +2.5),GOV_WGI_PV.EST,0.8357284,2017,Political Stability,estimate
Qatar,QAT,Political Stability - Governance estimate (approx. -2.5 to +2.5),GOV_WGI_PV.EST,0.8707185,2018,Political Stability,estimate
Qatar,QAT,Political Stability - Governance estimate (approx. -2.5 to +2.5),GOV_WGI_PV.EST,0.8707185,2018,Political Stability,estimate
Qatar,QAT,Political Stability - Governance estimate (approx. -2.5 to +2.5),GOV_WGI_PV.EST,0.882266,2019,Political Stability,estimate
Qatar,QAT,Political Stability - Governance estimate (approx. -2.5 to +2.5),GOV_WGI_PV.EST,0.882266,2019,Political Stability,estimate
Qatar,QAT,Political Stability - Governance estimate (approx. -2.5 to +2.5),GOV_WGI_PV.EST,0.8905079,2020,Political Stability,estimate
Qatar,QAT,Political Stability - Governance estimate (approx. -2.5 to +2.5),GOV_WGI_PV.EST,0.8905079,2020,Political Stability,estimate
Qatar,QAT,Political Stability - Governance estimate (approx. -2.5 to +2.5),GOV_WGI_PV.EST,0.9259515,2021,Political Stability,estimate
Qatar,QAT,Political Stability - Governance estimate (approx. -2.5 to +2.5),GOV_WGI_PV.EST,0.9259515,2021,Political Stability,estimate
Qatar,QAT,Political Stability - Governance estimate (approx. -2.5 to +2.5),GOV_WGI_PV.EST,0.9163182,2022,Political Stability,estimate
Qatar,QAT,Political Stability - Governance estimate (approx. -2.5 to +2.5),GOV_WGI_PV.EST,0.9163182,2022,Political Stability,estimate
Qatar,QAT,Political Stability - Governance estimate (approx. -2.5 to +2.5),GOV_WGI_PV.EST,1.0147153,2023,Political Stability,estimate
Qatar,QAT,Political Stability - Governance estimate (approx. -2.5 to +2.5),GOV_WGI_PV.EST,1.0147153,2023,Political Stability,estimate
Qatar,QAT,Political Stability - Governance estimate (approx. -2.5 to +2.5),GOV_WGI_PV.EST,0.9511752,2024,Political Stability,estimate
Qatar,QAT,Political Stability - Governance estimate (approx. -2.5 to +2.5),GOV_WGI_PV.EST,0.9511752,2024,Political Stability,estimate
Qatar,QAT,Political Stability - Governance score (0-100),GOV_WGI_PV.SC,82.4182162,2015,Political Stability,score_0_100
Qatar,QAT,Political Stability - Governance score (0-100),GOV_WGI_PV.SC,82.4182162,2015,Political Stability,score_0_100
Qatar,QAT,Political Stability - Governance score (0-100),GOV_WGI_PV.SC,80.0590627,2016,Political Stability,score_0_100
Qatar,QAT,Political Stability - Governance score (0-100),GOV_WGI_PV.SC,80.0590627,2016,Political Stability,score_0_100
Qatar,QAT,Political Stability - Governance score (0-100),GOV_WGI_PV.SC,80.1699718,2017,Political Stability,score_0_100
Qatar,QAT,Political Stability - Governance score (0-100),GOV_WGI_PV.SC,80.1699718,2017,Political Stability,score_0_100
Qatar,QAT,Political Stability - Governance score (0-100),GOV_WGI_PV.SC,80.7676587,2018,Political Stability,score_0_100
Qatar,QAT,Political Stability - Governance score (0-100),GOV_WGI_PV.SC,80.7676587,2018,Political Stability,score_0_100
Qatar,QAT,Political Stability - Governance score (0-100),GOV_WGI_PV.SC,80.9649085,2019,Political Stability,score_0_100
Qatar,QAT,Political Stability - Governance score (0-100),GOV_WGI_PV.SC,80.9649085,2019,Political Stability,score_0_100
Qatar,QAT,Political Stability - Governance score (0-100),GOV_WGI_PV.SC,81.1056934,2020,Political Stability,score_0_100
Qatar,QAT,Political Stability - Governance score (0-100),GOV_WGI_PV.SC,81.1056934,2020,Political Stability,score_0_100
Qatar,QAT,Political Stability - Governance score (0-100),GOV_WGI_PV.SC,81.7111268,2021,Political Stability,score_0_100
Qatar,QAT,Political Stability - Governance score (0-100),GOV_WGI_PV.SC,81.7111268,2021,Political Stability,score_0_100
Qatar,QAT,Political Stability - Governance score (0-100),GOV_WGI_PV.SC,81.5465746,2022,Political Stability,score_0_100
Qatar,QAT,Political Stability - Governance score (0-100),GOV_WGI_PV.SC,81.5465746,2022,Political Stability,score_0_100
Qatar,QAT,Political Stability - Governance score (0-100),GOV_WGI_PV.SC,83.2273545,2023,Political Stability,score_0_100
Qatar,QAT,Political Stability - Governance score (0-100),GOV_WGI_PV.SC,83.2273545,2023,Political Stability,score_0_100
Qatar,QAT,Political Stability - Governance score (0-100),GOV_WGI_PV.SC,82.1419879,2024,Political Stability,score_0_100
Qatar,QAT,Political Stability - Governance score (0-100),GOV_WGI_PV.SC,82.1419879,2024,Political Stability,score_0_100
Qatar,QAT,Rule of Law - Governance estimate (approx. -2.5 to +2.5),GOV_WGI_RL.EST,0.5358302,2015,Rule of Law,estimate
Qatar,QAT,Rule of Law - Governance estimate (approx. -2.5 to +2.5),GOV_WGI_RL.EST,0.5358302,2015,Rule of Law,estimate
Qatar,QAT,Rule of Law - Governance estimate (approx. -2.5 to +2.5),GOV_WGI_RL.EST,0.5818673,2016,Rule of Law,estimate
Qatar,QAT,Rule of Law - Governance estimate (approx. -2.5 to +2.5),GOV_WGI_RL.EST,0.5818673,2016,Rule of Law,estimate
Qatar,QAT,Rule of Law - Governance estimate (approx. -2.5 to +2.5),GOV_WGI_RL.EST,0.470148,2017,Rule of Law,estimate
Qatar,QAT,Rule of Law - Governance estimate (approx. -2.5 to +2.5),GOV_WGI_RL.EST,0.470148,2017,Rule of Law,estimate
Qatar,QAT,Rule of Law - Governance estimate (approx. -2.5 to +2.5),GOV_WGI_RL.EST,0.4639058,2018,Rule of Law,estimate
Qatar,QAT,Rule of Law - Governance estimate (approx. -2.5 to +2.5),GOV_WGI_RL.EST,0.4639058,2018,Rule of Law,estimate
Qatar,QAT,Rule of Law - Governance estimate (approx. -2.5 to +2.5),GOV_WGI_RL.EST,0.4938622,2019,Rule of Law,estimate
Qatar,QAT,Rule of Law - Governance estimate (approx. -2.5 to +2.5),GOV_WGI_RL.EST,0.4938622,2019,Rule of Law,estimate
Qatar,QAT,Rule of Law - Governance estimate (approx. -2.5 to +2.5),GOV_WGI_RL.EST,0.4786325,2020,Rule of Law,estimate
Qatar,QAT,Rule of Law - Governance estimate (approx. -2.5 to +2.5),GOV_WGI_RL.EST,0.4786325,2020,Rule of Law,estimate
Qatar,QAT,Rule of Law - Governance estimate (approx. -2.5 to +2.5),GOV_WGI_RL.EST,0.5003341,2021,Rule of Law,estimate
Qatar,QAT,Rule of Law - Governance estimate (approx. -2.5 to +2.5),GOV_WGI_RL.EST,0.5003341,2021,Rule of Law,estimate
Qatar,QAT,Rule of Law - Governance estimate (approx. -2.5 to +2.5),GOV_WGI_RL.EST,0.5977458,2022,Rule of Law,estimate
Qatar,QAT,Rule of Law - Governance estimate (approx. -2.5 to +2.5),GOV_WGI_RL.EST,0.5977458,2022,Rule of Law,estimate
Qatar,QAT,Rule of Law - Governance estimate (approx. -2.5 to +2.5),GOV_WGI_RL.EST,0.5728637,2023,Rule of Law,estimate
Qatar,QAT,Rule of Law - Governance estimate (approx. -2.5 to +2.5),GOV_WGI_RL.EST,0.5728637,2023,Rule of Law,estimate
Qatar,QAT,Rule of Law - Governance estimate (approx. -2.5 to +2.5),GOV_WGI_RL.EST,0.589593,2024,Rule of Law,estimate
Qatar,QAT,Rule of Law - Governance estimate (approx. -2.5 to +2.5),GOV_WGI_RL.EST,0.589593,2024,Rule of Law,estimate
Qatar,QAT,Rule of Law - Governance score (0-100),GOV_WGI_RL.SC,66.186725,2015,Rule of Law,score_0_100
Qatar,QAT,Rule of Law - Governance score (0-100),GOV_WGI_RL.SC,66.186725,2015,Rule of Law,score_0_100
Qatar,QAT,Rule of Law - Governance score (0-100),GOV_WGI_RL.SC,66.9790558,2016,Rule of Law,score_0_100
Qatar,QAT,Rule of Law - Governance score (0-100),GOV_WGI_RL.SC,66.9790558,2016,Rule of Law,score_0_100
Qatar,QAT,Rule of Law - Governance score (0-100),GOV_WGI_RL.SC,65.0562881,2017,Rule of Law,score_0_100
Qatar,QAT,Rule of Law - Governance score (0-100),GOV_WGI_RL.SC,65.0562881,2017,Rule of Law,score_0_100
Qatar,QAT,Rule of Law - Governance score (0-100),GOV_WGI_RL.SC,64.9488555,2018,Rule of Law,score_0_100
Qatar,QAT,Rule of Law - Governance score (0-100),GOV_WGI_RL.SC,64.9488555,2018,Rule of Law,score_0_100
Qatar,QAT,Rule of Law - Governance score (0-100),GOV_WGI_RL.SC,65.4644262,2019,Rule of Law,score_0_100
Qatar,QAT,Rule of Law - Governance score (0-100),GOV_WGI_RL.SC,65.4644262,2019,Rule of Law,score_0_100
Qatar,QAT,Rule of Law - Governance score (0-100),GOV_WGI_RL.SC,65.2023123,2020,Rule of Law,score_0_100
Qatar,QAT,Rule of Law - Governance score (0-100),GOV_WGI_RL.SC,65.2023123,2020,Rule of Law,score_0_100
Qatar,QAT,Rule of Law - Governance score (0-100),GOV_WGI_RL.SC,65.5758121,2021,Rule of Law,score_0_100
Qatar,QAT,Rule of Law - Governance score (0-100),GOV_WGI_RL.SC,65.5758121,2021,Rule of Law,score_0_100
Qatar,QAT,Rule of Law - Governance score (0-100),GOV_WGI_RL.SC,67.252336,2022,Rule of Law,score_0_100
Qatar,QAT,Rule of Law - Governance score (0-100),GOV_WGI_RL.SC,67.252336,2022,Rule of Law,score_0_100
Qatar,QAT,Rule of Law - Governance score (0-100),GOV_WGI_RL.SC,66.8240976,2023,Rule of Law,score_0_100
Qatar,QAT,Rule of Law - Governance score (0-100),GOV_WGI_RL.SC,66.8240976,2023,Rule of Law,score_0_100
Qatar,QAT,Rule of Law - Governance score (0-100),GOV_WGI_RL.SC,67.1120206,2024,Rule of Law,score_0_100
Qatar,QAT,Rule of Law - Governance score (0-100),GOV_WGI_RL.SC,67.1120206,2024,Rule of Law,score_0_100
Russian Federation,RUS,Control of Corruption - Governance estimate (approx. -2.5 to +2.5),GOV_WGI_CC.EST,-0.9134362,2015,Control of Corruption,estimate
Russian Federation,RUS,Control of Corruption - Governance estimate (approx. -2.5 to +2.5),GOV_WGI_CC.EST,-0.9134362,2015,Control of Corruption,estimate
Russian Federation,RUS,Control of Corruption - Governance estimate (approx. -2.5 to +2.5),GOV_WGI_CC.EST,-0.8264543,2016,Control of Corruption,estimate
Russian Federation,RUS,Control of Corruption - Governance estimate (approx. -2.5 to +2.5),GOV_WGI_CC.EST,-0.8264543,2016,Control of Corruption,estimate
Russian Federation,RUS,Control of Corruption - Governance estimate (approx. -2.5 to +2.5),GOV_WGI_CC.EST,-0.9134357,2017,Control of Corruption,estimate
Russian Federation,RUS,Control of Corruption - Governance estimate (approx. -2.5 to +2.5),GOV_WGI_CC.EST,-0.9134357,2017,Control of Corruption,estimate
Russian Federation,RUS,Control of Corruption - Governance estimate (approx. -2.5 to +2.5),GOV_WGI_CC.EST,-0.8887365,2018,Control of Corruption,estimate
Russian Federation,RUS,Control of Corruption - Governance estimate (approx. -2.5 to +2.5),GOV_WGI_CC.EST,-0.8887365,2018,Control of Corruption,estimate
Russian Federation,RUS,Control of Corruption - Governance estimate (approx. -2.5 to +2.5),GOV_WGI_CC.EST,-0.7696119,2019,Control of Corruption,estimate
Russian Federation,RUS,Control of Corruption - Governance estimate (approx. -2.5 to +2.5),GOV_WGI_CC.EST,-0.7696119,2019,Control of Corruption,estimate
Russian Federation,RUS,Control of Corruption - Governance estimate (approx. -2.5 to +2.5),GOV_WGI_CC.EST,-0.7746533,2020,Control of Corruption,estimate
Russian Federation,RUS,Control of Corruption - Governance estimate (approx. -2.5 to +2.5),GOV_WGI_CC.EST,-0.7746533,2020,Control of Corruption,estimate
Russian Federation,RUS,Control of Corruption - Governance estimate (approx. -2.5 to +2.5),GOV_WGI_CC.EST,-0.7788442,2021,Control of Corruption,estimate
Russian Federation,RUS,Control of Corruption - Governance estimate (approx. -2.5 to +2.5),GOV_WGI_CC.EST,-0.7788442,2021,Control of Corruption,estimate
Russian Federation,RUS,Control of Corruption - Governance estimate (approx. -2.5 to +2.5),GOV_WGI_CC.EST,-0.7728061,2022,Control of Corruption,estimate
Russian Federation,RUS,Control of Corruption - Governance estimate (approx. -2.5 to +2.5),GOV_WGI_CC.EST,-0.7728061,2022,Control of Corruption,estimate
Russian Federation,RUS,Control of Corruption - Governance estimate (approx. -2.5 to +2.5),GOV_WGI_CC.EST,-0.8877345,2023,Control of Corruption,estimate
Russian Federation,RUS,Control of Corruption - Governance estimate (approx. -2.5 to +2.5),GOV_WGI_CC.EST,-0.8877345,2023,Control of Corruption,estimate
Russian Federation,RUS,Control of Corruption - Governance estimate (approx. -2.5 to +2.5),GOV_WGI_CC.EST,-0.8911386,2024,Control of Corruption,estimate
Russian Federation,RUS,Control of Corruption - Governance estimate (approx. -2.5 to +2.5),GOV_WGI_CC.EST,-0.8911386,2024,Control of Corruption,estimate
Russian Federation,RUS,Control of Corruption - Governance score (0-100),GOV_WGI_CC.SC,29.3654771,2015,Control of Corruption,score_0_100
Russian Federation,RUS,Control of Corruption - Governance score (0-100),GOV_WGI_CC.SC,29.3654771,2015,Control of Corruption,score_0_100
Russian Federation,RUS,Control of Corruption - Governance score (0-100),GOV_WGI_CC.SC,31.1261242,2016,Control of Corruption,score_0_100
Russian Federation,RUS,Control of Corruption - Governance score (0-100),GOV_WGI_CC.SC,31.1261242,2016,Control of Corruption,score_0_100
Russian Federation,RUS,Control of Corruption - Governance score (0-100),GOV_WGI_CC.SC,29.3654872,2017,Control of Corruption,score_0_100
Russian Federation,RUS,Control of Corruption - Governance score (0-100),GOV_WGI_CC.SC,29.3654872,2017,Control of Corruption,score_0_100
Russian Federation,RUS,Control of Corruption - Governance score (0-100),GOV_WGI_CC.SC,29.8654369,2018,Control of Corruption,score_0_100
Russian Federation,RUS,Control of Corruption - Governance score (0-100),GOV_WGI_CC.SC,29.8654369,2018,Control of Corruption,score_0_100
Russian Federation,RUS,Control of Corruption - Governance score (0-100),GOV_WGI_CC.SC,32.2767016,2019,Control of Corruption,score_0_100
Russian Federation,RUS,Control of Corruption - Governance score (0-100),GOV_WGI_CC.SC,32.2767016,2019,Control of Corruption,score_0_100
Russian Federation,RUS,Control of Corruption - Governance score (0-100),GOV_WGI_CC.SC,32.1746559,2020,Control of Corruption,score_0_100
Russian Federation,RUS,Control of Corruption - Governance score (0-100),GOV_WGI_CC.SC,32.1746559,2020,Control of Corruption,score_0_100
Russian Federation,RUS,Control of Corruption - Governance score (0-100),GOV_WGI_CC.SC,32.0898257,2021,Control of Corruption,score_0_100
Russian Federation,RUS,Control of Corruption - Governance score (0-100),GOV_WGI_CC.SC,32.0898257,2021,Control of Corruption,score_0_100
Russian Federation,RUS,Control of Corruption - Governance score (0-100),GOV_WGI_CC.SC,32.2120461,2022,Control of Corruption,score_0_100
Russian Federation,RUS,Control of Corruption - Governance score (0-100),GOV_WGI_CC.SC,32.2120461,2022,Control of Corruption,score_0_100
Russian Federation,RUS,Control of Corruption - Governance score (0-100),GOV_WGI_CC.SC,29.8857189,2023,Control of Corruption,score_0_100
Russian Federation,RUS,Control of Corruption - Governance score (0-100),GOV_WGI_CC.SC,29.8857189,2023,Control of Corruption,score_0_100
Russian Federation,RUS,Control of Corruption - Governance score (0-100),GOV_WGI_CC.SC,29.8168147,2024,Control of Corruption,score_0_100
Russian Federation,RUS,Control of Corruption - Governance score (0-100),GOV_WGI_CC.SC,29.8168147,2024,Control of Corruption,score_0_100
Russian Federation,RUS,Government Effectiveness - Governance estimate (approx. -2.5 to +2.5),GOV_WGI_GE.EST,-0.3224347,2015,Government Effectiveness,estimate
Russian Federation,RUS,Government Effectiveness - Governance estimate (approx. -2.5 to +2.5),GOV_WGI_GE.EST,-0.3224347,2015,Government Effectiveness,estimate
Russian Federation,RUS,Government Effectiveness - Governance estimate (approx. -2.5 to +2.5),GOV_WGI_GE.EST,-0.3261886,2016,Government Effectiveness,estimate
Russian Federation,RUS,Government Effectiveness - Governance estimate (approx. -2.5 to +2.5),GOV_WGI_GE.EST,-0.3261886,2016,Government Effectiveness,estimate
Russian Federation,RUS,Government Effectiveness - Governance estimate (approx. -2.5 to +2.5),GOV_WGI_GE.EST,-0.2168885,2017,Government Effectiveness,estimate
Russian Federation,RUS,Government Effectiveness - Governance estimate (approx. -2.5 to +2.5),GOV_WGI_GE.EST,-0.2168885,2017,Government Effectiveness,estimate
Russian Federation,RUS,Government Effectiveness - Governance estimate (approx. -2.5 to +2.5),GOV_WGI_GE.EST,-0.1630089,2018,Government Effectiveness,estimate
Russian Federation,RUS,Government Effectiveness - Governance estimate (approx. -2.5 to +2.5),GOV_WGI_GE.EST,-0.1630089,2018,Government Effectiveness,estimate
Russian Federation,RUS,Government Effectiveness - Governance estimate (approx. -2.5 to +2.5),GOV_WGI_GE.EST,0.0414379,2019,Government Effectiveness,estimate
Russian Federation,RUS,Government Effectiveness - Governance estimate (approx. -2.5 to +2.5),GOV_WGI_GE.EST,0.0414379,2019,Government Effectiveness,estimate
Russian Federation,RUS,Government Effectiveness - Governance estimate (approx. -2.5 to +2.5),GOV_WGI_GE.EST,-0.0432286,2020,Government Effectiveness,estimate
Russian Federation,RUS,Government Effectiveness - Governance estimate (approx. -2.5 to +2.5),GOV_WGI_GE.EST,-0.0432286,2020,Government Effectiveness,estimate
Russian Federation,RUS,Government Effectiveness - Governance estimate (approx. -2.5 to +2.5),GOV_WGI_GE.EST,-0.1170517,2021,Government Effectiveness,estimate
Russian Federation,RUS,Government Effectiveness - Governance estimate (approx. -2.5 to +2.5),GOV_WGI_GE.EST,-0.1170517,2021,Government Effectiveness,estimate
Russian Federation,RUS,Government Effectiveness - Governance estimate (approx. -2.5 to +2.5),GOV_WGI_GE.EST,-0.2086802,2022,Government Effectiveness,estimate
Russian Federation,RUS,Government Effectiveness - Governance estimate (approx. -2.5 to +2.5),GOV_WGI_GE.EST,-0.2086802,2022,Government Effectiveness,estimate
Russian Federation,RUS,Government Effectiveness - Governance estimate (approx. -2.5 to +2.5),GOV_WGI_GE.EST,-0.208478,2023,Government Effectiveness,estimate
Russian Federation,RUS,Government Effectiveness - Governance estimate (approx. -2.5 to +2.5),GOV_WGI_GE.EST,-0.208478,2023,Government Effectiveness,estimate
Russian Federation,RUS,Government Effectiveness - Governance estimate (approx. -2.5 to +2.5),GOV_WGI_GE.EST,-0.3215539,2024,Government Effectiveness,estimate
Russian Federation,RUS,Government Effectiveness - Governance estimate (approx. -2.5 to +2.5),GOV_WGI_GE.EST,-0.3215539,2024,Government Effectiveness,estimate
Russian Federation,RUS,Government Effectiveness - Governance score (0-100),GOV_WGI_GE.SC,45.0710518,2015,Government Effectiveness,score_0_100
Russian Federation,RUS,Government Effectiveness - Governance score (0-100),GOV_WGI_GE.SC,45.0710518,2015,Government Effectiveness,score_0_100
Russian Federation,RUS,Government Effectiveness - Governance score (0-100),GOV_WGI_GE.SC,44.9980608,2016,Government Effectiveness,score_0_100
Russian Federation,RUS,Government Effectiveness - Governance score (0-100),GOV_WGI_GE.SC,44.9980608,2016,Government Effectiveness,score_0_100
Russian Federation,RUS,Government Effectiveness - Governance score (0-100),GOV_WGI_GE.SC,47.1232942,2017,Government Effectiveness,score_0_100
Russian Federation,RUS,Government Effectiveness - Governance score (0-100),GOV_WGI_GE.SC,47.1232942,2017,Government Effectiveness,score_0_100
Russian Federation,RUS,Government Effectiveness - Governance score (0-100),GOV_WGI_GE.SC,48.1709302,2018,Government Effectiveness,score_0_100
Russian Federation,RUS,Government Effectiveness - Governance score (0-100),GOV_WGI_GE.SC,48.1709302,2018,Government Effectiveness,score_0_100
Russian Federation,RUS,Government Effectiveness - Governance score (0-100),GOV_WGI_GE.SC,52.1461979,2019,Government Effectiveness,score_0_100
Russian Federation,RUS,Government Effectiveness - Governance score (0-100),GOV_WGI_GE.SC,52.1461979,2019,Government Effectiveness,score_0_100
Russian Federation,RUS,Government Effectiveness - Governance score (0-100),GOV_WGI_GE.SC,50.4999408,2020,Government Effectiveness,score_0_100
Russian Federation,RUS,Government Effectiveness - Governance score (0-100),GOV_WGI_GE.SC,50.4999408,2020,Government Effectiveness,score_0_100
Russian Federation,RUS,Government Effectiveness - Governance score (0-100),GOV_WGI_GE.SC,49.0645229,2021,Government Effectiveness,score_0_100
Russian Federation,RUS,Government Effectiveness - Governance score (0-100),GOV_WGI_GE.SC,49.0645229,2021,Government Effectiveness,score_0_100
Russian Federation,RUS,Government Effectiveness - Governance score (0-100),GOV_WGI_GE.SC,47.2828965,2022,Government Effectiveness,score_0_100
Russian Federation,RUS,Government Effectiveness - Governance score (0-100),GOV_WGI_GE.SC,47.2828965,2022,Government Effectiveness,score_0_100
Russian Federation,RUS,Government Effectiveness - Governance score (0-100),GOV_WGI_GE.SC,47.2868281,2023,Government Effectiveness,score_0_100
Russian Federation,RUS,Government Effectiveness - Governance score (0-100),GOV_WGI_GE.SC,47.2868281,2023,Government Effectiveness,score_0_100
Russian Federation,RUS,Government Effectiveness - Governance score (0-100),GOV_WGI_GE.SC,45.088178,2024,Government Effectiveness,score_0_100
Russian Federation,RUS,Government Effectiveness - Governance score (0-100),GOV_WGI_GE.SC,45.088178,2024,Government Effectiveness,score_0_100
Russian Federation,RUS,Political Stability - Governance estimate (approx. -2.5 to +2.5),GOV_WGI_PV.EST,-0.7905888,2015,Political Stability,estimate
Russian Federation,RUS,Political Stability - Governance estimate (approx. -2.5 to +2.5),GOV_WGI_PV.EST,-0.7905888,2015,Political Stability,estimate
Russian Federation,RUS,Political Stability - Governance estimate (approx. -2.5 to +2.5),GOV_WGI_PV.EST,-0.7684605,2016,Political Stability,estimate
Russian Federation,RUS,Political Stability - Governance estimate (approx. -2.5 to +2.5),GOV_WGI_PV.EST,-0.7684605,2016,Political Stability,estimate
Russian Federation,RUS,Political Stability - Governance estimate (approx. -2.5 to +2.5),GOV_WGI_PV.EST,-0.5386198,2017,Political Stability,estimate
Russian Federation,RUS,Political Stability - Governance estimate (approx. -2.5 to +2.5),GOV_WGI_PV.EST,-0.5386198,2017,Political Stability,estimate
Russian Federation,RUS,Political Stability - Governance estimate (approx. -2.5 to +2.5),GOV_WGI_PV.EST,-0.3681038,2018,Political Stability,estimate
Russian Federation,RUS,Political Stability - Governance estimate (approx. -2.5 to +2.5),GOV_WGI_PV.EST,-0.3681038,2018,Political Stability,estimate
Russian Federation,RUS,Political Stability - Governance estimate (approx. -2.5 to +2.5),GOV_WGI_PV.EST,-0.3986491,2019,Political Stability,estimate
Russian Federation,RUS,Political Stability - Governance estimate (approx. -2.5 to +2.5),GOV_WGI_PV.EST,-0.3986491,2019,Political Stability,estimate
Russian Federation,RUS,Political Stability - Governance estimate (approx. -2.5 to +2.5),GOV_WGI_PV.EST,-0.5068977,2020,Political Stability,estimate
Russian Federation,RUS,Political Stability - Governance estimate (approx. -2.5 to +2.5),GOV_WGI_PV.EST,-0.5068977,2020,Political Stability,estimate
Russian Federation,RUS,Political Stability - Governance estimate (approx. -2.5 to +2.5),GOV_WGI_PV.EST,-0.5061895,2021,Political Stability,estimate
Russian Federation,RUS,Political Stability - Governance estimate (approx. -2.5 to +2.5),GOV_WGI_PV.EST,-0.5061895,2021,Political Stability,estimate
Russian Federation,RUS,Political Stability - Governance estimate (approx. -2.5 to +2.5),GOV_WGI_PV.EST,-0.7409396,2022,Political Stability,estimate
Russian Federation,RUS,Political Stability - Governance estimate (approx. -2.5 to +2.5),GOV_WGI_PV.EST,-0.7409396,2022,Political Stability,estimate
Russian Federation,RUS,Political Stability - Governance estimate (approx. -2.5 to +2.5),GOV_WGI_PV.EST,-0.8184163,2023,Political Stability,estimate
Russian Federation,RUS,Political Stability - Governance estimate (approx. -2.5 to +2.5),GOV_WGI_PV.EST,-0.8184163,2023,Political Stability,estimate
Russian Federation,RUS,Political Stability - Governance estimate (approx. -2.5 to +2.5),GOV_WGI_PV.EST,-0.9032847,2024,Political Stability,estimate
Russian Federation,RUS,Political Stability - Governance estimate (approx. -2.5 to +2.5),GOV_WGI_PV.EST,-0.9032847,2024,Political Stability,estimate
Russian Federation,RUS,Political Stability - Governance score (0-100),GOV_WGI_PV.SC,52.3898713,2015,Political Stability,score_0_100
Russian Federation,RUS,Political Stability - Governance score (0-100),GOV_WGI_PV.SC,52.3898713,2015,Political Stability,score_0_100
Russian Federation,RUS,Political Stability - Governance score (0-100),GOV_WGI_PV.SC,52.7678581,2016,Political Stability,score_0_100
Russian Federation,RUS,Political Stability - Governance score (0-100),GOV_WGI_PV.SC,52.7678581,2016,Political Stability,score_0_100
Russian Federation,RUS,Political Stability - Governance score (0-100),GOV_WGI_PV.SC,56.6939051,2017,Political Stability,score_0_100
Russian Federation,RUS,Political Stability - Governance score (0-100),GOV_WGI_PV.SC,56.6939051,2017,Political Stability,score_0_100
Russian Federation,RUS,Political Stability - Governance score (0-100),GOV_WGI_PV.SC,59.6065913,2018,Political Stability,score_0_100
Russian Federation,RUS,Political Stability - Governance score (0-100),GOV_WGI_PV.SC,59.6065913,2018,Political Stability,score_0_100
Russian Federation,RUS,Political Stability - Governance score (0-100),GOV_WGI_PV.SC,59.0848287,2019,Political Stability,score_0_100
Russian Federation,RUS,Political Stability - Governance score (0-100),GOV_WGI_PV.SC,59.0848287,2019,Political Stability,score_0_100
Russian Federation,RUS,Political Stability - Governance score (0-100),GOV_WGI_PV.SC,57.2357693,2020,Political Stability,score_0_100
Russian Federation,RUS,Political Stability - Governance score (0-100),GOV_WGI_PV.SC,57.2357693,2020,Political Stability,score_0_100
Russian Federation,RUS,Political Stability - Governance score (0-100),GOV_WGI_PV.SC,57.2478665,2021,Political Stability,score_0_100
Russian Federation,RUS,Political Stability - Governance score (0-100),GOV_WGI_PV.SC,57.2478665,2021,Political Stability,score_0_100
Russian Federation,RUS,Political Stability - Governance score (0-100),GOV_WGI_PV.SC,53.2379591,2022,Political Stability,score_0_100
Russian Federation,RUS,Political Stability - Governance score (0-100),GOV_WGI_PV.SC,53.2379591,2022,Political Stability,score_0_100
Russian Federation,RUS,Political Stability - Governance score (0-100),GOV_WGI_PV.SC,51.9145331,2023,Political Stability,score_0_100
Russian Federation,RUS,Political Stability - Governance score (0-100),GOV_WGI_PV.SC,51.9145331,2023,Political Stability,score_0_100
Russian Federation,RUS,Political Stability - Governance score (0-100),GOV_WGI_PV.SC,50.464845,2024,Political Stability,score_0_100
Russian Federation,RUS,Political Stability - Governance score (0-100),GOV_WGI_PV.SC,50.464845,2024,Political Stability,score_0_100
Russian Federation,RUS,Rule of Law - Governance estimate (approx. -2.5 to +2.5),GOV_WGI_RL.EST,-0.9088341,2015,Rule of Law,estimate
Russian Federation,RUS,Rule of Law - Governance estimate (approx. -2.5 to +2.5),GOV_WGI_RL.EST,-0.9088341,2015,Rule of Law,estimate
Russian Federation,RUS,Rule of Law - Governance estimate (approx. -2.5 to +2.5),GOV_WGI_RL.EST,-0.8670735,2016,Rule of Law,estimate
Russian Federation,RUS,Rule of Law - Governance estimate (approx. -2.5 to +2.5),GOV_WGI_RL.EST,-0.8670735,2016,Rule of Law,estimate
Russian Federation,RUS,Rule of Law - Governance estimate (approx. -2.5 to +2.5),GOV_WGI_RL.EST,-0.8371632,2017,Rule of Law,estimate
Russian Federation,RUS,Rule of Law - Governance estimate (approx. -2.5 to +2.5),GOV_WGI_RL.EST,-0.8371632,2017,Rule of Law,estimate
Russian Federation,RUS,Rule of Law - Governance estimate (approx. -2.5 to +2.5),GOV_WGI_RL.EST,-0.8324588,2018,Rule of Law,estimate
Russian Federation,RUS,Rule of Law - Governance estimate (approx. -2.5 to +2.5),GOV_WGI_RL.EST,-0.8324588,2018,Rule of Law,estimate
Russian Federation,RUS,Rule of Law - Governance estimate (approx. -2.5 to +2.5),GOV_WGI_RL.EST,-0.8668179,2019,Rule of Law,estimate
Russian Federation,RUS,Rule of Law - Governance estimate (approx. -2.5 to +2.5),GOV_WGI_RL.EST,-0.8668179,2019,Rule of Law,estimate
Russian Federation,RUS,Rule of Law - Governance estimate (approx. -2.5 to +2.5),GOV_WGI_RL.EST,-0.8254091,2020,Rule of Law,estimate
Russian Federation,RUS,Rule of Law - Governance estimate (approx. -2.5 to +2.5),GOV_WGI_RL.EST,-0.8254091,2020,Rule of Law,estimate
Russian Federation,RUS,Rule of Law - Governance estimate (approx. -2.5 to +2.5),GOV_WGI_RL.EST,-0.9027732,2021,Rule of Law,estimate
Russian Federation,RUS,Rule of Law - Governance estimate (approx. -2.5 to +2.5),GOV_WGI_RL.EST,-0.9027732,2021,Rule of Law,estimate
Russian Federation,RUS,Rule of Law - Governance estimate (approx. -2.5 to +2.5),GOV_WGI_RL.EST,-1.0548583,2022,Rule of Law,estimate
Russian Federation,RUS,Rule of Law - Governance estimate (approx. -2.5 to +2.5),GOV_WGI_RL.EST,-1.0548583,2022,Rule of Law,estimate
Russian Federation,RUS,Rule of Law - Governance estimate (approx. -2.5 to +2.5),GOV_WGI_RL.EST,-1.0734047,2023,Rule of Law,estimate
Russian Federation,RUS,Rule of Law - Governance estimate (approx. -2.5 to +2.5),GOV_WGI_RL.EST,-1.0734047,2023,Rule of Law,estimate
Russian Federation,RUS,Rule of Law - Governance estimate (approx. -2.5 to +2.5),GOV_WGI_RL.EST,-1.1565186,2024,Rule of Law,estimate
Russian Federation,RUS,Rule of Law - Governance estimate (approx. -2.5 to +2.5),GOV_WGI_RL.EST,-1.1565186,2024,Rule of Law,estimate
Russian Federation,RUS,Rule of Law - Governance score (0-100),GOV_WGI_RL.SC,41.3230363,2015,Rule of Law,score_0_100
Russian Federation,RUS,Rule of Law - Governance score (0-100),GOV_WGI_RL.SC,41.3230363,2015,Rule of Law,score_0_100
Russian Federation,RUS,Rule of Law - Governance score (0-100),GOV_WGI_RL.SC,42.0417656,2016,Rule of Law,score_0_100
Russian Federation,RUS,Rule of Law - Governance score (0-100),GOV_WGI_RL.SC,42.0417656,2016,Rule of Law,score_0_100
Russian Federation,RUS,Rule of Law - Governance score (0-100),GOV_WGI_RL.SC,42.5565429,2017,Rule of Law,score_0_100
Russian Federation,RUS,Rule of Law - Governance score (0-100),GOV_WGI_RL.SC,42.5565429,2017,Rule of Law,score_0_100
Russian Federation,RUS,Rule of Law - Governance score (0-100),GOV_WGI_RL.SC,42.637509,2018,Rule of Law,score_0_100
Russian Federation,RUS,Rule of Law - Governance score (0-100),GOV_WGI_RL.SC,42.637509,2018,Rule of Law,score_0_100
Russian Federation,RUS,Rule of Law - Governance score (0-100),GOV_WGI_RL.SC,42.0461647,2019,Rule of Law,score_0_100
Russian Federation,RUS,Rule of Law - Governance score (0-100),GOV_WGI_RL.SC,42.0461647,2019,Rule of Law,score_0_100
Russian Federation,RUS,Rule of Law - Governance score (0-100),GOV_WGI_RL.SC,42.7588393,2020,Rule of Law,score_0_100
Russian Federation,RUS,Rule of Law - Governance score (0-100),GOV_WGI_RL.SC,42.7588393,2020,Rule of Law,score_0_100
Russian Federation,RUS,Rule of Law - Governance score (0-100),GOV_WGI_RL.SC,41.4273487,2021,Rule of Law,score_0_100
Russian Federation,RUS,Rule of Law - Governance score (0-100),GOV_WGI_RL.SC,41.4273487,2021,Rule of Law,score_0_100
Russian Federation,RUS,Rule of Law - Governance score (0-100),GOV_WGI_RL.SC,38.8098571,2022,Rule of Law,score_0_100
Russian Federation,RUS,Rule of Law - Governance score (0-100),GOV_WGI_RL.SC,38.8098571,2022,Rule of Law,score_0_100
Russian Federation,RUS,Rule of Law - Governance score (0-100),GOV_WGI_RL.SC,38.4906606,2023,Rule of Law,score_0_100
Russian Federation,RUS,Rule of Law - Governance score (0-100),GOV_WGI_RL.SC,38.4906606,2023,Rule of Law,score_0_100
Russian Federation,RUS,Rule of Law - Governance score (0-100),GOV_WGI_RL.SC,37.0602119,2024,Rule of Law,score_0_100
Russian Federation,RUS,Rule of Law - Governance score (0-100),GOV_WGI_RL.SC,37.0602119,2024,Rule of Law,score_0_100
Saudi Arabia,SAU,Control of Corruption - Governance estimate (approx. -2.5 to +2.5),GOV_WGI_CC.EST,-0.1409921,2015,Control of Corruption,estimate
Saudi Arabia,SAU,Control of Corruption - Governance estimate (approx. -2.5 to +2.5),GOV_WGI_CC.EST,-0.1409921,2015,Control of Corruption,estimate
Saudi Arabia,SAU,Control of Corruption - Governance estimate (approx. -2.5 to +2.5),GOV_WGI_CC.EST,-0.14099,2015,Control of Corruption,estimate
Saudi Arabia,SAU,Control of Corruption - Governance estimate (approx. -2.5 to +2.5),GOV_WGI_CC.EST,0.1203849,2016,Control of Corruption,estimate
Saudi Arabia,SAU,Control of Corruption - Governance estimate (approx. -2.5 to +2.5),GOV_WGI_CC.EST,0.1203849,2016,Control of Corruption,estimate
Saudi Arabia,SAU,Control of Corruption - Governance estimate (approx. -2.5 to +2.5),GOV_WGI_CC.EST,0.120385,2016,Control of Corruption,estimate
Saudi Arabia,SAU,Control of Corruption - Governance estimate (approx. -2.5 to +2.5),GOV_WGI_CC.EST,0.1100011,2017,Control of Corruption,estimate
Saudi Arabia,SAU,Control of Corruption - Governance estimate (approx. -2.5 to +2.5),GOV_WGI_CC.EST,0.1100011,2017,Control of Corruption,estimate
Saudi Arabia,SAU,Control of Corruption - Governance estimate (approx. -2.5 to +2.5),GOV_WGI_CC.EST,0.110001,2017,Control of Corruption,estimate
Saudi Arabia,SAU,Control of Corruption - Governance estimate (approx. -2.5 to +2.5),GOV_WGI_CC.EST,0.1556309,2018,Control of Corruption,estimate
Saudi Arabia,SAU,Control of Corruption - Governance estimate (approx. -2.5 to +2.5),GOV_WGI_CC.EST,0.1556309,2018,Control of Corruption,estimate
Saudi Arabia,SAU,Control of Corruption - Governance estimate (approx. -2.5 to +2.5),GOV_WGI_CC.EST,0.155631,2018,Control of Corruption,estimate
Saudi Arabia,SAU,Control of Corruption - Governance estimate (approx. -2.5 to +2.5),GOV_WGI_CC.EST,0.2130276,2019,Control of Corruption,estimate
Saudi Arabia,SAU,Control of Corruption - Governance estimate (approx. -2.5 to +2.5),GOV_WGI_CC.EST,0.2130276,2019,Control of Corruption,estimate
Saudi Arabia,SAU,Control of Corruption - Governance estimate (approx. -2.5 to +2.5),GOV_WGI_CC.EST,0.213028,2019,Control of Corruption,estimate
Saudi Arabia,SAU,Control of Corruption - Governance estimate (approx. -2.5 to +2.5),GOV_WGI_CC.EST,0.32153,2020,Control of Corruption,estimate
Saudi Arabia,SAU,Control of Corruption - Governance estimate (approx. -2.5 to +2.5),GOV_WGI_CC.EST,0.32153,2020,Control of Corruption,estimate
Saudi Arabia,SAU,Control of Corruption - Governance estimate (approx. -2.5 to +2.5),GOV_WGI_CC.EST,0.32153,2020,Control of Corruption,estimate
Saudi Arabia,SAU,Control of Corruption - Governance estimate (approx. -2.5 to +2.5),GOV_WGI_CC.EST,0.2365231,2021,Control of Corruption,estimate
Saudi Arabia,SAU,Control of Corruption - Governance estimate (approx. -2.5 to +2.5),GOV_WGI_CC.EST,0.2365231,2021,Control of Corruption,estimate
Saudi Arabia,SAU,Control of Corruption - Governance estimate (approx. -2.5 to +2.5),GOV_WGI_CC.EST,0.236523,2021,Control of Corruption,estimate
Saudi Arabia,SAU,Control of Corruption - Governance estimate (approx. -2.5 to +2.5),GOV_WGI_CC.EST,0.2767396,2022,Control of Corruption,estimate
Saudi Arabia,SAU,Control of Corruption - Governance estimate (approx. -2.5 to +2.5),GOV_WGI_CC.EST,0.2767396,2022,Control of Corruption,estimate
Saudi Arabia,SAU,Control of Corruption - Governance estimate (approx. -2.5 to +2.5),GOV_WGI_CC.EST,0.27674,2022,Control of Corruption,estimate
Saudi Arabia,SAU,Control of Corruption - Governance estimate (approx. -2.5 to +2.5),GOV_WGI_CC.EST,0.476953,2023,Control of Corruption,estimate
Saudi Arabia,SAU,Control of Corruption - Governance estimate (approx. -2.5 to +2.5),GOV_WGI_CC.EST,0.476953,2023,Control of Corruption,estimate
Saudi Arabia,SAU,Control of Corruption - Governance estimate (approx. -2.5 to +2.5),GOV_WGI_CC.EST,0.476953,2023,Control of Corruption,estimate
Saudi Arabia,SAU,Control of Corruption - Governance estimate (approx. -2.5 to +2.5),GOV_WGI_CC.EST,0.7528275,2024,Control of Corruption,estimate
Saudi Arabia,SAU,Control of Corruption - Governance estimate (approx. -2.5 to +2.5),GOV_WGI_CC.EST,0.7528275,2024,Control of Corruption,estimate
Saudi Arabia,SAU,Control of Corruption - Governance estimate (approx. -2.5 to +2.5),GOV_WGI_CC.EST,0.752828,2024,Control of Corruption,estimate
Saudi Arabia,SAU,Control of Corruption - Governance score (0-100),GOV_WGI_CC.SC,45.000931,2015,Control of Corruption,score_0_100
Saudi Arabia,SAU,Control of Corruption - Governance score (0-100),GOV_WGI_CC.SC,45.000931,2015,Control of Corruption,score_0_100
Saudi Arabia,SAU,Control of Corruption - Governance score (0-100),GOV_WGI_CC.SC,45.00093,2015,Control of Corruption,score_0_100
Saudi Arabia,SAU,Control of Corruption - Governance score (0-100),GOV_WGI_CC.SC,50.2916026,2016,Control of Corruption,score_0_100
Saudi Arabia,SAU,Control of Corruption - Governance score (0-100),GOV_WGI_CC.SC,50.2916026,2016,Control of Corruption,score_0_100
Saudi Arabia,SAU,Control of Corruption - Governance score (0-100),GOV_WGI_CC.SC,50.2916,2016,Control of Corruption,score_0_100
Saudi Arabia,SAU,Control of Corruption - Governance score (0-100),GOV_WGI_CC.SC,50.0814185,2017,Control of Corruption,score_0_100
Saudi Arabia,SAU,Control of Corruption - Governance score (0-100),GOV_WGI_CC.SC,50.0814185,2017,Control of Corruption,score_0_100
Saudi Arabia,SAU,Control of Corruption - Governance score (0-100),GOV_WGI_CC.SC,50.08142,2017,Control of Corruption,score_0_100
Saudi Arabia,SAU,Control of Corruption - Governance score (0-100),GOV_WGI_CC.SC,51.0050357,2018,Control of Corruption,score_0_100
Saudi Arabia,SAU,Control of Corruption - Governance score (0-100),GOV_WGI_CC.SC,51.0050357,2018,Control of Corruption,score_0_100
Saudi Arabia,SAU,Control of Corruption - Governance score (0-100),GOV_WGI_CC.SC,51.00504,2018,Control of Corruption,score_0_100
Saudi Arabia,SAU,Control of Corruption - Governance score (0-100),GOV_WGI_CC.SC,52.166833,2019,Control of Corruption,score_0_100
Saudi Arabia,SAU,Control of Corruption - Governance score (0-100),GOV_WGI_CC.SC,52.166833,2019,Control of Corruption,score_0_100
Saudi Arabia,SAU,Control of Corruption - Governance score (0-100),GOV_WGI_CC.SC,52.16683,2019,Control of Corruption,score_0_100
Saudi Arabia,SAU,Control of Corruption - Governance score (0-100),GOV_WGI_CC.SC,54.3630881,2020,Control of Corruption,score_0_100
Saudi Arabia,SAU,Control of Corruption - Governance score (0-100),GOV_WGI_CC.SC,54.3630881,2020,Control of Corruption,score_0_100
Saudi Arabia,SAU,Control of Corruption - Governance score (0-100),GOV_WGI_CC.SC,54.36309,2020,Control of Corruption,score_0_100
Saudi Arabia,SAU,Control of Corruption - Governance score (0-100),GOV_WGI_CC.SC,52.642418,2021,Control of Corruption,score_0_100
Saudi Arabia,SAU,Control of Corruption - Governance score (0-100),GOV_WGI_CC.SC,52.642418,2021,Control of Corruption,score_0_100
Saudi Arabia,SAU,Control of Corruption - Governance score (0-100),GOV_WGI_CC.SC,52.64242,2021,Control of Corruption,score_0_100
Saudi Arabia,SAU,Control of Corruption - Governance score (0-100),GOV_WGI_CC.SC,53.4564616,2022,Control of Corruption,score_0_100
Saudi Arabia,SAU,Control of Corruption - Governance score (0-100),GOV_WGI_CC.SC,53.4564616,2022,Control of Corruption,score_0_100
Saudi Arabia,SAU,Control of Corruption - Governance score (0-100),GOV_WGI_CC.SC,53.45646,2022,Control of Corruption,score_0_100
Saudi Arabia,SAU,Control of Corruption - Governance score (0-100),GOV_WGI_CC.SC,57.5090881,2023,Control of Corruption,score_0_100
Saudi Arabia,SAU,Control of Corruption - Governance score (0-100),GOV_WGI_CC.SC,57.5090881,2023,Control of Corruption,score_0_100
Saudi Arabia,SAU,Control of Corruption - Governance score (0-100),GOV_WGI_CC.SC,57.50909,2023,Control of Corruption,score_0_100
Saudi Arabia,SAU,Control of Corruption - Governance score (0-100),GOV_WGI_CC.SC,63.0932113,2024,Control of Corruption,score_0_100
Saudi Arabia,SAU,Control of Corruption - Governance score (0-100),GOV_WGI_CC.SC,63.0932113,2024,Control of Corruption,score_0_100
Saudi Arabia,SAU,Control of Corruption - Governance score (0-100),GOV_WGI_CC.SC,63.09321,2024,Control of Corruption,score_0_100
Saudi Arabia,SAU,Government Effectiveness - Governance estimate (approx. -2.5 to +2.5),GOV_WGI_GE.EST,0.0852229,2015,Government Effectiveness,estimate
Saudi Arabia,SAU,Government Effectiveness - Governance estimate (approx. -2.5 to +2.5),GOV_WGI_GE.EST,0.0852229,2015,Government Effectiveness,estimate
Saudi Arabia,SAU,Government Effectiveness - Governance estimate (approx. -2.5 to +2.5),GOV_WGI_GE.EST,0.085223,2015,Government Effectiveness,estimate
Saudi Arabia,SAU,Government Effectiveness - Governance estimate (approx. -2.5 to +2.5),GOV_WGI_GE.EST,0.2818788,2016,Government Effectiveness,estimate
Saudi Arabia,SAU,Government Effectiveness - Governance estimate (approx. -2.5 to +2.5),GOV_WGI_GE.EST,0.2818788,2016,Government Effectiveness,estimate
Saudi Arabia,SAU,Government Effectiveness - Governance estimate (approx. -2.5 to +2.5),GOV_WGI_GE.EST,0.281879,2016,Government Effectiveness,estimate
Saudi Arabia,SAU,Government Effectiveness - Governance estimate (approx. -2.5 to +2.5),GOV_WGI_GE.EST,0.1769432,2017,Government Effectiveness,estimate
Saudi Arabia,SAU,Government Effectiveness - Governance estimate (approx. -2.5 to +2.5),GOV_WGI_GE.EST,0.1769432,2017,Government Effectiveness,estimate
Saudi Arabia,SAU,Government Effectiveness - Governance estimate (approx. -2.5 to +2.5),GOV_WGI_GE.EST,0.176943,2017,Government Effectiveness,estimate
Saudi Arabia,SAU,Government Effectiveness - Governance estimate (approx. -2.5 to +2.5),GOV_WGI_GE.EST,0.2655112,2018,Government Effectiveness,estimate
Saudi Arabia,SAU,Government Effectiveness - Governance estimate (approx. -2.5 to +2.5),GOV_WGI_GE.EST,0.2655112,2018,Government Effectiveness,estimate
Saudi Arabia,SAU,Government Effectiveness - Governance estimate (approx. -2.5 to +2.5),GOV_WGI_GE.EST,0.265511,2018,Government Effectiveness,estimate
Saudi Arabia,SAU,Government Effectiveness - Governance estimate (approx. -2.5 to +2.5),GOV_WGI_GE.EST,0.261925,2019,Government Effectiveness,estimate
Saudi Arabia,SAU,Government Effectiveness - Governance estimate (approx. -2.5 to +2.5),GOV_WGI_GE.EST,0.261925,2019,Government Effectiveness,estimate
Saudi Arabia,SAU,Government Effectiveness - Governance estimate (approx. -2.5 to +2.5),GOV_WGI_GE.EST,0.261925,2019,Government Effectiveness,estimate
Saudi Arabia,SAU,Government Effectiveness - Governance estimate (approx. -2.5 to +2.5),GOV_WGI_GE.EST,0.1079226,2020,Government Effectiveness,estimate
Saudi Arabia,SAU,Government Effectiveness - Governance estimate (approx. -2.5 to +2.5),GOV_WGI_GE.EST,0.1079226,2020,Government Effectiveness,estimate
Saudi Arabia,SAU,Government Effectiveness - Governance estimate (approx. -2.5 to +2.5),GOV_WGI_GE.EST,0.107923,2020,Government Effectiveness,estimate
Saudi Arabia,SAU,Government Effectiveness - Governance estimate (approx. -2.5 to +2.5),GOV_WGI_GE.EST,0.3884752,2021,Government Effectiveness,estimate
Saudi Arabia,SAU,Government Effectiveness - Governance estimate (approx. -2.5 to +2.5),GOV_WGI_GE.EST,0.3884752,2021,Government Effectiveness,estimate
Saudi Arabia,SAU,Government Effectiveness - Governance estimate (approx. -2.5 to +2.5),GOV_WGI_GE.EST,0.388475,2021,Government Effectiveness,estimate
Saudi Arabia,SAU,Government Effectiveness - Governance estimate (approx. -2.5 to +2.5),GOV_WGI_GE.EST,0.5143289,2022,Government Effectiveness,estimate
Saudi Arabia,SAU,Government Effectiveness - Governance estimate (approx. -2.5 to +2.5),GOV_WGI_GE.EST,0.5143289,2022,Government Effectiveness,estimate
Saudi Arabia,SAU,Government Effectiveness - Governance estimate (approx. -2.5 to +2.5),GOV_WGI_GE.EST,0.514329,2022,Government Effectiveness,estimate
Saudi Arabia,SAU,Government Effectiveness - Governance estimate (approx. -2.5 to +2.5),GOV_WGI_GE.EST,0.725856,2023,Government Effectiveness,estimate
Saudi Arabia,SAU,Government Effectiveness - Governance estimate (approx. -2.5 to +2.5),GOV_WGI_GE.EST,0.725856,2023,Government Effectiveness,estimate
Saudi Arabia,SAU,Government Effectiveness - Governance estimate (approx. -2.5 to +2.5),GOV_WGI_GE.EST,0.725856,2023,Government Effectiveness,estimate
Saudi Arabia,SAU,Government Effectiveness - Governance estimate (approx. -2.5 to +2.5),GOV_WGI_GE.EST,0.7833016,2024,Government Effectiveness,estimate
Saudi Arabia,SAU,Government Effectiveness - Governance estimate (approx. -2.5 to +2.5),GOV_WGI_GE.EST,0.7833016,2024,Government Effectiveness,estimate
Saudi Arabia,SAU,Government Effectiveness - Governance estimate (approx. -2.5 to +2.5),GOV_WGI_GE.EST,0.783302,2024,Government Effectiveness,estimate
Saudi Arabia,SAU,Government Effectiveness - Governance score (0-100),GOV_WGI_GE.SC,52.9975543,2015,Government Effectiveness,score_0_100
Saudi Arabia,SAU,Government Effectiveness - Governance score (0-100),GOV_WGI_GE.SC,52.9975543,2015,Government Effectiveness,score_0_100
Saudi Arabia,SAU,Government Effectiveness - Governance score (0-100),GOV_WGI_GE.SC,52.99755,2015,Government Effectiveness,score_0_100
Saudi Arabia,SAU,Government Effectiveness - Governance score (0-100),GOV_WGI_GE.SC,56.8213355,2016,Government Effectiveness,score_0_100
Saudi Arabia,SAU,Government Effectiveness - Governance score (0-100),GOV_WGI_GE.SC,56.8213355,2016,Government Effectiveness,score_0_100
Saudi Arabia,SAU,Government Effectiveness - Governance score (0-100),GOV_WGI_GE.SC,56.82134,2016,Government Effectiveness,score_0_100
Saudi Arabia,SAU,Government Effectiveness - Governance score (0-100),GOV_WGI_GE.SC,54.7809656,2017,Government Effectiveness,score_0_100
Saudi Arabia,SAU,Government Effectiveness - Governance score (0-100),GOV_WGI_GE.SC,54.7809656,2017,Government Effectiveness,score_0_100
Saudi Arabia,SAU,Government Effectiveness - Governance score (0-100),GOV_WGI_GE.SC,54.78097,2017,Government Effectiveness,score_0_100
Saudi Arabia,SAU,Government Effectiveness - Governance score (0-100),GOV_WGI_GE.SC,56.5030836,2018,Government Effectiveness,score_0_100
Saudi Arabia,SAU,Government Effectiveness - Governance score (0-100),GOV_WGI_GE.SC,56.5030836,2018,Government Effectiveness,score_0_100
Saudi Arabia,SAU,Government Effectiveness - Governance score (0-100),GOV_WGI_GE.SC,56.50308,2018,Government Effectiveness,score_0_100
Saudi Arabia,SAU,Government Effectiveness - Governance score (0-100),GOV_WGI_GE.SC,56.4333535,2019,Government Effectiveness,score_0_100
Saudi Arabia,SAU,Government Effectiveness - Governance score (0-100),GOV_WGI_GE.SC,56.4333535,2019,Government Effectiveness,score_0_100
Saudi Arabia,SAU,Government Effectiveness - Governance score (0-100),GOV_WGI_GE.SC,56.43335,2019,Government Effectiveness,score_0_100
Saudi Arabia,SAU,Government Effectiveness - Governance score (0-100),GOV_WGI_GE.SC,53.4389277,2020,Government Effectiveness,score_0_100
Saudi Arabia,SAU,Government Effectiveness - Governance score (0-100),GOV_WGI_GE.SC,53.4389277,2020,Government Effectiveness,score_0_100
Saudi Arabia,SAU,Government Effectiveness - Governance score (0-100),GOV_WGI_GE.SC,53.43893,2020,Government Effectiveness,score_0_100
Saudi Arabia,SAU,Government Effectiveness - Governance score (0-100),GOV_WGI_GE.SC,58.8939981,2021,Government Effectiveness,score_0_100
Saudi Arabia,SAU,Government Effectiveness - Governance score (0-100),GOV_WGI_GE.SC,58.8939981,2021,Government Effectiveness,score_0_100
Saudi Arabia,SAU,Government Effectiveness - Governance score (0-100),GOV_WGI_GE.SC,58.894,2021,Government Effectiveness,score_0_100
Saudi Arabia,SAU,Government Effectiveness - Governance score (0-100),GOV_WGI_GE.SC,61.3410999,2022,Government Effectiveness,score_0_100
Saudi Arabia,SAU,Government Effectiveness - Governance score (0-100),GOV_WGI_GE.SC,61.3410999,2022,Government Effectiveness,score_0_100
Saudi Arabia,SAU,Government Effectiveness - Governance score (0-100),GOV_WGI_GE.SC,61.3411,2022,Government Effectiveness,score_0_100
Saudi Arabia,SAU,Government Effectiveness - Governance score (0-100),GOV_WGI_GE.SC,65.4540371,2023,Government Effectiveness,score_0_100
Saudi Arabia,SAU,Government Effectiveness - Governance score (0-100),GOV_WGI_GE.SC,65.4540371,2023,Government Effectiveness,score_0_100
Saudi Arabia,SAU,Government Effectiveness - Governance score (0-100),GOV_WGI_GE.SC,65.45404,2023,Government Effectiveness,score_0_100
Saudi Arabia,SAU,Government Effectiveness - Governance score (0-100),GOV_WGI_GE.SC,66.5710105,2024,Government Effectiveness,score_0_100
Saudi Arabia,SAU,Government Effectiveness - Governance score (0-100),GOV_WGI_GE.SC,66.5710105,2024,Government Effectiveness,score_0_100
Saudi Arabia,SAU,Government Effectiveness - Governance score (0-100),GOV_WGI_GE.SC,66.57101,2024,Government Effectiveness,score_0_100
Saudi Arabia,SAU,Political Stability - Governance estimate (approx. -2.5 to +2.5),GOV_WGI_PV.EST,-0.4683535,2015,Political Stability,estimate
Saudi Arabia,SAU,Political Stability - Governance estimate (approx. -2.5 to +2.5),GOV_WGI_PV.EST,-0.4683535,2015,Political Stability,estimate
Saudi Arabia,SAU,Political Stability - Governance estimate (approx. -2.5 to +2.5),GOV_WGI_PV.EST,-0.46835,2015,Political Stability,estimate
Saudi Arabia,SAU,Political Stability - Governance estimate (approx. -2.5 to +2.5),GOV_WGI_PV.EST,-0.5059085,2016,Political Stability,estimate
Saudi Arabia,SAU,Political Stability - Governance estimate (approx. -2.5 to +2.5),GOV_WGI_PV.EST,-0.5059085,2016,Political Stability,estimate
Saudi Arabia,SAU,Political Stability - Governance estimate (approx. -2.5 to +2.5),GOV_WGI_PV.EST,-0.50591,2016,Political Stability,estimate
Saudi Arabia,SAU,Political Stability - Governance estimate (approx. -2.5 to +2.5),GOV_WGI_PV.EST,-0.6675064,2017,Political Stability,estimate
Saudi Arabia,SAU,Political Stability - Governance estimate (approx. -2.5 to +2.5),GOV_WGI_PV.EST,-0.6675064,2017,Political Stability,estimate
Saudi Arabia,SAU,Political Stability - Governance estimate (approx. -2.5 to +2.5),GOV_WGI_PV.EST,-0.66751,2017,Political Stability,estimate
Saudi Arabia,SAU,Political Stability - Governance estimate (approx. -2.5 to +2.5),GOV_WGI_PV.EST,-0.5983975,2018,Political Stability,estimate
Saudi Arabia,SAU,Political Stability - Governance estimate (approx. -2.5 to +2.5),GOV_WGI_PV.EST,-0.5983975,2018,Political Stability,estimate
Saudi Arabia,SAU,Political Stability - Governance estimate (approx. -2.5 to +2.5),GOV_WGI_PV.EST,-0.5984,2018,Political Stability,estimate
Saudi Arabia,SAU,Political Stability - Governance estimate (approx. -2.5 to +2.5),GOV_WGI_PV.EST,-0.5528727,2019,Political Stability,estimate
Saudi Arabia,SAU,Political Stability - Governance estimate (approx. -2.5 to +2.5),GOV_WGI_PV.EST,-0.5528727,2019,Political Stability,estimate
Saudi Arabia,SAU,Political Stability - Governance estimate (approx. -2.5 to +2.5),GOV_WGI_PV.EST,-0.55287,2019,Political Stability,estimate
Saudi Arabia,SAU,Political Stability - Governance estimate (approx. -2.5 to +2.5),GOV_WGI_PV.EST,-0.5528267,2020,Political Stability,estimate
Saudi Arabia,SAU,Political Stability - Governance estimate (approx. -2.5 to +2.5),GOV_WGI_PV.EST,-0.5528267,2020,Political Stability,estimate
Saudi Arabia,SAU,Political Stability - Governance estimate (approx. -2.5 to +2.5),GOV_WGI_PV.EST,-0.55283,2020,Political Stability,estimate
Saudi Arabia,SAU,Political Stability - Governance estimate (approx. -2.5 to +2.5),GOV_WGI_PV.EST,-0.4672131,2021,Political Stability,estimate
Saudi Arabia,SAU,Political Stability - Governance estimate (approx. -2.5 to +2.5),GOV_WGI_PV.EST,-0.4672131,2021,Political Stability,estimate
Saudi Arabia,SAU,Political Stability - Governance estimate (approx. -2.5 to +2.5),GOV_WGI_PV.EST,-0.46721,2021,Political Stability,estimate
Saudi Arabia,SAU,Political Stability - Governance estimate (approx. -2.5 to +2.5),GOV_WGI_PV.EST,-0.3617761,2022,Political Stability,estimate
Saudi Arabia,SAU,Political Stability - Governance estimate (approx. -2.5 to +2.5),GOV_WGI_PV.EST,-0.3617761,2022,Political Stability,estimate
Saudi Arabia,SAU,Political Stability - Governance estimate (approx. -2.5 to +2.5),GOV_WGI_PV.EST,-0.36178,2022,Political Stability,estimate
Saudi Arabia,SAU,Political Stability - Governance estimate (approx. -2.5 to +2.5),GOV_WGI_PV.EST,-0.2452065,2023,Political Stability,estimate
Saudi Arabia,SAU,Political Stability - Governance estimate (approx. -2.5 to +2.5),GOV_WGI_PV.EST,-0.2452065,2023,Political Stability,estimate
Saudi Arabia,SAU,Political Stability - Governance estimate (approx. -2.5 to +2.5),GOV_WGI_PV.EST,-0.24521,2023,Political Stability,estimate
Saudi Arabia,SAU,Political Stability - Governance estimate (approx. -2.5 to +2.5),GOV_WGI_PV.EST,-0.048171,2024,Political Stability,estimate
Saudi Arabia,SAU,Political Stability - Governance estimate (approx. -2.5 to +2.5),GOV_WGI_PV.EST,-0.048171,2024,Political Stability,estimate
Saudi Arabia,SAU,Political Stability - Governance estimate (approx. -2.5 to +2.5),GOV_WGI_PV.EST,-0.04817,2024,Political Stability,estimate
Saudi Arabia,SAU,Political Stability - Governance score (0-100),GOV_WGI_PV.SC,57.894166,2015,Political Stability,score_0_100
Saudi Arabia,SAU,Political Stability - Governance score (0-100),GOV_WGI_PV.SC,57.894166,2015,Political Stability,score_0_100
Saudi Arabia,SAU,Political Stability - Governance score (0-100),GOV_WGI_PV.SC,57.89417,2015,Political Stability,score_0_100
Saudi Arabia,SAU,Political Stability - Governance score (0-100),GOV_WGI_PV.SC,57.2526665,2016,Political Stability,score_0_100
Saudi Arabia,SAU,Political Stability - Governance score (0-100),GOV_WGI_PV.SC,57.2526665,2016,Political Stability,score_0_100
Saudi Arabia,SAU,Political Stability - Governance score (0-100),GOV_WGI_PV.SC,57.25267,2016,Political Stability,score_0_100
Saudi Arabia,SAU,Political Stability - Governance score (0-100),GOV_WGI_PV.SC,54.4923157,2017,Political Stability,score_0_100
Saudi Arabia,SAU,Political Stability - Governance score (0-100),GOV_WGI_PV.SC,54.4923157,2017,Political Stability,score_0_100
Saudi Arabia,SAU,Political Stability - Governance score (0-100),GOV_WGI_PV.SC,54.49232,2017,Political Stability,score_0_100
Saudi Arabia,SAU,Political Stability - Governance score (0-100),GOV_WGI_PV.SC,55.6728063,2018,Political Stability,score_0_100
Saudi Arabia,SAU,Political Stability - Governance score (0-100),GOV_WGI_PV.SC,55.6728063,2018,Political Stability,score_0_100
Saudi Arabia,SAU,Political Stability - Governance score (0-100),GOV_WGI_PV.SC,55.67281,2018,Political Stability,score_0_100
Saudi Arabia,SAU,Political Stability - Governance score (0-100),GOV_WGI_PV.SC,56.4504428,2019,Political Stability,score_0_100
Saudi Arabia,SAU,Political Stability - Governance score (0-100),GOV_WGI_PV.SC,56.4504428,2019,Political Stability,score_0_100
Saudi Arabia,SAU,Political Stability - Governance score (0-100),GOV_WGI_PV.SC,56.45044,2019,Political Stability,score_0_100
Saudi Arabia,SAU,Political Stability - Governance score (0-100),GOV_WGI_PV.SC,56.4512285,2020,Political Stability,score_0_100
Saudi Arabia,SAU,Political Stability - Governance score (0-100),GOV_WGI_PV.SC,56.4512285,2020,Political Stability,score_0_100
Saudi Arabia,SAU,Political Stability - Governance score (0-100),GOV_WGI_PV.SC,56.45123,2020,Political Stability,score_0_100
Saudi Arabia,SAU,Political Stability - Governance score (0-100),GOV_WGI_PV.SC,57.9136458,2021,Political Stability,score_0_100
Saudi Arabia,SAU,Political Stability - Governance score (0-100),GOV_WGI_PV.SC,57.9136458,2021,Political Stability,score_0_100
Saudi Arabia,SAU,Political Stability - Governance score (0-100),GOV_WGI_PV.SC,57.91365,2021,Political Stability,score_0_100
Saudi Arabia,SAU,Political Stability - Governance score (0-100),GOV_WGI_PV.SC,59.7146785,2022,Political Stability,score_0_100
Saudi Arabia,SAU,Political Stability - Governance score (0-100),GOV_WGI_PV.SC,59.7146785,2022,Political Stability,score_0_100
Saudi Arabia,SAU,Political Stability - Governance score (0-100),GOV_WGI_PV.SC,59.71468,2022,Political Stability,score_0_100
Saudi Arabia,SAU,Political Stability - Governance score (0-100),GOV_WGI_PV.SC,61.7058738,2023,Political Stability,score_0_100
Saudi Arabia,SAU,Political Stability - Governance score (0-100),GOV_WGI_PV.SC,61.7058738,2023,Political Stability,score_0_100
Saudi Arabia,SAU,Political Stability - Governance score (0-100),GOV_WGI_PV.SC,61.70587,2023,Political Stability,score_0_100
Saudi Arabia,SAU,Political Stability - Governance score (0-100),GOV_WGI_PV.SC,65.0715555,2024,Political Stability,score_0_100
Saudi Arabia,SAU,Political Stability - Governance score (0-100),GOV_WGI_PV.SC,65.0715555,2024,Political Stability,score_0_100
Saudi Arabia,SAU,Political Stability - Governance score (0-100),GOV_WGI_PV.SC,65.07156,2024,Political Stability,score_0_100
Saudi Arabia,SAU,Rule of Law - Governance estimate (approx. -2.5 to +2.5),GOV_WGI_RL.EST,-0.267793,2015,Rule of Law,estimate
Saudi Arabia,SAU,Rule of Law - Governance estimate (approx. -2.5 to +2.5),GOV_WGI_RL.EST,-0.267793,2015,Rule of Law,estimate
Saudi Arabia,SAU,Rule of Law - Governance estimate (approx. -2.5 to +2.5),GOV_WGI_RL.EST,-0.26779,2015,Rule of Law,estimate
Saudi Arabia,SAU,Rule of Law - Governance estimate (approx. -2.5 to +2.5),GOV_WGI_RL.EST,-0.1999816,2016,Rule of Law,estimate
Saudi Arabia,SAU,Rule of Law - Governance estimate (approx. -2.5 to +2.5),GOV_WGI_RL.EST,-0.1999816,2016,Rule of Law,estimate
Saudi Arabia,SAU,Rule of Law - Governance estimate (approx. -2.5 to +2.5),GOV_WGI_RL.EST,-0.19998,2016,Rule of Law,estimate
Saudi Arabia,SAU,Rule of Law - Governance estimate (approx. -2.5 to +2.5),GOV_WGI_RL.EST,-0.3327389,2017,Rule of Law,estimate
Saudi Arabia,SAU,Rule of Law - Governance estimate (approx. -2.5 to +2.5),GOV_WGI_RL.EST,-0.3327389,2017,Rule of Law,estimate
Saudi Arabia,SAU,Rule of Law - Governance estimate (approx. -2.5 to +2.5),GOV_WGI_RL.EST,-0.33274,2017,Rule of Law,estimate
Saudi Arabia,SAU,Rule of Law - Governance estimate (approx. -2.5 to +2.5),GOV_WGI_RL.EST,-0.2326451,2018,Rule of Law,estimate
Saudi Arabia,SAU,Rule of Law - Governance estimate (approx. -2.5 to +2.5),GOV_WGI_RL.EST,-0.2326451,2018,Rule of Law,estimate
Saudi Arabia,SAU,Rule of Law - Governance estimate (approx. -2.5 to +2.5),GOV_WGI_RL.EST,-0.23265,2018,Rule of Law,estimate
Saudi Arabia,SAU,Rule of Law - Governance estimate (approx. -2.5 to +2.5),GOV_WGI_RL.EST,-0.1695695,2019,Rule of Law,estimate
Saudi Arabia,SAU,Rule of Law - Governance estimate (approx. -2.5 to +2.5),GOV_WGI_RL.EST,-0.1695695,2019,Rule of Law,estimate
Saudi Arabia,SAU,Rule of Law - Governance estimate (approx. -2.5 to +2.5),GOV_WGI_RL.EST,-0.16957,2019,Rule of Law,estimate
Saudi Arabia,SAU,Rule of Law - Governance estimate (approx. -2.5 to +2.5),GOV_WGI_RL.EST,-0.1793363,2020,Rule of Law,estimate
Saudi Arabia,SAU,Rule of Law - Governance estimate (approx. -2.5 to +2.5),GOV_WGI_RL.EST,-0.1793363,2020,Rule of Law,estimate
Saudi Arabia,SAU,Rule of Law - Governance estimate (approx. -2.5 to +2.5),GOV_WGI_RL.EST,-0.17934,2020,Rule of Law,estimate
Saudi Arabia,SAU,Rule of Law - Governance estimate (approx. -2.5 to +2.5),GOV_WGI_RL.EST,-0.1658751,2021,Rule of Law,estimate
Saudi Arabia,SAU,Rule of Law - Governance estimate (approx. -2.5 to +2.5),GOV_WGI_RL.EST,-0.1658751,2021,Rule of Law,estimate
Saudi Arabia,SAU,Rule of Law - Governance estimate (approx. -2.5 to +2.5),GOV_WGI_RL.EST,-0.16588,2021,Rule of Law,estimate
Saudi Arabia,SAU,Rule of Law - Governance estimate (approx. -2.5 to +2.5),GOV_WGI_RL.EST,0.0393234,2022,Rule of Law,estimate
Saudi Arabia,SAU,Rule of Law - Governance estimate (approx. -2.5 to +2.5),GOV_WGI_RL.EST,0.0393234,2022,Rule of Law,estimate
Saudi Arabia,SAU,Rule of Law - Governance estimate (approx. -2.5 to +2.5),GOV_WGI_RL.EST,0.039323,2022,Rule of Law,estimate
Saudi Arabia,SAU,Rule of Law - Governance estimate (approx. -2.5 to +2.5),GOV_WGI_RL.EST,0.1165635,2023,Rule of Law,estimate
Saudi Arabia,SAU,Rule of Law - Governance estimate (approx. -2.5 to +2.5),GOV_WGI_RL.EST,0.1165635,2023,Rule of Law,estimate
Saudi Arabia,SAU,Rule of Law - Governance estimate (approx. -2.5 to +2.5),GOV_WGI_RL.EST,0.116564,2023,Rule of Law,estimate
Saudi Arabia,SAU,Rule of Law - Governance estimate (approx. -2.5 to +2.5),GOV_WGI_RL.EST,0.2103549,2024,Rule of Law,estimate
Saudi Arabia,SAU,Rule of Law - Governance estimate (approx. -2.5 to +2.5),GOV_WGI_RL.EST,0.2103549,2024,Rule of Law,estimate
Saudi Arabia,SAU,Rule of Law - Governance estimate (approx. -2.5 to +2.5),GOV_WGI_RL.EST,0.210355,2024,Rule of Law,estimate
Saudi Arabia,SAU,Rule of Law - Governance score (0-100),GOV_WGI_RL.SC,52.3558045,2015,Rule of Law,score_0_100
Saudi Arabia,SAU,Rule of Law - Governance score (0-100),GOV_WGI_RL.SC,52.3558045,2015,Rule of Law,score_0_100
Saudi Arabia,SAU,Rule of Law - Governance score (0-100),GOV_WGI_RL.SC,52.3558,2015,Rule of Law,score_0_100
Saudi Arabia,SAU,Rule of Law - Governance score (0-100),GOV_WGI_RL.SC,53.5228864,2016,Rule of Law,score_0_100
Saudi Arabia,SAU,Rule of Law - Governance score (0-100),GOV_WGI_RL.SC,53.5228864,2016,Rule of Law,score_0_100
Saudi Arabia,SAU,Rule of Law - Governance score (0-100),GOV_WGI_RL.SC,53.52289,2016,Rule of Law,score_0_100
Saudi Arabia,SAU,Rule of Law - Governance score (0-100),GOV_WGI_RL.SC,51.2380399,2017,Rule of Law,score_0_100
Saudi Arabia,SAU,Rule of Law - Governance score (0-100),GOV_WGI_RL.SC,51.2380399,2017,Rule of Law,score_0_100
Saudi Arabia,SAU,Rule of Law - Governance score (0-100),GOV_WGI_RL.SC,51.23804,2017,Rule of Law,score_0_100
Saudi Arabia,SAU,Rule of Law - Governance score (0-100),GOV_WGI_RL.SC,52.9607246,2018,Rule of Law,score_0_100
Saudi Arabia,SAU,Rule of Law - Governance score (0-100),GOV_WGI_RL.SC,52.9607246,2018,Rule of Law,score_0_100
Saudi Arabia,SAU,Rule of Law - Governance score (0-100),GOV_WGI_RL.SC,52.96072,2018,Rule of Law,score_0_100
Saudi Arabia,SAU,Rule of Law - Governance score (0-100),GOV_WGI_RL.SC,54.0463,2019,Rule of Law,score_0_100
Saudi Arabia,SAU,Rule of Law - Governance score (0-100),GOV_WGI_RL.SC,54.0463,2019,Rule of Law,score_0_100
Saudi Arabia,SAU,Rule of Law - Governance score (0-100),GOV_WGI_RL.SC,54.0463,2019,Rule of Law,score_0_100
Saudi Arabia,SAU,Rule of Law - Governance score (0-100),GOV_WGI_RL.SC,53.8782065,2020,Rule of Law,score_0_100
Saudi Arabia,SAU,Rule of Law - Governance score (0-100),GOV_WGI_RL.SC,53.8782065,2020,Rule of Law,score_0_100
Saudi Arabia,SAU,Rule of Law - Governance score (0-100),GOV_WGI_RL.SC,53.87821,2020,Rule of Law,score_0_100
Saudi Arabia,SAU,Rule of Law - Governance score (0-100),GOV_WGI_RL.SC,54.1098832,2021,Rule of Law,score_0_100
Saudi Arabia,SAU,Rule of Law - Governance score (0-100),GOV_WGI_RL.SC,54.1098832,2021,Rule of Law,score_0_100
Saudi Arabia,SAU,Rule of Law - Governance score (0-100),GOV_WGI_RL.SC,54.10988,2021,Rule of Law,score_0_100
Saudi Arabia,SAU,Rule of Law - Governance score (0-100),GOV_WGI_RL.SC,57.6414938,2022,Rule of Law,score_0_100
Saudi Arabia,SAU,Rule of Law - Governance score (0-100),GOV_WGI_RL.SC,57.6414938,2022,Rule of Law,score_0_100
Saudi Arabia,SAU,Rule of Law - Governance score (0-100),GOV_WGI_RL.SC,57.64149,2022,Rule of Law,score_0_100
Saudi Arabia,SAU,Rule of Law - Governance score (0-100),GOV_WGI_RL.SC,58.9708502,2023,Rule of Law,score_0_100
Saudi Arabia,SAU,Rule of Law - Governance score (0-100),GOV_WGI_RL.SC,58.9708502,2023,Rule of Law,score_0_100
Saudi Arabia,SAU,Rule of Law - Governance score (0-100),GOV_WGI_RL.SC,58.97085,2023,Rule of Law,score_0_100
Saudi Arabia,SAU,Rule of Law - Governance score (0-100),GOV_WGI_RL.SC,60.5850662,2024,Rule of Law,score_0_100
Saudi Arabia,SAU,Rule of Law - Governance score (0-100),GOV_WGI_RL.SC,60.5850662,2024,Rule of Law,score_0_100
Saudi Arabia,SAU,Rule of Law - Governance score (0-100),GOV_WGI_RL.SC,60.58507,2024,Rule of Law,score_0_100
Saudi Arabia,SAU,Regulatory Quality - Governance estimate (approx. -2.5 to +2.5),GOV_WGI_RQ.EST,0.237309,2015,Regulatory Quality,estimate
Saudi Arabia,SAU,Regulatory Quality - Governance estimate (approx. -2.5 to +2.5),GOV_WGI_RQ.EST,0.188006,2016,Regulatory Quality,estimate
Saudi Arabia,SAU,Regulatory Quality - Governance estimate (approx. -2.5 to +2.5),GOV_WGI_RQ.EST,0.10042,2017,Regulatory Quality,estimate
Saudi Arabia,SAU,Regulatory Quality - Governance estimate (approx. -2.5 to +2.5),GOV_WGI_RQ.EST,0.080522,2018,Regulatory Quality,estimate
Saudi Arabia,SAU,Regulatory Quality - Governance estimate (approx. -2.5 to +2.5),GOV_WGI_RQ.EST,0.179319,2019,Regulatory Quality,estimate
Saudi Arabia,SAU,Regulatory Quality - Governance estimate (approx. -2.5 to +2.5),GOV_WGI_RQ.EST,0.17321,2020,Regulatory Quality,estimate
Saudi Arabia,SAU,Regulatory Quality - Governance estimate (approx. -2.5 to +2.5),GOV_WGI_RQ.EST,0.38763,2021,Regulatory Quality,estimate
Saudi Arabia,SAU,Regulatory Quality - Governance estimate (approx. -2.5 to +2.5),GOV_WGI_RQ.EST,0.554186,2022,Regulatory Quality,estimate
Saudi Arabia,SAU,Regulatory Quality - Governance estimate (approx. -2.5 to +2.5),GOV_WGI_RQ.EST,0.610108,2023,Regulatory Quality,estimate
Saudi Arabia,SAU,Regulatory Quality - Governance estimate (approx. -2.5 to +2.5),GOV_WGI_RQ.EST,0.710258,2024,Regulatory Quality,estimate
Saudi Arabia,SAU,Regulatory Quality - Governance score (0-100),GOV_WGI_RQ.SC,58.6055,2015,Regulatory Quality,score_0_100
Saudi Arabia,SAU,Regulatory Quality - Governance score (0-100),GOV_WGI_RQ.SC,57.82791,2016,Regulatory Quality,score_0_100
Saudi Arabia,SAU,Regulatory Quality - Governance score (0-100),GOV_WGI_RQ.SC,56.44656,2017,Regulatory Quality,score_0_100
Saudi Arabia,SAU,Regulatory Quality - Governance score (0-100),GOV_WGI_RQ.SC,56.13274,2018,Regulatory Quality,score_0_100
Saudi Arabia,SAU,Regulatory Quality - Governance score (0-100),GOV_WGI_RQ.SC,57.69091,2019,Regulatory Quality,score_0_100
Saudi Arabia,SAU,Regulatory Quality - Governance score (0-100),GOV_WGI_RQ.SC,57.59455,2020,Regulatory Quality,score_0_100
Saudi Arabia,SAU,Regulatory Quality - Governance score (0-100),GOV_WGI_RQ.SC,60.97627,2021,Regulatory Quality,score_0_100
Saudi Arabia,SAU,Regulatory Quality - Governance score (0-100),GOV_WGI_RQ.SC,63.60309,2022,Regulatory Quality,score_0_100
Saudi Arabia,SAU,Regulatory Quality - Governance score (0-100),GOV_WGI_RQ.SC,64.48507,2023,Regulatory Quality,score_0_100
Saudi Arabia,SAU,Regulatory Quality - Governance score (0-100),GOV_WGI_RQ.SC,66.06456,2024,Regulatory Quality,score_0_100
Singapore,SGP,Control of Corruption - Governance estimate (approx. -2.5 to +2.5),GOV_WGI_CC.EST,2.0799858,2015,Control of Corruption,estimate
Singapore,SGP,Control of Corruption - Governance estimate (approx. -2.5 to +2.5),GOV_WGI_CC.EST,2.0799858,2015,Control of Corruption,estimate
Singapore,SGP,Control of Corruption - Governance estimate (approx. -2.5 to +2.5),GOV_WGI_CC.EST,2.1044197,2016,Control of Corruption,estimate
Singapore,SGP,Control of Corruption - Governance estimate (approx. -2.5 to +2.5),GOV_WGI_CC.EST,2.1044197,2016,Control of Corruption,estimate
Singapore,SGP,Control of Corruption - Governance estimate (approx. -2.5 to +2.5),GOV_WGI_CC.EST,2.1125052,2017,Control of Corruption,estimate
Singapore,SGP,Control of Corruption - Governance estimate (approx. -2.5 to +2.5),GOV_WGI_CC.EST,2.1125052,2017,Control of Corruption,estimate
Singapore,SGP,Control of Corruption - Governance estimate (approx. -2.5 to +2.5),GOV_WGI_CC.EST,2.1254362,2018,Control of Corruption,estimate
Singapore,SGP,Control of Corruption - Governance estimate (approx. -2.5 to +2.5),GOV_WGI_CC.EST,2.1254362,2018,Control of Corruption,estimate
Singapore,SGP,Control of Corruption - Governance estimate (approx. -2.5 to +2.5),GOV_WGI_CC.EST,2.1188705,2019,Control of Corruption,estimate
Singapore,SGP,Control of Corruption - Governance estimate (approx. -2.5 to +2.5),GOV_WGI_CC.EST,2.1188705,2019,Control of Corruption,estimate
Singapore,SGP,Control of Corruption - Governance estimate (approx. -2.5 to +2.5),GOV_WGI_CC.EST,2.1272918,2020,Control of Corruption,estimate
Singapore,SGP,Control of Corruption - Governance estimate (approx. -2.5 to +2.5),GOV_WGI_CC.EST,2.1272918,2020,Control of Corruption,estimate
Singapore,SGP,Control of Corruption - Governance estimate (approx. -2.5 to +2.5),GOV_WGI_CC.EST,2.0800635,2021,Control of Corruption,estimate
Singapore,SGP,Control of Corruption - Governance estimate (approx. -2.5 to +2.5),GOV_WGI_CC.EST,2.0800635,2021,Control of Corruption,estimate
Singapore,SGP,Control of Corruption - Governance estimate (approx. -2.5 to +2.5),GOV_WGI_CC.EST,2.0329943,2022,Control of Corruption,estimate
Singapore,SGP,Control of Corruption - Governance estimate (approx. -2.5 to +2.5),GOV_WGI_CC.EST,2.0329943,2022,Control of Corruption,estimate
Singapore,SGP,Control of Corruption - Governance estimate (approx. -2.5 to +2.5),GOV_WGI_CC.EST,1.9240956,2023,Control of Corruption,estimate
Singapore,SGP,Control of Corruption - Governance estimate (approx. -2.5 to +2.5),GOV_WGI_CC.EST,1.9240956,2023,Control of Corruption,estimate
Singapore,SGP,Control of Corruption - Governance estimate (approx. -2.5 to +2.5),GOV_WGI_CC.EST,1.9681221,2024,Control of Corruption,estimate
Singapore,SGP,Control of Corruption - Governance estimate (approx. -2.5 to +2.5),GOV_WGI_CC.EST,1.9681221,2024,Control of Corruption,estimate
Singapore,SGP,Control of Corruption - Governance score (0-100),GOV_WGI_CC.SC,89.9569319,2015,Control of Corruption,score_0_100
Singapore,SGP,Control of Corruption - Governance score (0-100),GOV_WGI_CC.SC,89.9569319,2015,Control of Corruption,score_0_100
Singapore,SGP,Control of Corruption - Governance score (0-100),GOV_WGI_CC.SC,90.4515115,2016,Control of Corruption,score_0_100
Singapore,SGP,Control of Corruption - Governance score (0-100),GOV_WGI_CC.SC,90.4515115,2016,Control of Corruption,score_0_100
Singapore,SGP,Control of Corruption - Governance score (0-100),GOV_WGI_CC.SC,90.6151744,2017,Control of Corruption,score_0_100
Singapore,SGP,Control of Corruption - Governance score (0-100),GOV_WGI_CC.SC,90.6151744,2017,Control of Corruption,score_0_100
Singapore,SGP,Control of Corruption - Governance score (0-100),GOV_WGI_CC.SC,90.8769177,2018,Control of Corruption,score_0_100
Singapore,SGP,Control of Corruption - Governance score (0-100),GOV_WGI_CC.SC,90.8769177,2018,Control of Corruption,score_0_100
Singapore,SGP,Control of Corruption - Governance score (0-100),GOV_WGI_CC.SC,90.7440179,2019,Control of Corruption,score_0_100
Singapore,SGP,Control of Corruption - Governance score (0-100),GOV_WGI_CC.SC,90.7440179,2019,Control of Corruption,score_0_100
Singapore,SGP,Control of Corruption - Governance score (0-100),GOV_WGI_CC.SC,90.9144779,2020,Control of Corruption,score_0_100
Singapore,SGP,Control of Corruption - Governance score (0-100),GOV_WGI_CC.SC,90.9144779,2020,Control of Corruption,score_0_100
Singapore,SGP,Control of Corruption - Governance score (0-100),GOV_WGI_CC.SC,89.9585047,2021,Control of Corruption,score_0_100
Singapore,SGP,Control of Corruption - Governance score (0-100),GOV_WGI_CC.SC,89.9585047,2021,Control of Corruption,score_0_100
Singapore,SGP,Control of Corruption - Governance score (0-100),GOV_WGI_CC.SC,89.0057518,2022,Control of Corruption,score_0_100
Singapore,SGP,Control of Corruption - Governance score (0-100),GOV_WGI_CC.SC,89.0057518,2022,Control of Corruption,score_0_100
Singapore,SGP,Control of Corruption - Governance score (0-100),GOV_WGI_CC.SC,86.801475,2023,Control of Corruption,score_0_100
Singapore,SGP,Control of Corruption - Governance score (0-100),GOV_WGI_CC.SC,86.801475,2023,Control of Corruption,score_0_100
Singapore,SGP,Control of Corruption - Governance score (0-100),GOV_WGI_CC.SC,87.6926389,2024,Control of Corruption,score_0_100
Singapore,SGP,Control of Corruption - Governance score (0-100),GOV_WGI_CC.SC,87.6926389,2024,Control of Corruption,score_0_100
Singapore,SGP,Government Effectiveness - Governance estimate (approx. -2.5 to +2.5),GOV_WGI_GE.EST,2.1874773,2015,Government Effectiveness,estimate
Singapore,SGP,Government Effectiveness - Governance estimate (approx. -2.5 to +2.5),GOV_WGI_GE.EST,2.1874773,2015,Government Effectiveness,estimate
Singapore,SGP,Government Effectiveness - Governance estimate (approx. -2.5 to +2.5),GOV_WGI_GE.EST,2.2456127,2016,Government Effectiveness,estimate
Singapore,SGP,Government Effectiveness - Governance estimate (approx. -2.5 to +2.5),GOV_WGI_GE.EST,2.2456127,2016,Government Effectiveness,estimate
Singapore,SGP,Government Effectiveness - Governance estimate (approx. -2.5 to +2.5),GOV_WGI_GE.EST,2.2158807,2017,Government Effectiveness,estimate
Singapore,SGP,Government Effectiveness - Governance estimate (approx. -2.5 to +2.5),GOV_WGI_GE.EST,2.2158807,2017,Government Effectiveness,estimate
Singapore,SGP,Government Effectiveness - Governance estimate (approx. -2.5 to +2.5),GOV_WGI_GE.EST,2.2170172,2018,Government Effectiveness,estimate
Singapore,SGP,Government Effectiveness - Governance estimate (approx. -2.5 to +2.5),GOV_WGI_GE.EST,2.2170172,2018,Government Effectiveness,estimate
Singapore,SGP,Government Effectiveness - Governance estimate (approx. -2.5 to +2.5),GOV_WGI_GE.EST,2.2442216,2019,Government Effectiveness,estimate
Singapore,SGP,Government Effectiveness - Governance estimate (approx. -2.5 to +2.5),GOV_WGI_GE.EST,2.2442216,2019,Government Effectiveness,estimate
Singapore,SGP,Government Effectiveness - Governance estimate (approx. -2.5 to +2.5),GOV_WGI_GE.EST,2.2154522,2020,Government Effectiveness,estimate
Singapore,SGP,Government Effectiveness - Governance estimate (approx. -2.5 to +2.5),GOV_WGI_GE.EST,2.2154522,2020,Government Effectiveness,estimate
Singapore,SGP,Government Effectiveness - Governance estimate (approx. -2.5 to +2.5),GOV_WGI_GE.EST,2.2180671,2021,Government Effectiveness,estimate
Singapore,SGP,Government Effectiveness - Governance estimate (approx. -2.5 to +2.5),GOV_WGI_GE.EST,2.2180671,2021,Government Effectiveness,estimate
Singapore,SGP,Government Effectiveness - Governance estimate (approx. -2.5 to +2.5),GOV_WGI_GE.EST,2.2013027,2022,Government Effectiveness,estimate
Singapore,SGP,Government Effectiveness - Governance estimate (approx. -2.5 to +2.5),GOV_WGI_GE.EST,2.2013027,2022,Government Effectiveness,estimate
Singapore,SGP,Government Effectiveness - Governance estimate (approx. -2.5 to +2.5),GOV_WGI_GE.EST,2.2622865,2023,Government Effectiveness,estimate
Singapore,SGP,Government Effectiveness - Governance estimate (approx. -2.5 to +2.5),GOV_WGI_GE.EST,2.2622865,2023,Government Effectiveness,estimate
Singapore,SGP,Government Effectiveness - Governance estimate (approx. -2.5 to +2.5),GOV_WGI_GE.EST,2.2796267,2024,Government Effectiveness,estimate
Singapore,SGP,Government Effectiveness - Governance estimate (approx. -2.5 to +2.5),GOV_WGI_GE.EST,2.2796267,2024,Government Effectiveness,estimate
Singapore,SGP,Government Effectiveness - Governance score (0-100),GOV_WGI_GE.SC,93.8738309,2015,Government Effectiveness,score_0_100
Singapore,SGP,Government Effectiveness - Governance score (0-100),GOV_WGI_GE.SC,93.8738309,2015,Government Effectiveness,score_0_100
Singapore,SGP,Government Effectiveness - Governance score (0-100),GOV_WGI_GE.SC,95.0042168,2016,Government Effectiveness,score_0_100
Singapore,SGP,Government Effectiveness - Governance score (0-100),GOV_WGI_GE.SC,95.0042168,2016,Government Effectiveness,score_0_100
Singapore,SGP,Government Effectiveness - Governance score (0-100),GOV_WGI_GE.SC,94.4261072,2017,Government Effectiveness,score_0_100
Singapore,SGP,Government Effectiveness - Governance score (0-100),GOV_WGI_GE.SC,94.4261072,2017,Government Effectiveness,score_0_100
Singapore,SGP,Government Effectiveness - Governance score (0-100),GOV_WGI_GE.SC,94.4482054,2018,Government Effectiveness,score_0_100
Singapore,SGP,Government Effectiveness - Governance score (0-100),GOV_WGI_GE.SC,94.4482054,2018,Government Effectiveness,score_0_100
Singapore,SGP,Government Effectiveness - Governance score (0-100),GOV_WGI_GE.SC,94.9771682,2019,Government Effectiveness,score_0_100
Singapore,SGP,Government Effectiveness - Governance score (0-100),GOV_WGI_GE.SC,94.9771682,2019,Government Effectiveness,score_0_100
Singapore,SGP,Government Effectiveness - Governance score (0-100),GOV_WGI_GE.SC,94.4177755,2020,Government Effectiveness,score_0_100
Singapore,SGP,Government Effectiveness - Governance score (0-100),GOV_WGI_GE.SC,94.4177755,2020,Government Effectiveness,score_0_100
Singapore,SGP,Government Effectiveness - Governance score (0-100),GOV_WGI_GE.SC,94.4686196,2021,Government Effectiveness,score_0_100
Singapore,SGP,Government Effectiveness - Governance score (0-100),GOV_WGI_GE.SC,94.4686196,2021,Government Effectiveness,score_0_100
Singapore,SGP,Government Effectiveness - Governance score (0-100),GOV_WGI_GE.SC,94.1426523,2022,Government Effectiveness,score_0_100
Singapore,SGP,Government Effectiveness - Governance score (0-100),GOV_WGI_GE.SC,94.1426523,2022,Government Effectiveness,score_0_100
Singapore,SGP,Government Effectiveness - Governance score (0-100),GOV_WGI_GE.SC,95.3284225,2023,Government Effectiveness,score_0_100
Singapore,SGP,Government Effectiveness - Governance score (0-100),GOV_WGI_GE.SC,95.3284225,2023,Government Effectiveness,score_0_100
Singapore,SGP,Government Effectiveness - Governance score (0-100),GOV_WGI_GE.SC,95.6655857,2024,Government Effectiveness,score_0_100
Singapore,SGP,Government Effectiveness - Governance score (0-100),GOV_WGI_GE.SC,95.6655857,2024,Government Effectiveness,score_0_100
Singapore,SGP,Political Stability - Governance estimate (approx. -2.5 to +2.5),GOV_WGI_PV.EST,1.1123429,2015,Political Stability,estimate
Singapore,SGP,Political Stability - Governance estimate (approx. -2.5 to +2.5),GOV_WGI_PV.EST,1.1123429,2015,Political Stability,estimate
Singapore,SGP,Political Stability - Governance estimate (approx. -2.5 to +2.5),GOV_WGI_PV.EST,1.2788614,2016,Political Stability,estimate
Singapore,SGP,Political Stability - Governance estimate (approx. -2.5 to +2.5),GOV_WGI_PV.EST,1.2788614,2016,Political Stability,estimate
Singapore,SGP,Political Stability - Governance estimate (approx. -2.5 to +2.5),GOV_WGI_PV.EST,1.3859813,2017,Political Stability,estimate
Singapore,SGP,Political Stability - Governance estimate (approx. -2.5 to +2.5),GOV_WGI_PV.EST,1.3859813,2017,Political Stability,estimate
Singapore,SGP,Political Stability - Governance estimate (approx. -2.5 to +2.5),GOV_WGI_PV.EST,1.2994328,2018,Political Stability,estimate
Singapore,SGP,Political Stability - Governance estimate (approx. -2.5 to +2.5),GOV_WGI_PV.EST,1.2994328,2018,Political Stability,estimate
Singapore,SGP,Political Stability - Governance estimate (approx. -2.5 to +2.5),GOV_WGI_PV.EST,1.2580714,2019,Political Stability,estimate
Singapore,SGP,Political Stability - Governance estimate (approx. -2.5 to +2.5),GOV_WGI_PV.EST,1.2580714,2019,Political Stability,estimate
Singapore,SGP,Political Stability - Governance estimate (approx. -2.5 to +2.5),GOV_WGI_PV.EST,1.2855556,2020,Political Stability,estimate
Singapore,SGP,Political Stability - Governance estimate (approx. -2.5 to +2.5),GOV_WGI_PV.EST,1.2855556,2020,Political Stability,estimate
Singapore,SGP,Political Stability - Governance estimate (approx. -2.5 to +2.5),GOV_WGI_PV.EST,1.2816641,2021,Political Stability,estimate
Singapore,SGP,Political Stability - Governance estimate (approx. -2.5 to +2.5),GOV_WGI_PV.EST,1.2816641,2021,Political Stability,estimate
Singapore,SGP,Political Stability - Governance estimate (approx. -2.5 to +2.5),GOV_WGI_PV.EST,1.164789,2022,Political Stability,estimate
Singapore,SGP,Political Stability - Governance estimate (approx. -2.5 to +2.5),GOV_WGI_PV.EST,1.164789,2022,Political Stability,estimate
Singapore,SGP,Political Stability - Governance estimate (approx. -2.5 to +2.5),GOV_WGI_PV.EST,1.2040374,2023,Political Stability,estimate
Singapore,SGP,Political Stability - Governance estimate (approx. -2.5 to +2.5),GOV_WGI_PV.EST,1.2040374,2023,Political Stability,estimate
Singapore,SGP,Political Stability - Governance estimate (approx. -2.5 to +2.5),GOV_WGI_PV.EST,1.2318778,2024,Political Stability,estimate
Singapore,SGP,Political Stability - Governance estimate (approx. -2.5 to +2.5),GOV_WGI_PV.EST,1.2318778,2024,Political Stability,estimate
Singapore,SGP,Political Stability - Governance score (0-100),GOV_WGI_PV.SC,84.8949902,2015,Political Stability,score_0_100
Singapore,SGP,Political Stability - Governance score (0-100),GOV_WGI_PV.SC,84.8949902,2015,Political Stability,score_0_100
Singapore,SGP,Political Stability - Governance score (0-100),GOV_WGI_PV.SC,87.7393927,2016,Political Stability,score_0_100
Singapore,SGP,Political Stability - Governance score (0-100),GOV_WGI_PV.SC,87.7393927,2016,Political Stability,score_0_100
Singapore,SGP,Political Stability - Governance score (0-100),GOV_WGI_PV.SC,89.569172,2017,Political Stability,score_0_100
Singapore,SGP,Political Stability - Governance score (0-100),GOV_WGI_PV.SC,89.569172,2017,Political Stability,score_0_100
Singapore,SGP,Political Stability - Governance score (0-100),GOV_WGI_PV.SC,88.0907851,2018,Political Stability,score_0_100
Singapore,SGP,Political Stability - Governance score (0-100),GOV_WGI_PV.SC,88.0907851,2018,Political Stability,score_0_100
Singapore,SGP,Political Stability - Governance score (0-100),GOV_WGI_PV.SC,87.3842662,2019,Political Stability,score_0_100
Singapore,SGP,Political Stability - Governance score (0-100),GOV_WGI_PV.SC,87.3842662,2019,Political Stability,score_0_100
Singapore,SGP,Political Stability - Governance score (0-100),GOV_WGI_PV.SC,87.8537403,2020,Political Stability,score_0_100
Singapore,SGP,Political Stability - Governance score (0-100),GOV_WGI_PV.SC,87.8537403,2020,Political Stability,score_0_100
Singapore,SGP,Political Stability - Governance score (0-100),GOV_WGI_PV.SC,87.7872673,2021,Political Stability,score_0_100
Singapore,SGP,Political Stability - Governance score (0-100),GOV_WGI_PV.SC,87.7872673,2021,Political Stability,score_0_100
Singapore,SGP,Political Stability - Governance score (0-100),GOV_WGI_PV.SC,85.7908535,2022,Political Stability,score_0_100
Singapore,SGP,Political Stability - Governance score (0-100),GOV_WGI_PV.SC,85.7908535,2022,Political Stability,score_0_100
Singapore,SGP,Political Stability - Governance score (0-100),GOV_WGI_PV.SC,86.461279,2023,Political Stability,score_0_100
Singapore,SGP,Political Stability - Governance score (0-100),GOV_WGI_PV.SC,86.461279,2023,Political Stability,score_0_100
Singapore,SGP,Political Stability - Governance score (0-100),GOV_WGI_PV.SC,86.9368376,2024,Political Stability,score_0_100
Singapore,SGP,Political Stability - Governance score (0-100),GOV_WGI_PV.SC,86.9368376,2024,Political Stability,score_0_100
Singapore,SGP,Rule of Law - Governance estimate (approx. -2.5 to +2.5),GOV_WGI_RL.EST,1.5460708,2015,Rule of Law,estimate
Singapore,SGP,Rule of Law - Governance estimate (approx. -2.5 to +2.5),GOV_WGI_RL.EST,1.5460708,2015,Rule of Law,estimate
Singapore,SGP,Rule of Law - Governance estimate (approx. -2.5 to +2.5),GOV_WGI_RL.EST,1.5473758,2016,Rule of Law,estimate
Singapore,SGP,Rule of Law - Governance estimate (approx. -2.5 to +2.5),GOV_WGI_RL.EST,1.5473758,2016,Rule of Law,estimate
Singapore,SGP,Rule of Law - Governance estimate (approx. -2.5 to +2.5),GOV_WGI_RL.EST,1.49284,2017,Rule of Law,estimate
Singapore,SGP,Rule of Law - Governance estimate (approx. -2.5 to +2.5),GOV_WGI_RL.EST,1.49284,2017,Rule of Law,estimate
Singapore,SGP,Rule of Law - Governance estimate (approx. -2.5 to +2.5),GOV_WGI_RL.EST,1.5337126,2018,Rule of Law,estimate
Singapore,SGP,Rule of Law - Governance estimate (approx. -2.5 to +2.5),GOV_WGI_RL.EST,1.5337126,2018,Rule of Law,estimate
Singapore,SGP,Rule of Law - Governance estimate (approx. -2.5 to +2.5),GOV_WGI_RL.EST,1.5263702,2019,Rule of Law,estimate
Singapore,SGP,Rule of Law - Governance estimate (approx. -2.5 to +2.5),GOV_WGI_RL.EST,1.5263702,2019,Rule of Law,estimate
Singapore,SGP,Rule of Law - Governance estimate (approx. -2.5 to +2.5),GOV_WGI_RL.EST,1.4703849,2020,Rule of Law,estimate
Singapore,SGP,Rule of Law - Governance estimate (approx. -2.5 to +2.5),GOV_WGI_RL.EST,1.4703849,2020,Rule of Law,estimate
Singapore,SGP,Rule of Law - Governance estimate (approx. -2.5 to +2.5),GOV_WGI_RL.EST,1.4327468,2021,Rule of Law,estimate
Singapore,SGP,Rule of Law - Governance estimate (approx. -2.5 to +2.5),GOV_WGI_RL.EST,1.4327468,2021,Rule of Law,estimate
Singapore,SGP,Rule of Law - Governance estimate (approx. -2.5 to +2.5),GOV_WGI_RL.EST,1.4279068,2022,Rule of Law,estimate
Singapore,SGP,Rule of Law - Governance estimate (approx. -2.5 to +2.5),GOV_WGI_RL.EST,1.4279068,2022,Rule of Law,estimate
Singapore,SGP,Rule of Law - Governance estimate (approx. -2.5 to +2.5),GOV_WGI_RL.EST,1.4244438,2023,Rule of Law,estimate
Singapore,SGP,Rule of Law - Governance estimate (approx. -2.5 to +2.5),GOV_WGI_RL.EST,1.4244438,2023,Rule of Law,estimate
Singapore,SGP,Rule of Law - Governance estimate (approx. -2.5 to +2.5),GOV_WGI_RL.EST,1.4311756,2024,Rule of Law,estimate
Singapore,SGP,Rule of Law - Governance estimate (approx. -2.5 to +2.5),GOV_WGI_RL.EST,1.4311756,2024,Rule of Law,estimate
Singapore,SGP,Rule of Law - Governance score (0-100),GOV_WGI_RL.SC,83.5736762,2015,Rule of Law,score_0_100
Singapore,SGP,Rule of Law - Governance score (0-100),GOV_WGI_RL.SC,83.5736762,2015,Rule of Law,score_0_100
Singapore,SGP,Rule of Law - Governance score (0-100),GOV_WGI_RL.SC,83.5961362,2016,Rule of Law,score_0_100
Singapore,SGP,Rule of Law - Governance score (0-100),GOV_WGI_RL.SC,83.5961362,2016,Rule of Law,score_0_100
Singapore,SGP,Rule of Law - Governance score (0-100),GOV_WGI_RL.SC,82.6575367,2017,Rule of Law,score_0_100
Singapore,SGP,Rule of Law - Governance score (0-100),GOV_WGI_RL.SC,82.6575367,2017,Rule of Law,score_0_100
Singapore,SGP,Rule of Law - Governance score (0-100),GOV_WGI_RL.SC,83.3609829,2018,Rule of Law,score_0_100
Singapore,SGP,Rule of Law - Governance score (0-100),GOV_WGI_RL.SC,83.3609829,2018,Rule of Law,score_0_100
Singapore,SGP,Rule of Law - Governance score (0-100),GOV_WGI_RL.SC,83.234615,2019,Rule of Law,score_0_100
Singapore,SGP,Rule of Law - Governance score (0-100),GOV_WGI_RL.SC,83.234615,2019,Rule of Law,score_0_100
Singapore,SGP,Rule of Law - Governance score (0-100),GOV_WGI_RL.SC,82.2710686,2020,Rule of Law,score_0_100
Singapore,SGP,Rule of Law - Governance score (0-100),GOV_WGI_RL.SC,82.2710686,2020,Rule of Law,score_0_100
Singapore,SGP,Rule of Law - Governance score (0-100),GOV_WGI_RL.SC,81.6232905,2021,Rule of Law,score_0_100
Singapore,SGP,Rule of Law - Governance score (0-100),GOV_WGI_RL.SC,81.6232905,2021,Rule of Law,score_0_100
Singapore,SGP,Rule of Law - Governance score (0-100),GOV_WGI_RL.SC,81.5399907,2022,Rule of Law,score_0_100
Singapore,SGP,Rule of Law - Governance score (0-100),GOV_WGI_RL.SC,81.5399907,2022,Rule of Law,score_0_100
Singapore,SGP,Rule of Law - Governance score (0-100),GOV_WGI_RL.SC,81.48039,2023,Rule of Law,score_0_100
Singapore,SGP,Rule of Law - Governance score (0-100),GOV_WGI_RL.SC,81.48039,2023,Rule of Law,score_0_100
Singapore,SGP,Rule of Law - Governance score (0-100),GOV_WGI_RL.SC,81.596249,2024,Rule of Law,score_0_100
Singapore,SGP,Rule of Law - Governance score (0-100),GOV_WGI_RL.SC,81.596249,2024,Rule of Law,score_0_100
United States,USA,Control of Corruption - Governance estimate (approx. -2.5 to +2.5),GOV_WGI_CC.EST,1.2367604,2015,Control of Corruption,estimate
United States,USA,Control of Corruption - Governance estimate (approx. -2.5 to +2.5),GOV_WGI_CC.EST,1.2367604,2015,Control of Corruption,estimate
United States,USA,Control of Corruption - Governance estimate (approx. -2.5 to +2.5),GOV_WGI_CC.EST,1.2420313,2016,Control of Corruption,estimate
United States,USA,Control of Corruption - Governance estimate (approx. -2.5 to +2.5),GOV_WGI_CC.EST,1.2420313,2016,Control of Corruption,estimate
United States,USA,Control of Corruption - Governance estimate (approx. -2.5 to +2.5),GOV_WGI_CC.EST,1.3058193,2017,Control of Corruption,estimate
United States,USA,Control of Corruption - Governance estimate (approx. -2.5 to +2.5),GOV_WGI_CC.EST,1.3058193,2017,Control of Corruption,estimate
United States,USA,Control of Corruption - Governance estimate (approx. -2.5 to +2.5),GOV_WGI_CC.EST,1.2504255,2018,Control of Corruption,estimate
United States,USA,Control of Corruption - Governance estimate (approx. -2.5 to +2.5),GOV_WGI_CC.EST,1.2504255,2018,Control of Corruption,estimate
United States,USA,Control of Corruption - Governance estimate (approx. -2.5 to +2.5),GOV_WGI_CC.EST,1.1719722,2019,Control of Corruption,estimate
United States,USA,Control of Corruption - Governance estimate (approx. -2.5 to +2.5),GOV_WGI_CC.EST,1.1719722,2019,Control of Corruption,estimate
United States,USA,Control of Corruption - Governance estimate (approx. -2.5 to +2.5),GOV_WGI_CC.EST,1.124297,2020,Control of Corruption,estimate
United States,USA,Control of Corruption - Governance estimate (approx. -2.5 to +2.5),GOV_WGI_CC.EST,1.124297,2020,Control of Corruption,estimate
United States,USA,Control of Corruption - Governance estimate (approx. -2.5 to +2.5),GOV_WGI_CC.EST,1.1247591,2021,Control of Corruption,estimate
United States,USA,Control of Corruption - Governance estimate (approx. -2.5 to +2.5),GOV_WGI_CC.EST,1.1247591,2021,Control of Corruption,estimate
United States,USA,Control of Corruption - Governance estimate (approx. -2.5 to +2.5),GOV_WGI_CC.EST,1.2023562,2022,Control of Corruption,estimate
United States,USA,Control of Corruption - Governance estimate (approx. -2.5 to +2.5),GOV_WGI_CC.EST,1.2023562,2022,Control of Corruption,estimate
United States,USA,Control of Corruption - Governance estimate (approx. -2.5 to +2.5),GOV_WGI_CC.EST,1.1951066,2023,Control of Corruption,estimate
United States,USA,Control of Corruption - Governance estimate (approx. -2.5 to +2.5),GOV_WGI_CC.EST,1.1951066,2023,Control of Corruption,estimate
United States,USA,Control of Corruption - Governance estimate (approx. -2.5 to +2.5),GOV_WGI_CC.EST,1.0868914,2024,Control of Corruption,estimate
United States,USA,Control of Corruption - Governance estimate (approx. -2.5 to +2.5),GOV_WGI_CC.EST,1.0868914,2024,Control of Corruption,estimate
United States,USA,Control of Corruption - Governance score (0-100),GOV_WGI_CC.SC,72.8887558,2015,Control of Corruption,score_0_100
United States,USA,Control of Corruption - Governance score (0-100),GOV_WGI_CC.SC,72.8887558,2015,Control of Corruption,score_0_100
United States,USA,Control of Corruption - Governance score (0-100),GOV_WGI_CC.SC,72.9954469,2016,Control of Corruption,score_0_100
United States,USA,Control of Corruption - Governance score (0-100),GOV_WGI_CC.SC,72.9954469,2016,Control of Corruption,score_0_100
United States,USA,Control of Corruption - Governance score (0-100),GOV_WGI_CC.SC,74.2866139,2017,Control of Corruption,score_0_100
United States,USA,Control of Corruption - Governance score (0-100),GOV_WGI_CC.SC,74.2866139,2017,Control of Corruption,score_0_100
United States,USA,Control of Corruption - Governance score (0-100),GOV_WGI_CC.SC,73.1653584,2018,Control of Corruption,score_0_100
United States,USA,Control of Corruption - Governance score (0-100),GOV_WGI_CC.SC,73.1653584,2018,Control of Corruption,score_0_100
United States,USA,Control of Corruption - Governance score (0-100),GOV_WGI_CC.SC,71.5773432,2019,Control of Corruption,score_0_100
United States,USA,Control of Corruption - Governance score (0-100),GOV_WGI_CC.SC,71.5773432,2019,Control of Corruption,score_0_100
United States,USA,Control of Corruption - Governance score (0-100),GOV_WGI_CC.SC,70.612324,2020,Control of Corruption,score_0_100
United States,USA,Control of Corruption - Governance score (0-100),GOV_WGI_CC.SC,70.612324,2020,Control of Corruption,score_0_100
United States,USA,Control of Corruption - Governance score (0-100),GOV_WGI_CC.SC,70.6216776,2021,Control of Corruption,score_0_100
United States,USA,Control of Corruption - Governance score (0-100),GOV_WGI_CC.SC,70.6216776,2021,Control of Corruption,score_0_100
United States,USA,Control of Corruption - Governance score (0-100),GOV_WGI_CC.SC,72.192362,2022,Control of Corruption,score_0_100
United States,USA,Control of Corruption - Governance score (0-100),GOV_WGI_CC.SC,72.192362,2022,Control of Corruption,score_0_100
United States,USA,Control of Corruption - Governance score (0-100),GOV_WGI_CC.SC,72.045619,2023,Control of Corruption,score_0_100
United States,USA,Control of Corruption - Governance score (0-100),GOV_WGI_CC.SC,72.045619,2023,Control of Corruption,score_0_100
United States,USA,Control of Corruption - Governance score (0-100),GOV_WGI_CC.SC,69.8551773,2024,Control of Corruption,score_0_100
United States,USA,Control of Corruption - Governance score (0-100),GOV_WGI_CC.SC,69.8551773,2024,Control of Corruption,score_0_100
United States,USA,Government Effectiveness - Governance estimate (approx. -2.5 to +2.5),GOV_WGI_GE.EST,1.5727519,2015,Government Effectiveness,estimate
United States,USA,Government Effectiveness - Governance estimate (approx. -2.5 to +2.5),GOV_WGI_GE.EST,1.5727519,2015,Government Effectiveness,estimate
United States,USA,Government Effectiveness - Governance estimate (approx. -2.5 to +2.5),GOV_WGI_GE.EST,1.5920786,2016,Government Effectiveness,estimate
United States,USA,Government Effectiveness - Governance estimate (approx. -2.5 to +2.5),GOV_WGI_GE.EST,1.5920786,2016,Government Effectiveness,estimate
United States,USA,Government Effectiveness - Governance estimate (approx. -2.5 to +2.5),GOV_WGI_GE.EST,1.5989168,2017,Government Effectiveness,estimate
United States,USA,Government Effectiveness - Governance estimate (approx. -2.5 to +2.5),GOV_WGI_GE.EST,1.5989168,2017,Government Effectiveness,estimate
United States,USA,Government Effectiveness - Governance estimate (approx. -2.5 to +2.5),GOV_WGI_GE.EST,1.6426557,2018,Government Effectiveness,estimate
United States,USA,Government Effectiveness - Governance estimate (approx. -2.5 to +2.5),GOV_WGI_GE.EST,1.6426557,2018,Government Effectiveness,estimate
United States,USA,Government Effectiveness - Governance estimate (approx. -2.5 to +2.5),GOV_WGI_GE.EST,1.5492277,2019,Government Effectiveness,estimate
United States,USA,Government Effectiveness - Governance estimate (approx. -2.5 to +2.5),GOV_WGI_GE.EST,1.5492277,2019,Government Effectiveness,estimate
United States,USA,Government Effectiveness - Governance estimate (approx. -2.5 to +2.5),GOV_WGI_GE.EST,1.4026997,2020,Government Effectiveness,estimate
United States,USA,Government Effectiveness - Governance estimate (approx. -2.5 to +2.5),GOV_WGI_GE.EST,1.4026997,2020,Government Effectiveness,estimate
United States,USA,Government Effectiveness - Governance estimate (approx. -2.5 to +2.5),GOV_WGI_GE.EST,1.4427774,2021,Government Effectiveness,estimate
United States,USA,Government Effectiveness - Governance estimate (approx. -2.5 to +2.5),GOV_WGI_GE.EST,1.4427774,2021,Government Effectiveness,estimate
United States,USA,Government Effectiveness - Governance estimate (approx. -2.5 to +2.5),GOV_WGI_GE.EST,1.4713232,2022,Government Effectiveness,estimate
United States,USA,Government Effectiveness - Governance estimate (approx. -2.5 to +2.5),GOV_WGI_GE.EST,1.4713232,2022,Government Effectiveness,estimate
United States,USA,Government Effectiveness - Governance estimate (approx. -2.5 to +2.5),GOV_WGI_GE.EST,1.3585237,2023,Government Effectiveness,estimate
United States,USA,Government Effectiveness - Governance estimate (approx. -2.5 to +2.5),GOV_WGI_GE.EST,1.3585237,2023,Government Effectiveness,estimate
United States,USA,Government Effectiveness - Governance estimate (approx. -2.5 to +2.5),GOV_WGI_GE.EST,1.3599787,2024,Government Effectiveness,estimate
United States,USA,Government Effectiveness - Governance estimate (approx. -2.5 to +2.5),GOV_WGI_GE.EST,1.3599787,2024,Government Effectiveness,estimate
United States,USA,Government Effectiveness - Governance score (0-100),GOV_WGI_GE.SC,81.921098,2015,Government Effectiveness,score_0_100
United States,USA,Government Effectiveness - Governance score (0-100),GOV_WGI_GE.SC,81.921098,2015,Government Effectiveness,score_0_100
United States,USA,Government Effectiveness - Governance score (0-100),GOV_WGI_GE.SC,82.2968867,2016,Government Effectiveness,score_0_100
United States,USA,Government Effectiveness - Governance score (0-100),GOV_WGI_GE.SC,82.2968867,2016,Government Effectiveness,score_0_100
United States,USA,Government Effectiveness - Governance score (0-100),GOV_WGI_GE.SC,82.4298488,2017,Government Effectiveness,score_0_100
United States,USA,Government Effectiveness - Governance score (0-100),GOV_WGI_GE.SC,82.4298488,2017,Government Effectiveness,score_0_100
United States,USA,Government Effectiveness - Governance score (0-100),GOV_WGI_GE.SC,83.2803088,2018,Government Effectiveness,score_0_100
United States,USA,Government Effectiveness - Governance score (0-100),GOV_WGI_GE.SC,83.2803088,2018,Government Effectiveness,score_0_100
United States,USA,Government Effectiveness - Governance score (0-100),GOV_WGI_GE.SC,81.4636929,2019,Government Effectiveness,score_0_100
United States,USA,Government Effectiveness - Governance score (0-100),GOV_WGI_GE.SC,81.4636929,2019,Government Effectiveness,score_0_100
United States,USA,Government Effectiveness - Governance score (0-100),GOV_WGI_GE.SC,78.6145996,2020,Government Effectiveness,score_0_100
United States,USA,Government Effectiveness - Governance score (0-100),GOV_WGI_GE.SC,78.6145996,2020,Government Effectiveness,score_0_100
United States,USA,Government Effectiveness - Governance score (0-100),GOV_WGI_GE.SC,79.3938712,2021,Government Effectiveness,score_0_100
United States,USA,Government Effectiveness - Governance score (0-100),GOV_WGI_GE.SC,79.3938712,2021,Government Effectiveness,score_0_100
United States,USA,Government Effectiveness - Governance score (0-100),GOV_WGI_GE.SC,79.9489163,2022,Government Effectiveness,score_0_100
United States,USA,Government Effectiveness - Governance score (0-100),GOV_WGI_GE.SC,79.9489163,2022,Government Effectiveness,score_0_100
United States,USA,Government Effectiveness - Governance score (0-100),GOV_WGI_GE.SC,77.7556405,2023,Government Effectiveness,score_0_100
United States,USA,Government Effectiveness - Governance score (0-100),GOV_WGI_GE.SC,77.7556405,2023,Government Effectiveness,score_0_100
United States,USA,Government Effectiveness - Governance score (0-100),GOV_WGI_GE.SC,77.7839316,2024,Government Effectiveness,score_0_100
United States,USA,Government Effectiveness - Governance score (0-100),GOV_WGI_GE.SC,77.7839316,2024,Government Effectiveness,score_0_100
United States,USA,Political Stability - Governance estimate (approx. -2.5 to +2.5),GOV_WGI_PV.EST,0.6658794,2015,Political Stability,estimate
United States,USA,Political Stability - Governance estimate (approx. -2.5 to +2.5),GOV_WGI_PV.EST,0.6658794,2015,Political Stability,estimate
United States,USA,Political Stability - Governance estimate (approx. -2.5 to +2.5),GOV_WGI_PV.EST,0.3279152,2016,Political Stability,estimate
United States,USA,Political Stability - Governance estimate (approx. -2.5 to +2.5),GOV_WGI_PV.EST,0.3279152,2016,Political Stability,estimate
United States,USA,Political Stability - Governance estimate (approx. -2.5 to +2.5),GOV_WGI_PV.EST,0.1101294,2017,Political Stability,estimate
United States,USA,Political Stability - Governance estimate (approx. -2.5 to +2.5),GOV_WGI_PV.EST,0.1101294,2017,Political Stability,estimate
United States,USA,Political Stability - Governance estimate (approx. -2.5 to +2.5),GOV_WGI_PV.EST,0.2904961,2018,Political Stability,estimate
United States,USA,Political Stability - Governance estimate (approx. -2.5 to +2.5),GOV_WGI_PV.EST,0.2904961,2018,Political Stability,estimate
United States,USA,Political Stability - Governance estimate (approx. -2.5 to +2.5),GOV_WGI_PV.EST,0.0546375,2019,Political Stability,estimate
United States,USA,Political Stability - Governance estimate (approx. -2.5 to +2.5),GOV_WGI_PV.EST,0.0546375,2019,Political Stability,estimate
United States,USA,Political Stability - Governance estimate (approx. -2.5 to +2.5),GOV_WGI_PV.EST,-0.146807,2020,Political Stability,estimate
United States,USA,Political Stability - Governance estimate (approx. -2.5 to +2.5),GOV_WGI_PV.EST,-0.146807,2020,Political Stability,estimate
United States,USA,Political Stability - Governance estimate (approx. -2.5 to +2.5),GOV_WGI_PV.EST,-0.1264,2021,Political Stability,estimate
United States,USA,Political Stability - Governance estimate (approx. -2.5 to +2.5),GOV_WGI_PV.EST,-0.1264,2021,Political Stability,estimate
United States,USA,Political Stability - Governance estimate (approx. -2.5 to +2.5),GOV_WGI_PV.EST,-0.1626087,2022,Political Stability,estimate
United States,USA,Political Stability - Governance estimate (approx. -2.5 to +2.5),GOV_WGI_PV.EST,-0.1626087,2022,Political Stability,estimate
United States,USA,Political Stability - Governance estimate (approx. -2.5 to +2.5),GOV_WGI_PV.EST,-0.1931364,2023,Political Stability,estimate
United States,USA,Political Stability - Governance estimate (approx. -2.5 to +2.5),GOV_WGI_PV.EST,-0.1931364,2023,Political Stability,estimate
United States,USA,Political Stability - Governance estimate (approx. -2.5 to +2.5),GOV_WGI_PV.EST,-0.0951125,2024,Political Stability,estimate
United States,USA,Political Stability - Governance estimate (approx. -2.5 to +2.5),GOV_WGI_PV.EST,-0.0951125,2024,Political Stability,estimate
United States,USA,Political Stability - Governance score (0-100),GOV_WGI_PV.SC,77.2686791,2015,Political Stability,score_0_100
United States,USA,Political Stability - Governance score (0-100),GOV_WGI_PV.SC,77.2686791,2015,Political Stability,score_0_100
United States,USA,Political Stability - Governance score (0-100),GOV_WGI_PV.SC,71.4957097,2016,Political Stability,score_0_100
United States,USA,Political Stability - Governance score (0-100),GOV_WGI_PV.SC,71.4957097,2016,Political Stability,score_0_100
United States,USA,Political Stability - Governance score (0-100),GOV_WGI_PV.SC,67.7755797,2017,Political Stability,score_0_100
United States,USA,Political Stability - Governance score (0-100),GOV_WGI_PV.SC,67.7755797,2017,Political Stability,score_0_100
United States,USA,Political Stability - Governance score (0-100),GOV_WGI_PV.SC,70.8565316,2018,Political Stability,score_0_100
United States,USA,Political Stability - Governance score (0-100),GOV_WGI_PV.SC,70.8565316,2018,Political Stability,score_0_100
United States,USA,Political Stability - Governance score (0-100),GOV_WGI_PV.SC,66.8276892,2019,Political Stability,score_0_100
United States,USA,Political Stability - Governance score (0-100),GOV_WGI_PV.SC,66.8276892,2019,Political Stability,score_0_100
United States,USA,Political Stability - Governance score (0-100),GOV_WGI_PV.SC,63.3866948,2020,Political Stability,score_0_100
United States,USA,Political Stability - Governance score (0-100),GOV_WGI_PV.SC,63.3866948,2020,Political Stability,score_0_100
United States,USA,Political Stability - Governance score (0-100),GOV_WGI_PV.SC,63.735279,2021,Political Stability,score_0_100
United States,USA,Political Stability - Governance score (0-100),GOV_WGI_PV.SC,63.735279,2021,Political Stability,score_0_100
United States,USA,Political Stability - Governance score (0-100),GOV_WGI_PV.SC,63.1167764,2022,Political Stability,score_0_100
United States,USA,Political Stability - Governance score (0-100),GOV_WGI_PV.SC,63.1167764,2022,Political Stability,score_0_100
United States,USA,Political Stability - Governance score (0-100),GOV_WGI_PV.SC,62.5953145,2023,Political Stability,score_0_100
United States,USA,Political Stability - Governance score (0-100),GOV_WGI_PV.SC,62.5953145,2023,Political Stability,score_0_100
United States,USA,Political Stability - Governance score (0-100),GOV_WGI_PV.SC,64.2697196,2024,Political Stability,score_0_100
United States,USA,Political Stability - Governance score (0-100),GOV_WGI_PV.SC,64.2697196,2024,Political Stability,score_0_100
United States,USA,Rule of Law - Governance estimate (approx. -2.5 to +2.5),GOV_WGI_RL.EST,1.3770167,2015,Rule of Law,estimate
United States,USA,Rule of Law - Governance estimate (approx. -2.5 to +2.5),GOV_WGI_RL.EST,1.3770167,2015,Rule of Law,estimate
United States,USA,Rule of Law - Governance estimate (approx. -2.5 to +2.5),GOV_WGI_RL.EST,1.3971578,2016,Rule of Law,estimate
United States,USA,Rule of Law - Governance estimate (approx. -2.5 to +2.5),GOV_WGI_RL.EST,1.3971578,2016,Rule of Law,estimate
United States,USA,Rule of Law - Governance estimate (approx. -2.5 to +2.5),GOV_WGI_RL.EST,1.3200336,2017,Rule of Law,estimate
United States,USA,Rule of Law - Governance estimate (approx. -2.5 to +2.5),GOV_WGI_RL.EST,1.3200336,2017,Rule of Law,estimate
United States,USA,Rule of Law - Governance estimate (approx. -2.5 to +2.5),GOV_WGI_RL.EST,1.1721068,2018,Rule of Law,estimate
United States,USA,Rule of Law - Governance estimate (approx. -2.5 to +2.5),GOV_WGI_RL.EST,1.1721068,2018,Rule of Law,estimate
United States,USA,Rule of Law - Governance estimate (approx. -2.5 to +2.5),GOV_WGI_RL.EST,1.1235175,2019,Rule of Law,estimate
United States,USA,Rule of Law - Governance estimate (approx. -2.5 to +2.5),GOV_WGI_RL.EST,1.1235175,2019,Rule of Law,estimate
United States,USA,Rule of Law - Governance estimate (approx. -2.5 to +2.5),GOV_WGI_RL.EST,1.0043814,2020,Rule of Law,estimate
United States,USA,Rule of Law - Governance estimate (approx. -2.5 to +2.5),GOV_WGI_RL.EST,1.0043814,2020,Rule of Law,estimate
United States,USA,Rule of Law - Governance estimate (approx. -2.5 to +2.5),GOV_WGI_RL.EST,1.0279752,2021,Rule of Law,estimate
United States,USA,Rule of Law - Governance estimate (approx. -2.5 to +2.5),GOV_WGI_RL.EST,1.0279752,2021,Rule of Law,estimate
United States,USA,Rule of Law - Governance estimate (approx. -2.5 to +2.5),GOV_WGI_RL.EST,1.0518325,2022,Rule of Law,estimate
United States,USA,Rule of Law - Governance estimate (approx. -2.5 to +2.5),GOV_WGI_RL.EST,1.0518325,2022,Rule of Law,estimate
United States,USA,Rule of Law - Governance estimate (approx. -2.5 to +2.5),GOV_WGI_RL.EST,0.9606912,2023,Rule of Law,estimate
United States,USA,Rule of Law - Governance estimate (approx. -2.5 to +2.5),GOV_WGI_RL.EST,0.9606912,2023,Rule of Law,estimate
United States,USA,Rule of Law - Governance estimate (approx. -2.5 to +2.5),GOV_WGI_RL.EST,0.9617896,2024,Rule of Law,estimate
United States,USA,Rule of Law - Governance estimate (approx. -2.5 to +2.5),GOV_WGI_RL.EST,0.9617896,2024,Rule of Law,estimate
United States,USA,Rule of Law - Governance score (0-100),GOV_WGI_RL.SC,80.6641363,2015,Rule of Law,score_0_100
United States,USA,Rule of Law - Governance score (0-100),GOV_WGI_RL.SC,80.6641363,2015,Rule of Law,score_0_100
United States,USA,Rule of Law - Governance score (0-100),GOV_WGI_RL.SC,81.0107788,2016,Rule of Law,score_0_100
United States,USA,Rule of Law - Governance score (0-100),GOV_WGI_RL.SC,81.0107788,2016,Rule of Law,score_0_100
United States,USA,Rule of Law - Governance score (0-100),GOV_WGI_RL.SC,79.683417,2017,Rule of Law,score_0_100
United States,USA,Rule of Law - Governance score (0-100),GOV_WGI_RL.SC,79.683417,2017,Rule of Law,score_0_100
United States,USA,Rule of Law - Governance score (0-100),GOV_WGI_RL.SC,77.1374928,2018,Rule of Law,score_0_100
United States,USA,Rule of Law - Governance score (0-100),GOV_WGI_RL.SC,77.1374928,2018,Rule of Law,score_0_100
United States,USA,Rule of Law - Governance score (0-100),GOV_WGI_RL.SC,76.3012367,2019,Rule of Law,score_0_100
United States,USA,Rule of Law - Governance score (0-100),GOV_WGI_RL.SC,76.3012367,2019,Rule of Law,score_0_100
United States,USA,Rule of Law - Governance score (0-100),GOV_WGI_RL.SC,74.2508207,2020,Rule of Law,score_0_100
United States,USA,Rule of Law - Governance score (0-100),GOV_WGI_RL.SC,74.2508207,2020,Rule of Law,score_0_100
United States,USA,Rule of Law - Governance score (0-100),GOV_WGI_RL.SC,74.6568866,2021,Rule of Law,score_0_100
United States,USA,Rule of Law - Governance score (0-100),GOV_WGI_RL.SC,74.6568866,2021,Rule of Law,score_0_100
United States,USA,Rule of Law - Governance score (0-100),GOV_WGI_RL.SC,75.0674875,2022,Rule of Law,score_0_100
United States,USA,Rule of Law - Governance score (0-100),GOV_WGI_RL.SC,75.0674875,2022,Rule of Law,score_0_100
United States,USA,Rule of Law - Governance score (0-100),GOV_WGI_RL.SC,73.4988816,2023,Rule of Law,score_0_100
United States,USA,Rule of Law - Governance score (0-100),GOV_WGI_RL.SC,73.4988816,2023,Rule of Law,score_0_100
United States,USA,Rule of Law - Governance score (0-100),GOV_WGI_RL.SC,73.5177858,2024,Rule of Law,score_0_100
United States,USA,Rule of Law - Governance score (0-100),GOV_WGI_RL.SC,73.5177858,2024,Rule of Law,score_0_100
"Yemen, Rep.",YEM,Control of Corruption - Governance estimate (approx. -2.5 to +2.5),GOV_WGI_CC.EST,-1.4855019,2015,Control of Corruption,estimate
"Yemen, Rep.",YEM,Control of Corruption - Governance estimate (approx. -2.5 to +2.5),GOV_WGI_CC.EST,-1.4855019,2015,Control of Corruption,estimate
"Yemen, Rep.",YEM,Control of Corruption - Governance estimate (approx. -2.5 to +2.5),GOV_WGI_CC.EST,-1.6101168,2016,Control of Corruption,estimate
"Yemen, Rep.",YEM,Control of Corruption - Governance estimate (approx. -2.5 to +2.5),GOV_WGI_CC.EST,-1.6101168,2016,Control of Corruption,estimate
"Yemen, Rep.",YEM,Control of Corruption - Governance estimate (approx. -2.5 to +2.5),GOV_WGI_CC.EST,-1.5909747,2017,Control of Corruption,estimate
"Yemen, Rep.",YEM,Control of Corruption - Governance estimate (approx. -2.5 to +2.5),GOV_WGI_CC.EST,-1.5909747,2017,Control of Corruption,estimate
"Yemen, Rep.",YEM,Control of Corruption - Governance estimate (approx. -2.5 to +2.5),GOV_WGI_CC.EST,-1.7530313,2018,Control of Corruption,estimate
"Yemen, Rep.",YEM,Control of Corruption - Governance estimate (approx. -2.5 to +2.5),GOV_WGI_CC.EST,-1.7530313,2018,Control of Corruption,estimate
"Yemen, Rep.",YEM,Control of Corruption - Governance estimate (approx. -2.5 to +2.5),GOV_WGI_CC.EST,-1.7416979,2019,Control of Corruption,estimate
"Yemen, Rep.",YEM,Control of Corruption - Governance estimate (approx. -2.5 to +2.5),GOV_WGI_CC.EST,-1.7416979,2019,Control of Corruption,estimate
"Yemen, Rep.",YEM,Control of Corruption - Governance estimate (approx. -2.5 to +2.5),GOV_WGI_CC.EST,-1.5997174,2020,Control of Corruption,estimate
"Yemen, Rep.",YEM,Control of Corruption - Governance estimate (approx. -2.5 to +2.5),GOV_WGI_CC.EST,-1.5997174,2020,Control of Corruption,estimate
"Yemen, Rep.",YEM,Control of Corruption - Governance estimate (approx. -2.5 to +2.5),GOV_WGI_CC.EST,-1.5920705,2021,Control of Corruption,estimate
"Yemen, Rep.",YEM,Control of Corruption - Governance estimate (approx. -2.5 to +2.5),GOV_WGI_CC.EST,-1.5920705,2021,Control of Corruption,estimate
"Yemen, Rep.",YEM,Control of Corruption - Governance estimate (approx. -2.5 to +2.5),GOV_WGI_CC.EST,-1.6662798,2022,Control of Corruption,estimate
"Yemen, Rep.",YEM,Control of Corruption - Governance estimate (approx. -2.5 to +2.5),GOV_WGI_CC.EST,-1.6662798,2022,Control of Corruption,estimate
"Yemen, Rep.",YEM,Control of Corruption - Governance estimate (approx. -2.5 to +2.5),GOV_WGI_CC.EST,-1.6020865,2023,Control of Corruption,estimate
"Yemen, Rep.",YEM,Control of Corruption - Governance estimate (approx. -2.5 to +2.5),GOV_WGI_CC.EST,-1.6020865,2023,Control of Corruption,estimate
"Yemen, Rep.",YEM,Control of Corruption - Governance estimate (approx. -2.5 to +2.5),GOV_WGI_CC.EST,-1.6358786,2024,Control of Corruption,estimate
"Yemen, Rep.",YEM,Control of Corruption - Governance estimate (approx. -2.5 to +2.5),GOV_WGI_CC.EST,-1.6358786,2024,Control of Corruption,estimate
"Yemen, Rep.",YEM,Control of Corruption - Governance score (0-100),GOV_WGI_CC.SC,17.7859895,2015,Control of Corruption,score_0_100
"Yemen, Rep.",YEM,Control of Corruption - Governance score (0-100),GOV_WGI_CC.SC,17.7859895,2015,Control of Corruption,score_0_100
"Yemen, Rep.",YEM,Control of Corruption - Governance score (0-100),GOV_WGI_CC.SC,15.2635927,2016,Control of Corruption,score_0_100
"Yemen, Rep.",YEM,Control of Corruption - Governance score (0-100),GOV_WGI_CC.SC,15.2635927,2016,Control of Corruption,score_0_100
"Yemen, Rep.",YEM,Control of Corruption - Governance score (0-100),GOV_WGI_CC.SC,15.6510581,2017,Control of Corruption,score_0_100
"Yemen, Rep.",YEM,Control of Corruption - Governance score (0-100),GOV_WGI_CC.SC,15.6510581,2017,Control of Corruption,score_0_100
"Yemen, Rep.",YEM,Control of Corruption - Governance score (0-100),GOV_WGI_CC.SC,12.3707839,2018,Control of Corruption,score_0_100
"Yemen, Rep.",YEM,Control of Corruption - Governance score (0-100),GOV_WGI_CC.SC,12.3707839,2018,Control of Corruption,score_0_100
"Yemen, Rep.",YEM,Control of Corruption - Governance score (0-100),GOV_WGI_CC.SC,12.6001893,2019,Control of Corruption,score_0_100
"Yemen, Rep.",YEM,Control of Corruption - Governance score (0-100),GOV_WGI_CC.SC,12.6001893,2019,Control of Corruption,score_0_100
"Yemen, Rep.",YEM,Control of Corruption - Governance score (0-100),GOV_WGI_CC.SC,15.4740925,2020,Control of Corruption,score_0_100
"Yemen, Rep.",YEM,Control of Corruption - Governance score (0-100),GOV_WGI_CC.SC,15.4740925,2020,Control of Corruption,score_0_100
"Yemen, Rep.",YEM,Control of Corruption - Governance score (0-100),GOV_WGI_CC.SC,15.6288775,2021,Control of Corruption,score_0_100
"Yemen, Rep.",YEM,Control of Corruption - Governance score (0-100),GOV_WGI_CC.SC,15.6288775,2021,Control of Corruption,score_0_100
"Yemen, Rep.",YEM,Control of Corruption - Governance score (0-100),GOV_WGI_CC.SC,14.1267673,2022,Control of Corruption,score_0_100
"Yemen, Rep.",YEM,Control of Corruption - Governance score (0-100),GOV_WGI_CC.SC,14.1267673,2022,Control of Corruption,score_0_100
"Yemen, Rep.",YEM,Control of Corruption - Governance score (0-100),GOV_WGI_CC.SC,15.4261382,2023,Control of Corruption,score_0_100
"Yemen, Rep.",YEM,Control of Corruption - Governance score (0-100),GOV_WGI_CC.SC,15.4261382,2023,Control of Corruption,score_0_100
"Yemen, Rep.",YEM,Control of Corruption - Governance score (0-100),GOV_WGI_CC.SC,14.7421343,2024,Control of Corruption,score_0_100
"Yemen, Rep.",YEM,Control of Corruption - Governance score (0-100),GOV_WGI_CC.SC,14.7421343,2024,Control of Corruption,score_0_100
"Yemen, Rep.",YEM,Government Effectiveness - Governance estimate (approx. -2.5 to +2.5),GOV_WGI_GE.EST,-1.5567828,2015,Government Effectiveness,estimate
"Yemen, Rep.",YEM,Government Effectiveness - Governance estimate (approx. -2.5 to +2.5),GOV_WGI_GE.EST,-1.5567828,2015,Government Effectiveness,estimate
"Yemen, Rep.",YEM,Government Effectiveness - Governance estimate (approx. -2.5 to +2.5),GOV_WGI_GE.EST,-1.647243,2016,Government Effectiveness,estimate
"Yemen, Rep.",YEM,Government Effectiveness - Governance estimate (approx. -2.5 to +2.5),GOV_WGI_GE.EST,-1.647243,2016,Government Effectiveness,estimate
"Yemen, Rep.",YEM,Government Effectiveness - Governance estimate (approx. -2.5 to +2.5),GOV_WGI_GE.EST,-1.7355866,2017,Government Effectiveness,estimate
"Yemen, Rep.",YEM,Government Effectiveness - Governance estimate (approx. -2.5 to +2.5),GOV_WGI_GE.EST,-1.7355866,2017,Government Effectiveness,estimate
"Yemen, Rep.",YEM,Government Effectiveness - Governance estimate (approx. -2.5 to +2.5),GOV_WGI_GE.EST,-1.9357427,2018,Government Effectiveness,estimate
"Yemen, Rep.",YEM,Government Effectiveness - Governance estimate (approx. -2.5 to +2.5),GOV_WGI_GE.EST,-1.9357427,2018,Government Effectiveness,estimate
"Yemen, Rep.",YEM,Government Effectiveness - Governance estimate (approx. -2.5 to +2.5),GOV_WGI_GE.EST,-1.9649799,2019,Government Effectiveness,estimate
"Yemen, Rep.",YEM,Government Effectiveness - Governance estimate (approx. -2.5 to +2.5),GOV_WGI_GE.EST,-1.9649799,2019,Government Effectiveness,estimate
"Yemen, Rep.",YEM,Government Effectiveness - Governance estimate (approx. -2.5 to +2.5),GOV_WGI_GE.EST,-2.0039308,2020,Government Effectiveness,estimate
"Yemen, Rep.",YEM,Government Effectiveness - Governance estimate (approx. -2.5 to +2.5),GOV_WGI_GE.EST,-2.0039308,2020,Government Effectiveness,estimate
"Yemen, Rep.",YEM,Government Effectiveness - Governance estimate (approx. -2.5 to +2.5),GOV_WGI_GE.EST,-1.9786346,2021,Government Effectiveness,estimate
"Yemen, Rep.",YEM,Government Effectiveness - Governance estimate (approx. -2.5 to +2.5),GOV_WGI_GE.EST,-1.9786346,2021,Government Effectiveness,estimate
"Yemen, Rep.",YEM,Government Effectiveness - Governance estimate (approx. -2.5 to +2.5),GOV_WGI_GE.EST,-1.799293,2022,Government Effectiveness,estimate
"Yemen, Rep.",YEM,Government Effectiveness - Governance estimate (approx. -2.5 to +2.5),GOV_WGI_GE.EST,-1.799293,2022,Government Effectiveness,estimate
"Yemen, Rep.",YEM,Government Effectiveness - Governance estimate (approx. -2.5 to +2.5),GOV_WGI_GE.EST,-1.8878464,2023,Government Effectiveness,estimate
"Yemen, Rep.",YEM,Government Effectiveness - Governance estimate (approx. -2.5 to +2.5),GOV_WGI_GE.EST,-1.8878464,2023,Government Effectiveness,estimate
"Yemen, Rep.",YEM,Government Effectiveness - Governance estimate (approx. -2.5 to +2.5),GOV_WGI_GE.EST,-1.8727982,2024,Government Effectiveness,estimate
"Yemen, Rep.",YEM,Government Effectiveness - Governance estimate (approx. -2.5 to +2.5),GOV_WGI_GE.EST,-1.8727982,2024,Government Effectiveness,estimate
"Yemen, Rep.",YEM,Government Effectiveness - Governance score (0-100),GOV_WGI_GE.SC,21.0703626,2015,Government Effectiveness,score_0_100
"Yemen, Rep.",YEM,Government Effectiveness - Governance score (0-100),GOV_WGI_GE.SC,21.0703626,2015,Government Effectiveness,score_0_100
"Yemen, Rep.",YEM,Government Effectiveness - Governance score (0-100),GOV_WGI_GE.SC,19.3114526,2016,Government Effectiveness,score_0_100
"Yemen, Rep.",YEM,Government Effectiveness - Governance score (0-100),GOV_WGI_GE.SC,19.3114526,2016,Government Effectiveness,score_0_100
"Yemen, Rep.",YEM,Government Effectiveness - Governance score (0-100),GOV_WGI_GE.SC,17.5936979,2017,Government Effectiveness,score_0_100
"Yemen, Rep.",YEM,Government Effectiveness - Governance score (0-100),GOV_WGI_GE.SC,17.5936979,2017,Government Effectiveness,score_0_100
"Yemen, Rep.",YEM,Government Effectiveness - Governance score (0-100),GOV_WGI_GE.SC,13.7018587,2018,Government Effectiveness,score_0_100
"Yemen, Rep.",YEM,Government Effectiveness - Governance score (0-100),GOV_WGI_GE.SC,13.7018587,2018,Government Effectiveness,score_0_100
"Yemen, Rep.",YEM,Government Effectiveness - Governance score (0-100),GOV_WGI_GE.SC,13.13337,2019,Government Effectiveness,score_0_100
"Yemen, Rep.",YEM,Government Effectiveness - Governance score (0-100),GOV_WGI_GE.SC,13.13337,2019,Government Effectiveness,score_0_100
"Yemen, Rep.",YEM,Government Effectiveness - Governance score (0-100),GOV_WGI_GE.SC,12.3760079,2020,Government Effectiveness,score_0_100
"Yemen, Rep.",YEM,Government Effectiveness - Governance score (0-100),GOV_WGI_GE.SC,12.3760079,2020,Government Effectiveness,score_0_100
"Yemen, Rep.",YEM,Government Effectiveness - Governance score (0-100),GOV_WGI_GE.SC,12.8678677,2021,Government Effectiveness,score_0_100
"Yemen, Rep.",YEM,Government Effectiveness - Governance score (0-100),GOV_WGI_GE.SC,12.8678677,2021,Government Effectiveness,score_0_100
"Yemen, Rep.",YEM,Government Effectiveness - Governance score (0-100),GOV_WGI_GE.SC,16.3549894,2022,Government Effectiveness,score_0_100
"Yemen, Rep.",YEM,Government Effectiveness - Governance score (0-100),GOV_WGI_GE.SC,16.3549894,2022,Government Effectiveness,score_0_100
"Yemen, Rep.",YEM,Government Effectiveness - Governance score (0-100),GOV_WGI_GE.SC,14.6331553,2023,Government Effectiveness,score_0_100
"Yemen, Rep.",YEM,Government Effectiveness - Governance score (0-100),GOV_WGI_GE.SC,14.6331553,2023,Government Effectiveness,score_0_100
"Yemen, Rep.",YEM,Government Effectiveness - Governance score (0-100),GOV_WGI_GE.SC,14.9257528,2024,Government Effectiveness,score_0_100
"Yemen, Rep.",YEM,Government Effectiveness - Governance score (0-100),GOV_WGI_GE.SC,14.9257528,2024,Government Effectiveness,score_0_100
"Yemen, Rep.",YEM,Political Stability - Governance estimate (approx. -2.5 to +2.5),GOV_WGI_PV.EST,-2.5251461,2015,Political Stability,estimate
"Yemen, Rep.",YEM,Political Stability - Governance estimate (approx. -2.5 to +2.5),GOV_WGI_PV.EST,-2.5251461,2015,Political Stability,estimate
"Yemen, Rep.",YEM,Political Stability - Governance estimate (approx. -2.5 to +2.5),GOV_WGI_PV.EST,-2.6405037,2016,Political Stability,estimate
"Yemen, Rep.",YEM,Political Stability - Governance estimate (approx. -2.5 to +2.5),GOV_WGI_PV.EST,-2.6405037,2016,Political Stability,estimate
"Yemen, Rep.",YEM,Political Stability - Governance estimate (approx. -2.5 to +2.5),GOV_WGI_PV.EST,-2.7305026,2017,Political Stability,estimate
"Yemen, Rep.",YEM,Political Stability - Governance estimate (approx. -2.5 to +2.5),GOV_WGI_PV.EST,-2.7305026,2017,Political Stability,estimate
"Yemen, Rep.",YEM,Political Stability - Governance estimate (approx. -2.5 to +2.5),GOV_WGI_PV.EST,-2.7242925,2018,Political Stability,estimate
"Yemen, Rep.",YEM,Political Stability - Governance estimate (approx. -2.5 to +2.5),GOV_WGI_PV.EST,-2.7242925,2018,Political Stability,estimate
"Yemen, Rep.",YEM,Political Stability - Governance estimate (approx. -2.5 to +2.5),GOV_WGI_PV.EST,-2.6172209,2019,Political Stability,estimate
"Yemen, Rep.",YEM,Political Stability - Governance estimate (approx. -2.5 to +2.5),GOV_WGI_PV.EST,-2.6172209,2019,Political Stability,estimate
"Yemen, Rep.",YEM,Political Stability - Governance estimate (approx. -2.5 to +2.5),GOV_WGI_PV.EST,-2.656359,2020,Political Stability,estimate
"Yemen, Rep.",YEM,Political Stability - Governance estimate (approx. -2.5 to +2.5),GOV_WGI_PV.EST,-2.656359,2020,Political Stability,estimate
"Yemen, Rep.",YEM,Political Stability - Governance estimate (approx. -2.5 to +2.5),GOV_WGI_PV.EST,-2.6676713,2021,Political Stability,estimate
"Yemen, Rep.",YEM,Political Stability - Governance estimate (approx. -2.5 to +2.5),GOV_WGI_PV.EST,-2.6676713,2021,Political Stability,estimate
"Yemen, Rep.",YEM,Political Stability - Governance estimate (approx. -2.5 to +2.5),GOV_WGI_PV.EST,-2.6124577,2022,Political Stability,estimate
"Yemen, Rep.",YEM,Political Stability - Governance estimate (approx. -2.5 to +2.5),GOV_WGI_PV.EST,-2.6124577,2022,Political Stability,estimate
"Yemen, Rep.",YEM,Political Stability - Governance estimate (approx. -2.5 to +2.5),GOV_WGI_PV.EST,-2.6264387,2023,Political Stability,estimate
"Yemen, Rep.",YEM,Political Stability - Governance estimate (approx. -2.5 to +2.5),GOV_WGI_PV.EST,-2.6264387,2023,Political Stability,estimate
"Yemen, Rep.",YEM,Political Stability - Governance estimate (approx. -2.5 to +2.5),GOV_WGI_PV.EST,-2.7505641,2024,Political Stability,estimate
"Yemen, Rep.",YEM,Political Stability - Governance estimate (approx. -2.5 to +2.5),GOV_WGI_PV.EST,-2.7505641,2024,Political Stability,estimate
"Yemen, Rep.",YEM,Political Stability - Governance score (0-100),GOV_WGI_PV.SC,22.7608567,2015,Political Stability,score_0_100
"Yemen, Rep.",YEM,Political Stability - Governance score (0-100),GOV_WGI_PV.SC,22.7608567,2015,Political Stability,score_0_100
"Yemen, Rep.",YEM,Political Stability - Governance score (0-100),GOV_WGI_PV.SC,20.7903643,2016,Political Stability,score_0_100
"Yemen, Rep.",YEM,Political Stability - Governance score (0-100),GOV_WGI_PV.SC,20.7903643,2016,Political Stability,score_0_100
"Yemen, Rep.",YEM,Political Stability - Governance score (0-100),GOV_WGI_PV.SC,19.253039,2017,Political Stability,score_0_100
"Yemen, Rep.",YEM,Political Stability - Governance score (0-100),GOV_WGI_PV.SC,19.253039,2017,Political Stability,score_0_100
"Yemen, Rep.",YEM,Political Stability - Governance score (0-100),GOV_WGI_PV.SC,19.3591175,2018,Political Stability,score_0_100
"Yemen, Rep.",YEM,Political Stability - Governance score (0-100),GOV_WGI_PV.SC,19.3591175,2018,Political Stability,score_0_100
"Yemen, Rep.",YEM,Political Stability - Governance score (0-100),GOV_WGI_PV.SC,21.1880718,2019,Political Stability,score_0_100
"Yemen, Rep.",YEM,Political Stability - Governance score (0-100),GOV_WGI_PV.SC,21.1880718,2019,Political Stability,score_0_100
"Yemen, Rep.",YEM,Political Stability - Governance score (0-100),GOV_WGI_PV.SC,20.5195304,2020,Political Stability,score_0_100
"Yemen, Rep.",YEM,Political Stability - Governance score (0-100),GOV_WGI_PV.SC,20.5195304,2020,Political Stability,score_0_100
"Yemen, Rep.",YEM,Political Stability - Governance score (0-100),GOV_WGI_PV.SC,20.3262982,2021,Political Stability,score_0_100
"Yemen, Rep.",YEM,Political Stability - Governance score (0-100),GOV_WGI_PV.SC,20.3262982,2021,Political Stability,score_0_100
"Yemen, Rep.",YEM,Political Stability - Governance score (0-100),GOV_WGI_PV.SC,21.2694348,2022,Political Stability,score_0_100
"Yemen, Rep.",YEM,Political Stability - Governance score (0-100),GOV_WGI_PV.SC,21.2694348,2022,Political Stability,score_0_100
"Yemen, Rep.",YEM,Political Stability - Governance score (0-100),GOV_WGI_PV.SC,21.030617,2023,Political Stability,score_0_100
"Yemen, Rep.",YEM,Political Stability - Governance score (0-100),GOV_WGI_PV.SC,21.030617,2023,Political Stability,score_0_100
"Yemen, Rep.",YEM,Political Stability - Governance score (0-100),GOV_WGI_PV.SC,18.9103565,2024,Political Stability,score_0_100
"Yemen, Rep.",YEM,Political Stability - Governance score (0-100),GOV_WGI_PV.SC,18.9103565,2024,Political Stability,score_0_100
"Yemen, Rep.",YEM,Rule of Law - Governance estimate (approx. -2.5 to +2.5),GOV_WGI_RL.EST,-1.5231762,2015,Rule of Law,estimate
"Yemen, Rep.",YEM,Rule of Law - Governance estimate (approx. -2.5 to +2.5),GOV_WGI_RL.EST,-1.5231762,2015,Rule of Law,estimate
"Yemen, Rep.",YEM,Rule of Law - Governance estimate (approx. -2.5 to +2.5),GOV_WGI_RL.EST,-1.5674962,2016,Rule of Law,estimate
"Yemen, Rep.",YEM,Rule of Law - Governance estimate (approx. -2.5 to +2.5),GOV_WGI_RL.EST,-1.5674962,2016,Rule of Law,estimate
"Yemen, Rep.",YEM,Rule of Law - Governance estimate (approx. -2.5 to +2.5),GOV_WGI_RL.EST,-1.6596129,2017,Rule of Law,estimate
"Yemen, Rep.",YEM,Rule of Law - Governance estimate (approx. -2.5 to +2.5),GOV_WGI_RL.EST,-1.6596129,2017,Rule of Law,estimate
"Yemen, Rep.",YEM,Rule of Law - Governance estimate (approx. -2.5 to +2.5),GOV_WGI_RL.EST,-1.6852587,2018,Rule of Law,estimate
"Yemen, Rep.",YEM,Rule of Law - Governance estimate (approx. -2.5 to +2.5),GOV_WGI_RL.EST,-1.6852587,2018,Rule of Law,estimate
"Yemen, Rep.",YEM,Rule of Law - Governance estimate (approx. -2.5 to +2.5),GOV_WGI_RL.EST,-1.6661221,2019,Rule of Law,estimate
"Yemen, Rep.",YEM,Rule of Law - Governance estimate (approx. -2.5 to +2.5),GOV_WGI_RL.EST,-1.6661221,2019,Rule of Law,estimate
"Yemen, Rep.",YEM,Rule of Law - Governance estimate (approx. -2.5 to +2.5),GOV_WGI_RL.EST,-1.8223293,2020,Rule of Law,estimate
"Yemen, Rep.",YEM,Rule of Law - Governance estimate (approx. -2.5 to +2.5),GOV_WGI_RL.EST,-1.8223293,2020,Rule of Law,estimate
"Yemen, Rep.",YEM,Rule of Law - Governance estimate (approx. -2.5 to +2.5),GOV_WGI_RL.EST,-1.8471399,2021,Rule of Law,estimate
"Yemen, Rep.",YEM,Rule of Law - Governance estimate (approx. -2.5 to +2.5),GOV_WGI_RL.EST,-1.8471399,2021,Rule of Law,estimate
"Yemen, Rep.",YEM,Rule of Law - Governance estimate (approx. -2.5 to +2.5),GOV_WGI_RL.EST,-1.9100257,2022,Rule of Law,estimate
"Yemen, Rep.",YEM,Rule of Law - Governance estimate (approx. -2.5 to +2.5),GOV_WGI_RL.EST,-1.9100257,2022,Rule of Law,estimate
"Yemen, Rep.",YEM,Rule of Law - Governance estimate (approx. -2.5 to +2.5),GOV_WGI_RL.EST,-1.9069106,2023,Rule of Law,estimate
"Yemen, Rep.",YEM,Rule of Law - Governance estimate (approx. -2.5 to +2.5),GOV_WGI_RL.EST,-1.9069106,2023,Rule of Law,estimate
"Yemen, Rep.",YEM,Rule of Law - Governance estimate (approx. -2.5 to +2.5),GOV_WGI_RL.EST,-1.9015896,2024,Rule of Law,estimate
"Yemen, Rep.",YEM,Rule of Law - Governance estimate (approx. -2.5 to +2.5),GOV_WGI_RL.EST,-1.9015896,2024,Rule of Law,estimate
"Yemen, Rep.",YEM,Rule of Law - Governance score (0-100),GOV_WGI_RL.SC,30.7497767,2015,Rule of Law,score_0_100
"Yemen, Rep.",YEM,Rule of Law - Governance score (0-100),GOV_WGI_RL.SC,30.7497767,2015,Rule of Law,score_0_100
"Yemen, Rep.",YEM,Rule of Law - Governance score (0-100),GOV_WGI_RL.SC,29.9869983,2016,Rule of Law,score_0_100
"Yemen, Rep.",YEM,Rule of Law - Governance score (0-100),GOV_WGI_RL.SC,29.9869983,2016,Rule of Law,score_0_100
"Yemen, Rep.",YEM,Rule of Law - Governance score (0-100),GOV_WGI_RL.SC,28.4016052,2017,Rule of Law,score_0_100
"Yemen, Rep.",YEM,Rule of Law - Governance score (0-100),GOV_WGI_RL.SC,28.4016052,2017,Rule of Law,score_0_100
"Yemen, Rep.",YEM,Rule of Law - Governance score (0-100),GOV_WGI_RL.SC,27.9602229,2018,Rule of Law,score_0_100
"Yemen, Rep.",YEM,Rule of Law - Governance score (0-100),GOV_WGI_RL.SC,27.9602229,2018,Rule of Law,score_0_100
"Yemen, Rep.",YEM,Rule of Law - Governance score (0-100),GOV_WGI_RL.SC,28.2895772,2019,Rule of Law,score_0_100
"Yemen, Rep.",YEM,Rule of Law - Governance score (0-100),GOV_WGI_RL.SC,28.2895772,2019,Rule of Law,score_0_100
"Yemen, Rep.",YEM,Rule of Law - Governance score (0-100),GOV_WGI_RL.SC,25.6011415,2020,Rule of Law,score_0_100
"Yemen, Rep.",YEM,Rule of Law - Governance score (0-100),GOV_WGI_RL.SC,25.6011415,2020,Rule of Law,score_0_100
"Yemen, Rep.",YEM,Rule of Law - Governance score (0-100),GOV_WGI_RL.SC,25.1741336,2021,Rule of Law,score_0_100
"Yemen, Rep.",YEM,Rule of Law - Governance score (0-100),GOV_WGI_RL.SC,25.1741336,2021,Rule of Law,score_0_100
"Yemen, Rep.",YEM,Rule of Law - Governance score (0-100),GOV_WGI_RL.SC,24.0918247,2022,Rule of Law,score_0_100
"Yemen, Rep.",YEM,Rule of Law - Governance score (0-100),GOV_WGI_RL.SC,24.0918247,2022,Rule of Law,score_0_100
"Yemen, Rep.",YEM,Rule of Law - Governance score (0-100),GOV_WGI_RL.SC,24.1454378,2023,Rule of Law,score_0_100
"Yemen, Rep.",YEM,Rule of Law - Governance score (0-100),GOV_WGI_RL.SC,24.1454378,2023,Rule of Law,score_0_100
"Yemen, Rep.",YEM,Rule of Law - Governance score (0-100),GOV_WGI_RL.SC,24.237016,2024,Rule of Law,score_0_100
"Yemen, Rep.",YEM,Rule of Law - Governance score (0-100),GOV_WGI_RL.SC,24.237016,2024,Rule of Law,score_0_100
